wallet,source_url,title,is_security_fix,silent_fix_prob,vuln_class,reason,mechanism
backpack,https://github.com/coral-xyz/backpack/pull/321,wallet adapter integration fixes,1,0.85,transport,"Fixes origin approval bypass where the deny button called onCompletion (approve) and handleConnect always returned success regardless of user choice, allowing a malicious dapp to gain connection autho",authorization-check
safe-react,https://github.com/5afe/safe-react/pull/2308,[Spending Limit] Integration PR,1,0.72,contract,"Removes DELEGATE_CALL operations from spending limit module transactions, preventing the module's code from executing in the Safe's storage context which could corrupt Safe ownership/threshold storage",authorization-check
zerodev-kernel,https://github.com/zerodevapp/kernel/commit/3ec9fcd239454e6f97a8dfd2a6b175d489d50795,fix: audit batch 1 - 3 HIGH / 1 MEDIUM / 3 LOW (kernel side) (#54),1,0.85,contract,"Fixes validation bypasses in a smart account kernel — nonce default-deny, returndata/code checks, module-type permission filtering, and root validation installation — all directly preventing unauthori",authorization-check
bitgo,https://github.com/BitGo/BitGoJS/pull/7122,"fix: mitigate CVE-2024-48930 by validating secp256k1 curve points, enforce secp256k1 v5.0.1",1,0.9,key_material,Adds secp256k1 curve point validation to ECDH shared secret computation to mitigate an invalid-curve attack (CVE-2024-48930) that could leak private key material.,curve-point-validation
bitgo,https://github.com/BitGo/BitGoJS/pull/7066,DX-1549-Resolved-BigInt-Buffer-Vulnerability,1,0.65,supply_chain,Replaces a vulnerable bigint-buffer dependency (high-severity buffer overflow GHSA-3gc7-fjrx-p6mg) in the Solana SDK custody path and adds a runtime bounds/type guard in the wallet's own code to preve,dependency-supply-chain
zcash,https://github.com/zcash/zcash/pull/888,"Implementation and integration of ECIES replacement ""NoteEncryption""",1,0.8,supply_chain,"Removes the crypto++ dependency whose build script explicitly noted a supply chain security bug by failing to verify the archive hash, and replaces the ECIES encryption scheme with a new IND-CCA2-secu",dependency-supply-chain
safe-wallet,https://github.com/safe-global/safe-wallet-monorepo/pull/7838,chore: pin GitHub Actions to commit SHAs,1,0.65,supply_chain,"Pinning mutable GitHub Actions tags to immutable commit SHAs hardens the CI build channel against supply-chain compromise (e.g., CVE-2025-30066), preventing a compromised maintainer from injecting mal",dependency-supply-chain
bitcoinjs-lib,https://github.com/bitcoinjs/bitcoinjs-lib/commit/d7c2e4d5a5e75029fc9ff22dc2cb50e08508a3b4,Uses low 's' values for signatures,1,0.85,signing,"Adds low-s normalization to ECDSA signatures to prevent signature malleability per BIP-62, a custody-relevant signing-path fix.",encoding-canonicalization
electrum,https://github.com/spesmilo/electrum/commit/07c80d2ca14b54f2c41c81fbcbaa8b7e4b3e42ef,ecc: ecdsa_verify to enforce low-S rule,1,0.72,signing,"Enforces the low-S rule on ECDSA verification to reject malleable signatures from untrusted sources (e.g., LN peers), preventing signature malleability issues that can break transaction confirmation t",encoding-canonicalization
electrum,https://github.com/spesmilo/electrum/commit/d68042e76e3f194c9ec43524a7f79844a4703ce7,enforece low S value in signatures (per BIP62),1,0.85,signing,"Enforces low-S signature values per BIP62 to prevent signature malleability, a custody-relevant signing-path fix.",encoding-canonicalization
electrum,https://github.com/spesmilo/electrum/commit/5b88b8667ee794d58fb8c78feef57be783ecf062,"also grind ecdsa low R when using libsecp256k1, and fix tests",1,0.6,signing,"Adds low-R grinding to the libsecp256k1 fast signing path that was missing it (while the slow path already had it), fixing a signature malleability inconsistency where signatures produced via the fast",encoding-canonicalization
bitbox02,https://github.com/BitBoxSwiss/bitbox02-firmware/commit/01c017d6f78c132a1e0d740133ea067f977ea344,Validate mounted FAT geometry,1,0.85,platform,"Adds validation of mounted FAT filesystem geometry to reject crafted BPB values that exploit an integer-wrap in FatFs (CVE-2026-6682), preventing an attacker-supplied SD card from corrupting or misdir",input-bounds-parsing
imtoken-tokencore2,https://github.com/consenlabs/token-core-monorepo/pull/183,fix: fix BTC message signing compatibility in imkey-core,1,0.6,signing,Fixes a lexicographical version comparison bug that could cause the wrong BTC message signing path to be selected for certain applet versions.,input-bounds-parsing
keystone3,https://github.com/KeystoneHQ/keystone3-firmware/pull/2209,Sync Zcash integration branch with master,1,0.85,firmware,"The diff adds bounds validation on bootLen in the bootloader flash-update path and adds buffer-overflow guards in the fingerprint ISR receive handler, both preventing out-of-bounds writes in security-",input-bounds-parsing
keystone3,https://github.com/KeystoneHQ/keystone3-firmware/pull/2024,Fix buffer overflow,1,0.75,firmware,"Adds a bounds check on a USB descriptor field to prevent a buffer overflow reachable by a malicious USB device, which on a hardware wallet MCU could corrupt memory and threaten key material.",input-bounds-parsing
passkey-kit,https://github.com/kalepail/passkey-kit/commit/b5238baa6877477542df20eac586f554da19c546,"fix(sdk): F1b code-review gate — H2 eviction probe, M1/M2, LOW hardening",1,0.72,signing,"The diff fixes the signer-status eviction probe (which queried the wrong ledger key, causing all live temporary signers to be falsely marked evicted) and the SignerVal limits decoder (which mis-iterat",input-bounds-parsing
specter,https://github.com/cryptoadvance/specter-desktop/commit/08b63f8193e5029bc33a19702f346c2cf0c1fa41,Security: CVE-2007-4559 Patch (#1927),1,0.8,platform,"Patches a path traversal vulnerability (CVE-2007-4559) in the wallet's own tarfile extraction logic, preventing arbitrary file writes that could lead to code execution or key compromise.",input-bounds-parsing
zcash,https://github.com/zcash/zcash/commit/812d0ac44bf99df7f07f8322adcf3f87e281d802,Fix of CVE-2017-18350,1,0.85,memory,"Fixes CVE-2017-18350: a signed-char-to-int conversion in SOCKS5 proxy response parsing could cause a negative length value, leading to a buffer overflow reachable from a malicious proxy server, potent",input-bounds-parsing
cake-wallet,https://github.com/cake-tech/cake_wallet/pull/1424,fix backward compatibility issue with existing electrum wallets,1,0.65,key_material,"Fixes incorrect BIP-32 derivation for Electrum wallets where mainHd was wrongly derived from the seed via a path instead of using the seed directly, which could cause users to lose access to funds at ",key-derivation-storage
status-go,https://github.com/status-im/status-go/pull/858,Full wallet compatibility,1,0.75,key_material,"Fixes non-standard BIP-39/BIP-32 key derivation by replacing the custom 'status-im' mnemonic salt and variable HMAC salt with the spec-mandated 'mnemonic' and 'Bitcoin seed' constants, preventing user",key-derivation-storage
sparrow,https://github.com/sparrowwallet/sparrow/commit/32a35ed2c06c0e7a19d78ef3cd2cc562e41e0b38,add bip32 derivation fallback when retreiving signing nodes for high-index inputs,1,0.65,key_material,"Adds a BIP-32 derivation fallback for high-index inputs when retrieving signing nodes, fixing a path where key derivation for signing could fail or produce incorrect results, which is custody-relevant",key-derivation-storage
bitcoin-core,https://github.com/bitcoin/bitcoin/pull/18427,Bugfix? Restore linking to libmingwthrd,1,0.65,key_material,"Restores linking to libmingwthrd to ensure thread-safe stdlib on MinGW builds, preventing the weak-RNG condition that caused CVE-2012-1910 (predictable key generation on Windows).",nonce-or-randomness
bitcoin-core,https://github.com/bitcoin/bitcoin/pull/33788,[29.x] Backport fixes for CVE-2025-46598,1,0.65,signing,"Backport of CVE-2025-46598 fixes touching the signer subsystem, a custody-relevant signing path, even though the visible diff portion only shows build/CI/config changes.",other
electrum,https://github.com/spesmilo/electrum/commit/3d3907429422bdc053c94b260a9891fcdf13f9da,verifier.py: fix CVE-2012-2459: reject left-sibling duplicates,1,0.72,other,"Adds a left-sibling-duplicate check to SPV merkle verification (CVE-2012-2459), preventing a hostile RPC node from forging a merkle proof that could trick the wallet into believing a phantom transacti",protocol-counterparty
metamask,https://github.com/MetaMask/metamask-extension/pull/17521,Update SES Version - Vulnerability Fix,1,0.8,platform,Updates the wallet's SES lockdown initialization code to fix a prototype pollution / lockdown bypass vulnerability in the runtime security boundary.,privilege-isolation
aptos,https://github.com/aptos-labs/aptos-core/pull/19068,Various aptos-dkg edits,1,0.9,mpc,"Removes panic-prone `expect`/`assert` calls in DKG/PVSS `chunky` verification code and replaces them with proper error handling, explicitly referencing security advisory GHSA-c7q6-cf5c-8xxr to close a",other
bitcoin-core,https://github.com/bitcoin/bitcoin/commit/1ed799fb21db51a12cbd5579420a61b9b5b3ee7d,validation: correct lifetime of precomputed tx data,1,0.9,memory,"Fixes a use-after-free (CVE-2024-52911) in block validation where a crafted invalid block causes nodes to read freed memory, a memory-corruption bug reachable from untrusted peer input that could lead",other
brave-wallet,https://github.com/brave/brave-core/pull/14096,Move Solana ledger integration to untrusted iframe,1,0.72,platform,"Isolates Ledger hardware wallet JS libraries (which handle signing/key communication) into an untrusted iframe, preventing a compromised or vulnerable library from executing in the privileged wallet p",privilege-isolation
brave-wallet,https://github.com/brave/brave-core/pull/33824,Address GHSA-43fc-jf86-j433 (uplift to 1.88.x),1,0.8,other,The PR uplifts a fix for a GitHub Security Advisory (GHSA-43fc-jf86-j433) and touches security-sensitive subsystems like crypto and signer.,other
brave-wallet,https://github.com/brave/brave-core/pull/30122,fix https://github.com/advisories/GHSA-76c9-3jph-rj3q (uplift to 1.80.x),1,0.6,other,"The PR title explicitly references fixing GitHub security advisory GHSA-76c9-3jph-rj3q and touches crypto/signer subsystems, though the visible diff only shows CODEOWNERS changes with the actual fix l",other
brave-wallet,https://github.com/brave/brave-core/pull/30121,fix https://github.com/advisories/GHSA-76c9-3jph-rj3q (uplift to 1.81.x),1,0.82,signing,"The PR title explicitly references fixing GitHub Security Advisory GHSA-76c9-3jph-rj3q and the structural context confirms crypto/signer subsystems are touched, indicating a vulnerability fix being up",other
brave-wallet,https://github.com/brave/brave-core/pull/28092,address GHSA-jr5f-v2jv-69x6 (uplift to 1.76.x),1,0.72,other,"The PR title explicitly references GitHub Security Advisory GHSA-jr5f-v2jv-69x6 and is an uplift of a security fix to the 1.76.x branch, though the actual security-relevant code is in the truncated po",other
brave-wallet,https://github.com/brave/brave-core/pull/14373,Move Ethereum Ledger integration in untrusted iframe,1,0.65,platform,"Moves Ledger Ethereum interaction libraries (which process untrusted signing requests and device communication) into an untrusted iframe context, hardening the isolation boundary so a compromised Ledg",privilege-isolation
brave-wallet,https://github.com/brave/brave-core/pull/14332,Move Solana Ledger integration to untrusted iframe (uplift to 1.42.x),1,0.65,transport,Moves Solana Ledger hardware wallet integration into an untrusted iframe to isolate signing communication from potentially malicious web content.,privilege-isolation
eclair,https://github.com/ACINQ/eclair/pull/51,Added integration tests on htlc relaying in on-chain scenarios,1,0.6,other,"Fixes a preimage extraction bug from the blockchain and concurrent parent-children tx publishing issues, both of which could cause the Lightning node to miss HTLC claim windows and lose funds.",protocol-counterparty
electrum,https://github.com/spesmilo/electrum/pull/4895,plugins/digitalbitbox: compatibility with firmware v5.0.0,1,0.78,transport,"Adds HMAC authentication to the encrypted USB communication channel with the Digital Bitbox hardware wallet, preventing bit-flipping/tampering attacks on signing requests and responses that previously",transport-encryption
metamask-mobile,https://github.com/MetaMask/metamask-mobile/pull/8160,[cherry-pick] fix: PPOMController related issues in blockaid integration (#8085),1,0.65,ui_deception,"Fixes PPOMController storage crash in Blockaid phishing-detection integration, which if triggered by untrusted transaction input would bypass malicious-transaction warnings and expose users to approvi",other
trust-provider,https://github.com/trustwallet/trust-web3-provider/pull/102,Improve eth_sign compatibility,1,0.7,signing,"Routes UTF-8 message signing requests to signPersonalMessage (EIP-191 prefixed) instead of raw eth_sign, preventing signatures over arbitrary hashes that could be replayed as transactions.",replay-scope
wallet-core,https://github.com/trustwallet/wallet-core/pull/4299,fix(xrp): Fix Ripple.proto Kotlin compatibility,1,0.65,signing,"Ripple transaction parameters (destination_tag, source_tag, flags, escrow timestamps) were corrupted by Kotlin's signed-integer overflow on uint32 proto fields, causing the wallet to sign transactions",type-state-consistency
zeus,https://github.com/ZeusLN/zeus/pull/1305,LNURL-auth: LNDHub: compatibility mode for Alby and BlueWallet,1,0.82,key_material,"The old LndHub lnurlAuth returned the user's plaintext LNDHub credentials (username:password) as the auth signature to any service, leaking key material to untrusted LNURL-auth endpoints; the fix deri",key-derivation-storage
metamask-mobile,https://github.com/MetaMask/metamask-mobile/commit/9c39bb6b77f5e62d1d141831a9f46d8d0bf47ed6,fix: setApprovalForAll nonce too low (#13142),1,0.65,approval,"Fixes a regression in setApprovalForAll transaction review where the nested transaction object (carrying the correct nonce) was not destructured, restoring proper approval-transaction construction tha",type-state-consistency
monero-gui,https://github.com/monero-project/monero-gui/pull/3914,main: disable setting -platformpluginpath,1,0.9,platform,"Disables the -platformpluginpath argument to prevent arbitrary code execution via malicious Qt plugins (CVE-2021-3401), which could lead to key material theft.",code-injection-context
status-mobile,https://github.com/status-im/status-legacy/pull/9952,fixes ENS to new registry,1,0.85,ui_deception,"Updates the ENS registry address to the new secure registry (GHSA-8f9f-pc5v-9r5h), preventing the wallet from resolving names against the old vulnerable registry which could return spoofed addresses a",protocol-counterparty
uniswap-interface,https://github.com/Uniswap/interface/pull/7217,Patch for CVE-2023-39027 (Insecure Permissions Vulnerability in Uniswap Interface),1,0.9,platform,"The diff removes 'unsafe-inline' from the Content Security Policy script-src directive, mitigating DOM-based XSS vulnerabilities that could allow code execution and compromise wallet custody.",code-injection-context
zeus,https://github.com/ZeusLN/zeus/commit/c456a70d61341f96b25f7e10907e2c6521f8afda,replace elliptic with @noble/secp256k1 (CVE-2025-14505),1,0.8,signing,Replaces a vulnerable cryptographic signing library (elliptic) with a secure one (@noble/secp256k1) in the wallet's own signing path to remediate a CVE.,dependency-supply-chain
bitcoin-core,https://github.com/bitcoin/bitcoin/pull/13479,contrib: Fix CVE-2018-12356 by hardening the regex,1,0.8,signing,Anchors the GPG signature verification regex to the start of the line to prevent signature spoofing (CVE-2018-12356) where an attacker could inject a fake VALIDSIG status line.,signature-verification-gap
electrum,https://github.com/spesmilo/electrum/pull/6199,plugins/bitbox02: fix compatibility with bitbox02-3.0.0,1,0.85,signing,"The fix requires the full previous transaction (prev_tx) to be present and passes its complete inputs/outputs/version/locktime to the BitBox02 device during signing, eliminating a blind-signing path w",signature-verification-gap
onekey-app,https://github.com/OneKeyHQ/app-monorepo/pull/9336,fix: improve Hyperliquid SDK compatibility and perps i18n message handling OK-47453 OK-47475 OK-47653,1,0.6,signing,"The approveAgent signature extraction previously read `type` and `signatureChainId` from unsigned fields in the SDK response, which could be tampered with by a hostile source; the fix replaces them wi",signature-verification-gap
rabby,https://github.com/RabbyHub/Rabby/pull/721,fix: compatibility issue when use Ledger on Gnosis Safe website,1,0.75,signing,"Adds a guard that rejects Ledger typed-data signing requests for non-v4 formats, preventing a scenario where a malicious dapp could cause the Ledger to sign over data interpreted differently than what",signed-differs-from-shown
metamask,https://github.com/MetaMask/metamask-extension/pull/13131,Refactor token send/method confirmation flow,1,0.8,ui_deception,"The diff refactors the transaction confirmation flow to correctly fetch and display token/NFT details (including ERC721/ERC1155 standards) and adds UI warnings for asset access/spending, fixing a UI d",signed-differs-from-shown
onekey-app,https://github.com/OneKeyHQ/app-monorepo/commit/08cf34093c3f48cb0b2bfe8f6bfc22688780e013,"fix(send): medium priority send UI fixes (OK-52550, OK-52559, OK-52668, OK-52669, OK-52673, OK-52681, OK-52682, OK-52683",1,0.65,ui_deception,"Adds strict validation of XRP destination tags to prevent silent Number() coercion (e.g. '0x10'→16, '1e2'→100) that could cause a user to sign a transaction with a wrong-but-valid destination tag, res",signed-differs-from-shown
bitgo,https://github.com/BitGo/BitGoJS/pull/8236,fix: resolve hashgraph vulnerability,0,0.25,supply_chain,This is a third-party dependency bump (@hashgraph/proto and long) with mechanical import-style adaptations; the wallet's own code has no custody-relevant defect being repaired.,dependency-supply-chain
bitgo,https://github.com/BitGo/BitGoJS/pull/4370,fix(root): web3-utils vulnerability,0,0.2,supply_chain,"This is a third-party dependency bump for web3-utils to address an upstream advisory, with no changes to the wallet's own code.",dependency-supply-chain
bitgo,https://github.com/BitGo/BitGoJS/pull/4797,feat(root): upgrade commitlint to fix semver vulnerability,0,0.05,supply_chain,"This is a dev-tooling dependency bump (commitlint) that does not touch any wallet runtime, key, signing, or custody-relevant code path.",dependency-supply-chain
bitgo,https://github.com/BitGo/BitGoJS/commit/d35616e88f5c0b92c6c99fd2ca8d78888cc43730,build: address Serialize-JavaScript XSS vulnerability GHSA-76p7-773f-r4q5,0,0.1,none,"This is a third-party dependency bump to address a CVE, which does not represent a defect in the wallet's own custody-relevant code.",dependency-supply-chain
bitgo,https://github.com/BitGo/BitGoJS/pull/7029,fix(deps): resolve tar DoS vulnerability GHSA-f5x3-32g6-xq36,0,0.1,none,"This is a third-party dependency bump for the tar package to fix a DoS CVE, not a fix to the wallet's own custody-relevant code.",dependency-supply-chain
bitgo,https://github.com/BitGo/BitGoJS/pull/8409,chore: fix lodash vulnerability,0,0.05,none,This is a third-party dependency version bump for lodash across package.json files; the wallet's own code has no defect being repaired.,dependency-supply-chain
bitgo,https://github.com/BitGo/BitGoJS/pull/7064,fix: resolve store2 vulnerability via yarn resolution,0,0.15,supply_chain,"This is a dependency resolution bump for a transitive store2 XSS CVE with no direct usage in the wallet's own code, so the wallet itself has no defect being repaired.",dependency-supply-chain
bitgo,https://github.com/BitGo/BitGoJS/commit/78989907c740574710c387a82ec49a89c0d81dc1,fix(root): pin postcss to 8.5.12 to address CVE-2026-45623,0,0.15,none,"This is a third-party dependency version pin to address a CVE in postcss, which the wallet's own code does not have a defect for.",dependency-supply-chain
bitgo,https://github.com/BitGo/BitGoJS/pull/7645,fix: GHSA-vqpr-j7v3-hqw9 CVE-2025-66020,0,0.1,none,"The diff only contains TypeScript type refactors (ArrayBuffer to ArrayBufferLike) and a third-party dependency bump for valibot, with no added validation or guards in the wallet's own custody-relevant",dependency-supply-chain
bitgo,https://github.com/BitGo/BitGoJS/commit/45f6e059dd3b09ffbcefafef6a76460a5f8fa81c,fix(deps): pin axios to 1.15.0 for CVE-2025-62718,0,0.15,supply_chain,"This is a third-party dependency version bump for a CVE fix, not a defect in the wallet's own custody-relevant code.",dependency-supply-chain
bitgo,https://github.com/BitGo/BitGoJS/commit/0c8d59e560fd888d16aa46472053adcc26a7caa1,chore: add minimatch CVE-2026-26996 to audit exclusions,0,0.05,none,"This is an audit-config change excluding a dev-time ReDoS CVE in a transitive build/test dependency, not a fix to the wallet's own custody-relevant code.",dependency-supply-chain
bitgo,https://github.com/BitGo/BitGoJS/commit/336d77182db207c3d8ff285a34c72fb8f45c963e,fix(root): patch CVE-2022-46175,0,0.05,supply_chain,"This is a third-party dependency bump to patch a CVE in json5, which the rules explicitly classify as an ordinary change since the wallet's own code has no defect.",dependency-supply-chain
bitgo,https://github.com/BitGo/BitGoJS/commit/50148c69cf715b8374e8c8c790a24717b942f81b,CT-625: Upgrade lodash packages for CVE-2019-10744 fix,0,0.15,none,"This is a third-party dependency bump for lodash to pick up a CVE fix, not a defect in the wallet's own custody-relevant code.",dependency-supply-chain
cosmjs,https://github.com/cosmos/cosmjs/commit/6cfedd523381641a3bf04d0808e9872cb21632b4,chore(deps): Fix security vulnerabilities reported by yarn audit,0,0.15,supply_chain,"This is a dependency version bump via yarn resolutions and PnP config updates, not a fix to the wallet's own code, so per the threat model it is an ordinary dep bump even though the upstream advisorie",dependency-supply-chain
dfns-sdk,https://github.com/dfns/dfns-sdk-ts/pull/307,chore(deps): bump react-router and react-router-dom in /examples/sdk/auth-delegated-key-credential/web,0,0.05,none,"This is a routine dependency version bump for react-router/react-router-dom in an example app's package files, with no changes to the wallet's own custody-relevant code.",dependency-supply-chain
metamask-mobile,https://github.com/MetaMask/metamask-mobile/commit/9fe2df2fa90e9e84de64ea1b1a6db9316cf1ad43,deps/security: vm2@3.9.11->3.9.17 (#6238),0,0.1,none,"This is a third-party dependency bump for a CVE, which the rules explicitly classify as an ordinary change since the wallet's own code has no defect.",dependency-supply-chain
metamask-mobile,https://github.com/MetaMask/metamask-mobile/commit/95867cd5ec7fdf80072947693c753f275222023c,deps/security: vm2@3.9.11->3.9.15 (#6150),0,0.1,none,"This is a third-party dependency bump (vm2) to address a CVE, which per the threat model is an ordinary change since the wallet's own code has no defect.",dependency-supply-chain
metamask-sdk,https://github.com/MetaMask/metamask-sdk/pull/1111,fix: potential security issue with secp256k1,0,0.2,none,"The diff only bumps third-party dependencies (secp256k1, eciesjs) without changing the wallet's own code, which per the threat model is not classified as a security fix.",dependency-supply-chain
metamask-snaps,https://github.com/MetaMask/snaps/pull/1631,"Bump semver to ensure signed provenance, CVE fix",0,0.12,supply_chain,This is a third-party dependency version bump for semver to pick up a CVE fix and signed provenance; the wallet's own code has no defect being repaired here.,dependency-supply-chain
metamask,https://github.com/MetaMask/metamask-extension/pull/39015,chore(security): Set yarn resolution for `qs` to patch vulnerability,0,0.15,supply_chain,"This is a third-party dependency bump for qs to patch an upstream DoS CVE, with no defect in the wallet's own custody-relevant code.",dependency-supply-chain
metamask,https://github.com/MetaMask/metamask-extension/pull/41235,release(runway): cherry-pick chore: Address new security advisories cp-13.24.0,0,0.05,none,"This is a third-party dependency bump (yaml, picomatch) to resolve advisory warnings, not a fix to the wallet's own custody-relevant code.",dependency-supply-chain
metamask,https://github.com/MetaMask/metamask-extension/commit/a827c444fbc8998ff46b86075f829477d8f900c7,devDeps: security updates roundup (#18739),0,0.05,none,"This is a devDependencies bump for build-time tooling (storybook-deployer, terser, shelljs, etc.) with corresponding lavamoat policy and lockfile updates; the wallet's own custody-relevant code has no",dependency-supply-chain
metamask,https://github.com/MetaMask/metamask-extension/commit/dacdaf031cd1b35a45e03041e55709d6302de4be,security: patch request for CVE-2023-28155 (#18208),0,0.35,supply_chain,"This patches a third-party dependency (the `request` library) for CVE-2023-28155 (SSRF via protocol-downgrade redirects), but the wallet's own code has no defect; per triage rules, dependency CVE patc",dependency-supply-chain
metamask,https://github.com/MetaMask/metamask-extension/pull/39349,fix: tar audit vulnerability by forcing patched version,0,0.15,supply_chain,"This is a third-party dependency version bump to resolve a CVE in the tar package, plus CI bot allowlist changes; the wallet's own custody-relevant code has no defect.",dependency-supply-chain
metamask,https://github.com/MetaMask/metamask-extension/pull/17355,Fix cookiejar dependency vulnerability,0,0.2,supply_chain,"This is a third-party dependency version bump in package.json/yarn.lock, not a fix to the wallet's own custody-relevant code.",dependency-supply-chain
web3j,https://github.com/LFDT-web3j/web3j/pull/1618,368 upgrade jnr unixsocket to 0.38.17 (fix CVE-2020-15250) (#1616),0,0.15,supply_chain,This is a third-party dependency version bump to pick up an upstream CVE fix; the wallet's own code has no defect here.,dependency-supply-chain
yoroi,https://github.com/Emurgo/yoroi-frontend/pull/1992,[Security] Bump react-dev-utils from 11.0.2 to 11.0.4 in /packages/yoroi-extension,0,0.15,none,"This is a third-party dev-dependency bump in package-lock.json; the wallet's own custody-relevant code has no defect, and react-dev-utils is a build-time tool not in the runtime signing/key path.",dependency-supply-chain
yoroi,https://github.com/Emurgo/yoroi-frontend/pull/1840,[Security] Bump node-notifier from 8.0.0 to 8.0.1,0,0.05,none,"This is a third-party dependency bump in package-lock.json; per the threat model, bumping a dependency (even one that fixed a CVE) is not a security fix in the wallet's own code.",dependency-supply-chain
yoroi,https://github.com/Emurgo/yoroi-frontend/pull/1652,[Security] Bump serialize-javascript from 3.0.0 to 3.1.0,0,0.15,none,"This is a third-party dependency bump in package-lock.json, which the threat model explicitly excludes from being a security fix even though the dependency patched a CVE.",dependency-supply-chain
yoroi,https://github.com/Emurgo/yoroi-frontend/pull/1246,[Security] Bump handlebars from 4.1.2 to 4.5.3,0,0.1,none,"This is a third-party dependency bump in package-lock.json, which the threat model explicitly excludes from being a security fix.",dependency-supply-chain
ambire-common,https://github.com/AmbireTech/ambire-common/commit/3fc3648634b93966e62056bc6149f5f9167cfd6c,Fix: Critical CVE - handlebars 4.7.8,0,0.05,none,"This is a third-party dependency bump for handlebars, which is explicitly excluded as a security fix since the wallet's own code has no defect.",dependency-supply-chain
bitgo,https://github.com/BitGo/BitGoJS/commit/bbb6e7beb4015e2f79e9db7ca0c0ec20b8eeff93,fix: force request to use @cypress/request@3.0.9 to address security vulnerability,0,0.05,none,"This is a third-party dependency bump/resolution to address a CVE in the request package, not a fix to the wallet's own custody-relevant code.",dependency-supply-chain
bitgo,https://github.com/BitGo/BitGoJS/pull/9010,fix: update package deps to fix vuln,0,0.1,none,"This is a third-party dependency bump to fix a CVE in gRPC, which is explicitly excluded as the wallet's own code has no defect.",dependency-supply-chain
bitgo,https://github.com/BitGo/BitGoJS/pull/7562,chore: update esbuild dependancy tree in babylonlabs,0,0.05,none,"This is a third-party dependency bump (esbuild) to address a CVE in the dependency, not a fix to the wallet's own custody-relevant code.",dependency-supply-chain
bitgo,https://github.com/BitGo/BitGoJS/pull/7044,DX-1513-address-ws-dependancy,0,0.15,none,This is a third-party dependency bump pinning the `ws` package to a patched version; the wallet's own code has no custody-relevant defect.,dependency-supply-chain
bitgo,https://github.com/BitGo/BitGoJS/pull/8324,feat: define sjcl type definitions,0,0.25,supply_chain,This is a third-party dependency swap from sjcl to a @bitgo/sjcl fork (plus type definitions and CVE-scan exclusion config); the wallet's own code has no defect being repaired.,dependency-supply-chain
brave-wallet,https://github.com/brave/brave-core/pull/28064,address GHSA-jr5f-v2jv-69x6,0,0.15,supply_chain,"This is a dependency version bump in package-lock.json to address an upstream advisory, not a fix to the wallet's own code.",dependency-supply-chain
duo-webauthn,https://github.com/duo-labs/webauthn/pull/115,"replace satori/go.uuid with well-mantained gofrs/uuid, fixes CVE-2021-3538",0,0.2,none,"This is a third-party dependency bump to fix a CVE in the dependency, but the wallet's own code has no defect and the usage appears to be parsing rather than generation.",dependency-supply-chain
edge,https://github.com/EdgeApp/edge-react-gui/pull/6046,"Bump undici, @react-native-firebase/app and @react-native-firebase/messaging",0,0.05,none,"This is a third-party dependency bump in package-lock.json, which the threat model explicitly classifies as an ordinary change regardless of upstream CVEs.",dependency-supply-chain
electrum,https://github.com/spesmilo/electrum/pull/7786,git update to 2.17.1-1ubuntu0.11 for appimage,0,0.05,supply_chain,"This is a build-environment dependency version bump (git in a Dockerfile), not a fix to the wallet's own custody-relevant code.",dependency-supply-chain
eth-sig-util,https://github.com/MetaMask/eth-sig-util/commit/90fecafc621b2d54720b8fa7e7340189d0cdc6d5,devdeps: bump @babel/* in lockfile (#311),0,0.05,none,"This is a lockfile-only bump of @babel/* dev dependencies; per the threat model, bumping third-party dependencies (even for CVEs) is not a wallet security fix.",dependency-supply-chain
eth-sig-util,https://github.com/MetaMask/eth-sig-util/pull/102,Use bl@4.0.3,0,0.05,none,"This is a third-party dependency bump to address a CVE, which per the threat model is not a security fix in the wallet's own code.",dependency-supply-chain
feather,https://github.com/feather-wallet/feather/commit/352ae7fa69be5091a3c8b24adc5a80210bb27056,depends: unbound: patch for CVE-2024-8508,0,0.15,none,"This is a vendored patch to the third-party unbound DNS dependency (CVE-2024-8508 DoS mitigation), not a defect in the wallet's own custody/signing code.",dependency-supply-chain
feather,https://github.com/feather-wallet/feather/commit/109c378044e2e087ec281baa0315db4937cd40a0,depends: qt: patch for CVE-2024-39936,0,0.15,none,"This is a vendored third-party Qt dependency patch (CVE-2024-39936) applied via the depends build system, not a fix to the wallet's own custody/signing/key code.",dependency-supply-chain
feather,https://github.com/feather-wallet/feather/commit/5e60d472a289699a7ce36595f8866afd806ae872,depends: qt: patch for CVE-2023-45872,0,0.1,none,"This is a patch applied to a vendored third-party dependency (Qt SVG) to fix a CVE, which the threat model explicitly classifies as an ordinary change rather than a security fix in the wallet's own co",dependency-supply-chain
feather,https://github.com/feather-wallet/feather/commit/ca88a2aa4f327ef8170cf32ca00abeca7be1d914,depends: qt: patch CVE-2023-37369,0,0.15,none,"This is a vendored patch to a third-party Qt dependency (CVE-2023-37369), not a fix to the wallet's own custody-relevant code.",dependency-supply-chain
fireblocks-mpc,https://github.com/fireblocks/mpc-lib/pull/36,[Snyk] Security upgrade ubuntu from focal to 20.04,0,0.05,supply_chain,"This is an automated Snyk PR bumping a Docker base image tag, not a fix to the wallet's own custody-relevant code.",dependency-supply-chain
metamask-core,https://github.com/MetaMask/core/commit/05913ca0821407c3667b050719be439a20a0b522,devDeps: yaml@2.1.3->2.2.2 (#1274),0,0.05,none,"This is a third-party dependency bump in yarn.lock to fix a CVE, which per the threat model is not a security fix in the wallet's own code.",dependency-supply-chain
metamask-core,https://github.com/MetaMask/core/commit/c9bade59dae1148687dceb2fb3ec56916fc843b1,security: bump async@2.6.3->2.6.4 (#1228),0,0.15,supply_chain,"This is a third-party dependency bump (async@2.6.3->2.6.4) for a CVE, which per the threat model is not a security fix because the wallet's own code has no defect.",dependency-supply-chain
metamask-core,https://github.com/MetaMask/core/commit/54bb90f39801268ed8c0f87953a3ca9beffe4ba3,security: bump decode-uri-component (#1227),0,0.05,none,"This is a third-party dependency bump in yarn.lock for decode-uri-component and source-map devDeps; the wallet's own code has no defect, so per the threat model it is not a security fix.",dependency-supply-chain
metamask-core,https://github.com/MetaMask/core/commit/19bad3918a1fd7308eda39515c0043e33e8960bc,Use bl@1.2.3 (#62),0,0.05,none,"This is a third-party dependency bump to address a CVE, which per the threat model is not a security fix because the wallet's own code has no defect.",dependency-supply-chain
metamask-core,https://github.com/MetaMask/core/pull/1272,devDeps: bump json-schema and friends,0,0.15,none,This is a third-party dependency bump in yarn.lock for json-schema and related packages; the wallet's own code has no defect being repaired.,dependency-supply-chain
metamask-mobile,https://github.com/MetaMask/metamask-mobile/commit/dcabeb9384af3144df22004192a4cdb11989ed71,chore(runway): cherry-pick chore: allow list audit finding GHSA-378v-28hj-76wf cp-7.66.0 (#26441),0,0.05,none,This change merely suppresses a dependency audit finding (bn.js infinite-loop DoS) in CI config to unblock builds; it does not fix any defect in the wallet's own custody-relevant code.,dependency-supply-chain
metamask-mobile,https://github.com/MetaMask/metamask-mobile/commit/353ba9ec9a1c3e4dac752340e51a525bd85d0e59,chore(deps): suppress xmldom CDATA serialization audit advisory (#28235),0,0.05,none,"This only suppresses a CI npm audit advisory for a third-party dependency (xmldom) in config, without changing any wallet source code or custody-relevant logic.",dependency-supply-chain
metamask-mobile,https://github.com/MetaMask/metamask-mobile/commit/ca3f53526178aa0beef1b31f7d61136445c361d4,feat: bump axios to fix audit issue (#25853),0,0.15,none,"This is a third-party dependency version bump to satisfy an audit, not a fix to the wallet's own custody-relevant code.",dependency-supply-chain
metamask-mobile,https://github.com/MetaMask/metamask-mobile/commit/590dffaa738c8ee3b6dc7efde7d87e65a2f7210d,chore: Ignore ses advisory GHSA-h9w6-f932-gq62 (#14779),0,0.05,none,"This change merely adds an advisory exclusion to a config file for a third-party dependency CVE that the team explicitly determined does not affect the wallet, so it is not a fix to the wallet's own c",dependency-supply-chain
metamask-mobile,https://github.com/MetaMask/metamask-mobile/commit/901e29b02e19c5cdd8105916037a38a32e3c567f,fix: bump axios (#7758),0,0.15,none,"This is a third-party dependency bump (axios) to fix CI audit failures, not a defect in the wallet's own custody-relevant code.",dependency-supply-chain
metamask-mobile,https://github.com/MetaMask/metamask-mobile/commit/b5c2b9aef6ebf30bb6a4d77205a1c6a1e2381755,fix: depcheck@^1.4.5->^1.4.7 (#7531),0,0.05,none,This is a dev-tool dependency bump (depcheck) and yarn.lock deduplication of babel packages; no wallet source code or custody-relevant subsystem is touched.,dependency-supply-chain
metamask-mobile,https://github.com/MetaMask/metamask-mobile/commit/985145b006dd827b358ed2292c3e6a6fa50a7dd6,fix CVE-2023-25166 by resolving @sideway/formula to 3.0.1 (#5739),0,0.25,supply_chain,"This is a third-party dependency version bump to address a CVE in @sideway/formula, not a fix to the wallet's own custody-relevant code.",dependency-supply-chain
metamask-mobile,https://github.com/MetaMask/metamask-mobile/pull/1309,Use ethereum-ens-network-map@1.0.2,0,0.1,none,"This is a third-party dependency bump in yarn.lock, which is explicitly excluded from being considered a security fix in the wallet's own code.",dependency-supply-chain
metamask,https://github.com/MetaMask/metamask-extension/commit/c164a384167f07a40ac27c940d8f1ad6cb8fced3,fix: clear the postcss advisories cp-13.42.0 (#44865),0,0.15,none,"This is a third-party dependency bump/patch for postcss advisories, not a fix to the wallet's own custody-relevant code.",dependency-supply-chain
metamask,https://github.com/MetaMask/metamask-extension/commit/6c9b8b51ec0148a75ae305c87070a4b3e60c6def,bump: fast-xml-parser to fix yarn audit (#40980),0,0.15,supply_chain,This is a third-party dependency bump to fix a CVE in fast-xml-parser; the wallet's own code has no defect and no custody-relevant source code is changed.,dependency-supply-chain
metamask,https://github.com/MetaMask/metamask-extension/commit/3fc2adac872ccb61ade2f3e42216b3de1f311631,devdeps: resolve-url-loader@3.1.2->3.1.5 (#18183),0,0.05,none,"This is a dev/build dependency bump (resolve-url-loader, loader-utils, postcss) for CSS build tooling; it does not touch any wallet custody, signing, or runtime code path.",dependency-supply-chain
metamask,https://github.com/MetaMask/metamask-extension/commit/bcfda8b11c02652e529f12422d84e01730fa1b37,devDeps: degenerator@3.0.1->3.0.4 (#19178),0,0.15,none,This is a devDependency version bump in yarn.lock for degenerator/vm2 CVEs; the wallet's own code has no defect here.,dependency-supply-chain
metamask,https://github.com/MetaMask/metamask-extension/commit/576eee7adf592f33f124631ad94474c7467020d5,"devDeps: eslint@8.14.0,8.20.0->8.36.0  (#18748)",0,0.05,none,"This is a dev dependency bump for eslint (a linter) with patch consolidation; it does not touch wallet key, signing, approval, or transport code.",dependency-supply-chain
metamask,https://github.com/MetaMask/metamask-extension/commit/bdf32199d159958352cca4f8f423bb2efd6d1f86,devDeps: yargs@7.1.1->7.1.2 (#19057),0,0.05,none,This is a third-party dependency version bump in yarn.lock for yargs/yargs-parser; the wallet's own code has no custody-relevant defect.,dependency-supply-chain
metamask,https://github.com/MetaMask/metamask-extension/commit/dc580c1cf1e30a19bb4ca29654c392db62ecfc6d,devDeps: squirrelly@^8.0.8->^9.0.0 (#19113),0,0.3,none,"This is a third-party dependency version bump (squirrelly 8→9) to pick up a CVE fix, but the wallet's own code has no defect being repaired here.",dependency-supply-chain
metamask,https://github.com/MetaMask/metamask-extension/commit/00607d2298c3aaa479129d2a6e5326ea64fead2d,devDeps: socketcluster-client@14.3.1->14.3.2 (#19055),0,0.1,none,"This is a third-party dependency bump (socketcluster-client and transitive deps like ws) to address a CVE, which the wallet's own code has no defect in.",dependency-supply-chain
metamask,https://github.com/MetaMask/metamask-extension/commit/924df55e8938061848df8747b607eff08fcef97a,devDeps: pretty-error@2.1.1->2.1.2 (#18868),0,0.05,none,"This is a third-party dependency bump (pretty-error) for a CVE, which per the threat model is an ordinary change since the wallet's own code has no defect.",dependency-supply-chain
metamask,https://github.com/MetaMask/metamask-extension/commit/d3026e7338fd376e0bf07a785846988d9421ef93,devdeps: webpack@5.75.0->5.76.2 (#18182),0,0.15,supply_chain,"This is a third-party dependency version bump in yarn.lock for webpack; per the threat model, bumping a dependency—even for a CVE—does not fix a defect in the wallet's own custody-relevant code.",dependency-supply-chain
metamask,https://github.com/MetaMask/metamask-extension/commit/b4fc0bddd290d7e88a108cf8b811242c53f2b136,devDeps: bump @storybook/* (#18832),0,0.05,none,"This is a devDependencies bump in yarn.lock for Storybook and copy-webpack-plugin, not a change to the wallet's own custody-relevant code.",dependency-supply-chain
metamask,https://github.com/MetaMask/metamask-extension/pull/18830,devDeps: bumps source-map related dependencies,0,0.05,none,"This is a third-party dependency bump (source-map and related packages) in yarn.lock and a LavaMoat build policy file, with no changes to the wallet's own custody-relevant code.",dependency-supply-chain
metamask,https://github.com/MetaMask/metamask-extension/pull/17106,fix audit failure for luxon by upgrading,0,0.05,none,"This is a third-party dependency bump (luxon) to clear an audit advisory, not a fix to the wallet's own custody-relevant code.",dependency-supply-chain
metamask,https://github.com/MetaMask/metamask-extension/pull/14841,Update `protobufjs` and remove obsolete advisory exclusion,0,0.05,none,"This is a third-party dependency bump to address a CVE, which the wallet's own code has no defect in.",dependency-supply-chain
metamask,https://github.com/MetaMask/metamask-extension/pull/13301,Add resolution for follow-redirects,0,0.15,supply_chain,"This is a transitive dependency resolution bump for an analytics library's axios/follow-redirects chain, not a defect in the wallet's own custody-relevant code.",dependency-supply-chain
metamask,https://github.com/MetaMask/metamask-extension/pull/9349,Use bl@1.2.3,0,0.05,none,"This is a third-party dependency bump to address a CVE, which per the threat model is an ordinary change, not a security fix in the wallet's own code.",dependency-supply-chain
metamask,https://github.com/MetaMask/metamask-extension/pull/8272,Remove http-server dependency,0,0.15,supply_chain,"This is a dependency removal in package.json/yarn.lock, not a fix to the wallet's own custody-relevant code.",dependency-supply-chain
metamask,https://github.com/MetaMask/metamask-extension/pull/7960,Update checks for ENS network support,0,0.1,none,This is a dependency bump and import refactor for ENS network maps that the description explicitly states is not impacted by the referenced CVE.,dependency-supply-chain
metamask,https://github.com/MetaMask/metamask-extension/pull/41321,release(runway): cherry-pick bump: serialize-javascript to 7.0.5 for yarn audit cp-13.25.0,0,0.05,none,"This is a third-party dependency bump for a DoS CVE in a build tool, not a fix to the wallet's own custody-relevant code.",dependency-supply-chain
metamask,https://github.com/MetaMask/metamask-extension/pull/42098,release(runway): cherry-pick bump: fast-xml-parser to fix audit cp-13.28.0 cp-13.29.0,0,0.15,none,"This is a third-party dependency bump (fast-xml-parser) and license/attribution text update, not a fix to the wallet's own custody-relevant code.",dependency-supply-chain
metamask,https://github.com/MetaMask/metamask-extension/pull/40328,release(runway): cherry-pick chore: Resolve multiple advisories cp-13.20.0,0,0.05,none,"This is a dev-only dependency bump in yarn.lock/attribution.txt to resolve upstream advisories, with no change to the wallet's own custody-relevant code.",dependency-supply-chain
metamask,https://github.com/MetaMask/metamask-extension/pull/41294,release(runway): cherry-pick chore: audit brace-expansion cp-13.25.0,0,0.05,none,"This is a dependency bump (brace-expansion) and attribution/license file update, not a fix to the wallet's own custody-relevant code.",dependency-supply-chain
monero,https://github.com/monero-project/monero/commit/c27d96129e262025ee6be62c9479d8b284bfbeb8,[depends] update openssl to 1.0.2r,0,0.15,supply_chain,"This is a third-party dependency version bump (openssl 1.0.2q to 1.0.2r) with no change to the wallet's own code, which per the threat model is not classified as a security fix even though the depende",dependency-supply-chain
monero,https://github.com/monero-project/monero/pull/9642,depends: unbound: update to 1.22.0,0,0.1,none,"This is a third-party dependency version bump for unbound, which is explicitly classified as an ordinary change even if it fixes CVEs.",dependency-supply-chain
monero,https://github.com/monero-project/monero/pull/9641,depends: expat: update to 2.6.4,0,0.15,none,"This is a third-party dependency bump (expat to 2.6.4) with no change to the wallet's own code, which the threat model explicitly classifies as an ordinary change.",dependency-supply-chain
monero,https://github.com/monero-project/monero/pull/8873,depends: update icu4c to 73.1,0,0.05,none,"This is a third-party dependency version bump for icu4c, which is explicitly classified as an ordinary change even if the dependency fixed CVEs.",dependency-supply-chain
monero,https://github.com/monero-project/monero/pull/5794,Docker updated dependencies cmake boost sodium cppzmq udev protobuf zmq,0,0.15,none,"This is a Dockerfile dependency version bump (including zmq for CVE-2019-13132), not a fix to the wallet's own code, which per the threat model is an ordinary supply-chain/dep bump rather than a secur",dependency-supply-chain
myetherwallet,https://github.com/MyEtherWallet/MyEtherWallet/commit/121ee8691861780dd9cd5cfae60609495943df70,fix: 🐛 sentry nonce too low,0,0.05,none,"This is a package-lock.json dependency pinning/bump change, which is explicitly not a security fix in the wallet's own code.",dependency-supply-chain
turnkey,https://github.com/tkhq/sdk/pull/1388,Fix https://github.com/advisories/GHSA-w7jw-789q-3m8p,0,0.15,supply_chain,"This is a third-party dependency version bump in lockfile/workspace config only, not a fix to the wallet's own custody-relevant code.",dependency-supply-chain
turnkey,https://github.com/tkhq/sdk/pull/1302,Spark support: Add @turnkey/spark private package,0,0.05,none,"This is a structural refactor moving an existing signer implementation from an example into a new private package, plus a protobufjs dependency override bump; no wallet-owned custody logic is added or",dependency-supply-chain
turnkey,https://github.com/tkhq/sdk/pull/857,override shajs,0,0.1,none,"The diff only deletes an example lockfile and the description indicates a dependency override/bump, which is explicitly not a security fix in the wallet's own code.",dependency-supply-chain
uniswap-interface,https://github.com/Uniswap/interface/pull/7991,"security: upgrade React to 19.0.3 to fix CVE-2025-55184, CVE-2025-67779, CVE-2025-55183",0,0.05,none,"This is a third-party dependency version bump to address upstream React CVEs, not a fix to the wallet's own custody-relevant code.",dependency-supply-chain
walletconnect,https://github.com/WalletConnect/walletconnect-monorepo/pull/5609,chore(deps): bump vite and vitest,0,0.0,none,"This is a routine dependency bump of vite and vitest in package-lock.json, which does not touch the wallet's own custody-relevant code.",dependency-supply-chain
wasabi,https://github.com/WalletWasabi/WalletWasabi/pull/12822,`System.Private.Uri` issue,0,0.15,none,This is a third-party dependency bump to patch a CVE in System.Private.Uri plus enabling NuGet auditing; the wallet's own code has no custody-relevant defect.,dependency-supply-chain
web3auth,https://github.com/Web3Auth/web3auth-web/pull/2476,chore(deps): bump the npm_and_yarn group across 4 directories with 2 updates,0,0.05,none,"This is an automated dependency version bump in demo app package-lock.json files, not a fix to the wallet's own custody-relevant code.",dependency-supply-chain
web3auth,https://github.com/Web3Auth/web3auth-web/pull/2304,Bump glob,0,0.05,none,This is a routine third-party dependency version bump in package-lock.json with no changes to the wallet's own custody-relevant code.,dependency-supply-chain
web3auth,https://github.com/Web3Auth/web3auth-web/pull/2244,Bump on-headers and compression in /demo/react-app-no-modal,0,0.05,none,"This is a third-party dependency bump in a demo app's package-lock.json, which the threat model explicitly excludes from being a security fix even if the dependency patched a CVE.",dependency-supply-chain
web3auth,https://github.com/Web3Auth/web3auth-web/pull/2032,Bump path-to-regexp and express in /demo/xrpl-react-app,0,0.05,none,"This is a dependency bump in a demo app's package-lock.json, not a fix to the wallet's own custody-relevant code.",dependency-supply-chain
web3j,https://github.com/LFDT-web3j/web3j/commit/047cb25966df1b3faaee8d77e7cdf978e78ba7a2,368 upgrade jnr unixsocket to 0.38.17 (fix CVE-2020-15250) (#1616) (#1618),0,0.2,supply_chain,"This is a third-party dependency version bump to address a CVE in jnr-unixsocket, not a fix to the wallet's own custody-relevant code.",dependency-supply-chain
webauthn4j,https://github.com/webauthn4j/webauthn4j/commit/969f5dabf5f0dacfffe3f66ceb373f20e375d5ab,Supress CVE-2019-12814 as it doesn't affect webauthn4j directly,0,0.05,supply_chain,"This change merely suppresses a CVE finding in OWASP dependency-check configuration and updates a comment, without fixing any actual defect in the wallet's own code.",dependency-supply-chain
trezor-connect,https://github.com/trezor/connect/pull/999,fix: Fix ethSignTypedData MetaMask compatibility,0,0.35,signing,"This is a MetaMask compatibility fix for EIP-712 typed data encoding (accepting Buffer/ArrayBuffer inputs, hex-encoded uints, and zero-padding odd-length hex); while it touches the signing path, the p",encoding-canonicalization
electrum,https://github.com/spesmilo/electrum/commit/d16fd2783cd6c6a537ca3ac44b7b87d8d4ddc7eb,Add signature Low R grinding to match with Bitcoin Core,0,0.35,signing,"Low-R grinding matches Bitcoin Core's standardness policy for signature encoding; the pre-fix signatures were valid and not exploitable for fund/key loss, making this a compatibility improvement rathe",encoding-canonicalization
bitcoin-core,https://github.com/bitcoin/bitcoin/commit/fa6c0bedd33ac7ad27454adaf9522fd27bef6ea3,refactor: Return uint64_t from GetSerializeSize,0,0.25,dos,"This is a refactor changing size_t to uint64_t in serialization helpers to prevent integer overflow on 32-bit systems during P2P compact block processing (CVE-2025-46597), which is a protocol-level Do",input-bounds-parsing
alphawallet-ios,https://github.com/AlphaWallet/alpha-wallet-ios/commit/3d72096d9b1ef74171160472175f98ef9848a925,[Security] Update CODEOWNERS to include additional critical sections of code so they are flagged to be reviewed by right,0,0.05,none,This diff only updates the CODEOWNERS file to require specific reviewers for custody-relevant files; it changes no wallet source code and fixes no defect.,other
aptos,https://github.com/aptos-labs/aptos-core/commit/91a087c959751be3fb636ae7e1aad2b1745f2d10,[Orderbook] Address all non critical feedback from security review (#17964),0,0.25,none,"This is a documentation-only change to a Move orderbook markdown file reflecting visibility annotations (public→public(friend)); it is not wallet custody code and does not touch keys, signing, approva",other
bisq,https://github.com/bisq-network/bisq/commit/aecd5366921a10d9764fc999a5dfc8e9ae2a281c,"creating altcoin offer not throwing error during previously set high
security deposit.",0,0.1,none,"This change adds a UI validation to reset an invalid security deposit percentage to a default value during offer creation, which is an ordinary bug fix rather than a custody or signing vulnerability.",other
bitcoin-core,https://github.com/bitcoin/bitcoin/commit/38bfca6bb2ad68719415e9c54a981441052da072,Added comments referencing multiple CVEs in tests and production code.,0,0.02,none,"The diff only adds comments referencing CVEs in production and test code without changing any logic, so it is a documentation-only change.",other
bitcoin-core,https://github.com/bitcoin/bitcoin/pull/19203,net: Add regression fuzz harness for CVE-2017-18350. Add FuzzedSocket.,0,0.15,none,"This adds a fuzz harness and test-only refactoring (making Socks5 public, making timeout a mutable global) for a previously-fixed CVE; no production code defect is repaired.",other
bitcore,https://github.com/bitpay/bitcore/commit/88a71ebf77f73bee2a681417e9131d61c338c943,Fix critical memory leaks in EVM chain wallet transaction streaming,0,0.25,dos,"This is a server-side memory leak fix (unclosed MongoDB cursors and per-transaction provider instantiation) causing resource exhaustion; while reachable by untrusted clients, it does not touch key mat",other
bitgo,https://github.com/BitGo/BitGoJS/commit/d1018c98c319b87fb5dc10c9f146ae0b9cc66039,fix: resolve HIGH severity security vulnerabilities,0,0.15,none,"This is a dependency version bump via yarn resolutions to fix ReDoS CVEs in third-party libraries, not a fix to the wallet's own custody-relevant code.",other
bitgo,https://github.com/BitGo/BitGoJS/commit/2cb6c00e70061bf6f100f9c3748ef8f720fdaa24,"fix(deps): resolve high severity vulnerabilities in tar, jspdf, and qs",0,0.05,none,"This is a third-party dependency version bump to resolve upstream CVEs, with no change to the wallet's own custody-relevant code.",other
bitgo,https://github.com/BitGo/BitGoJS/commit/b29911a1fe67f1262feaba779acab2cb02ac922c,Ran `npm audit fix` to resolve sec issues in pkgs,0,0.1,none,"This is a dependency lockfile bump via npm audit fix, which does not alter the wallet's own custody-relevant code.",other
bitgo,https://github.com/BitGo/BitGoJS/commit/7098d30769f322d39daef247ccfa527458bff50b,chore: update audit exclusions for sanitize-html XSS,0,0.05,none,"This is a configuration change to audit exclusion lists for a third-party dependency CVE, with no defect in the wallet's own code and the description explicitly states there is no exploitable XSS path",other
brave-wallet,https://github.com/brave/brave-core/pull/13454,Bump WDP to fix dexie security issue,0,0.3,none,"This is a third-party dependency version bump in DEPS to pull in an upstream Dexie fix; per the threat model, bumping a dependency is an ordinary change even if the dependency patched a CVE.",other
brave-wallet,https://github.com/brave/brave-core/commit/505295f91a6744432c465bf493f7563016d36551,Fix engine.io dependency vulnerability,0,0.15,none,"This is a third-party dependency bump in DEPS for the web-discovery-project, which is not custody-relevant and the wallet's own code has no defect here.",other
brave-wallet,https://github.com/brave/brave-core/pull/12962,Bump web-discovery-project to fix moment.js vulnerability,0,0.15,none,"This is a third-party dependency bump to pick up a moment.js CVE fix, not a defect in the wallet's own custody-relevant code.",other
brave-wallet,https://github.com/brave/brave-core/commit/f29b5ad8741088a34fc3230ac4897668e312e2cc,"Bumped deep-object-diff from 1.1.0 to 1.1.9 to address GHSA-653v-rqx9-j85p, a.k.a. CVE-2022-41713 (#15934)",0,0.05,none,"This is a third-party dependency version bump to address an upstream CVE, not a fix to the wallet's own custody-relevant code.",dependency-supply-chain
brave-wallet,https://github.com/brave/brave-core/pull/13897,Bumped WDP to fix CVE-2022-33987,0,0.15,supply_chain,"This is a vendored dependency version bump to pick up an upstream CVE fix, not a defect in the wallet's own custody-relevant code.",dependency-supply-chain
brave-wallet,https://github.com/brave/brave-core/pull/13899,Bumped WDP to fix CVE-2022-33987 (release),0,0.15,none,"This is a third-party dependency bump (web-discovery-project) to fix an upstream CVE, not a fix to the wallet's own custody-relevant code.",dependency-supply-chain
brave-wallet,https://github.com/brave/brave-core/pull/13898,Bumped WDP to fix CVE-2022-33987 (beta),0,0.15,none,"The PR is primarily a third-party dependency bump (WDP) for a CVE plus wallet UI/feature additions (decrypt request handling, account permissions, panel visibility), none of which fix a defect in the ",dependency-supply-chain
brave-wallet,https://github.com/brave/brave-core/pull/12428,Uplift to 1.36.x - #12421 from brave/audit-fix-CVE-2022-23647,0,0.15,none,"The diff is a build/CI refactoring that swaps courgette for zucchini in the build pipeline and reorganizes Android UI sources; it does not touch any key material, signing, approval, transport, or cust",other
brave-wallet,https://github.com/brave/brave-core/pull/12429,Uplift to 1.37.x - #12421 from brave/audit-fix-CVE-2022-23647,0,0.25,none,"This is a broad browser uplift with mixed ordinary changes (language settings UI, rewards startup, CSS, iOS password API infrastructure) that does not repair any custody-relevant defect in key materia",other
brave-wallet,https://github.com/brave/brave-core/pull/11778,"Muted audit finding GHSA-566m-qj78-rww5 (CVE-2021-23382), uplift to 1.34.x",0,0.15,none,"The diff only touches CI pipeline configuration (Jenkinsfile) and build file lists (.gni) adding/removing resource and source file references, with no actual security guard, validation, or key/signing",other
metamask-mobile,https://github.com/MetaMask/metamask-mobile/commit/bcec04e8e63e3fc668d6a71f42029d7e7a789230,fix: mobile crash issue during swap with low gas (#13138),0,0.1,none,"The diff replaces a throw with a log to fix a UI crash during a failed transaction, which does not add a security guard or prevent loss of funds, keys, or signing authority.",other
metamask,https://github.com/MetaMask/metamask-extension/commit/8e6f4b8831f02e4e500720533ec5a72778cf4bc4,deps/security: vm2@3.9.16->3.9.17 (#18707),0,0.15,none,"This is a third-party dependency version bump (vm2) in yarn.lock; per the threat model, bumping a dependency—even one that fixed a CVE—is not a security fix in the wallet's own code.",dependency-supply-chain
metamask,https://github.com/MetaMask/metamask-extension/commit/567fd93377458623720376db174029e24bc60d2d,deps/security: vm2@3.9.15->3.9.16 (#18555),0,0.1,none,"This is a third-party dependency bump in yarn.lock, which the rules explicitly classify as an ordinary change even when fixing a CVE.",dependency-supply-chain
metamask,https://github.com/MetaMask/metamask-extension/commit/0ef26802946de22456086a1902515399ff488f00,deps/security: vm2@3.9.11->3.9.15 (#18512),0,0.15,none,"This is a third-party dependency version bump in yarn.lock, which per the threat model is not a security fix even though it addresses a CVE.",dependency-supply-chain
metamask,https://github.com/MetaMask/metamask-extension/pull/12787,Add fixed json-schema to resolutions file to resolve security issue,0,0.15,none,"This is a third-party dependency version bump to address an upstream CVE, not a fix to the wallet's own custody-relevant code.",dependency-supply-chain
metamask,https://github.com/MetaMask/metamask-extension/pull/15684,Upgrading storybook from 6.3 to 6.5 fixing shell-quote vulnerability,0,0.05,none,"This is a development dependency bump (Storybook) to fix a CVE in a dev tool, which does not affect the wallet's own custody-relevant code or runtime behavior.",other
metamask,https://github.com/MetaMask/metamask-extension/commit/045eced66b67b2a0a81231215211b57adc471823,bump: @actions/core and @actions/github to solve CVEs (#42235),0,0.05,none,"This PR bumps CI/CD GitHub Actions dependencies and renames .ts to .mts for ESM compatibility; it touches no wallet source, key/signing paths, or custody-relevant subsystems.",other
onekey-app,https://github.com/OneKeyHQ/app-monorepo/commit/122155a7b63845ea7df2818bc7e4a69f3c7414b8,fix: batch security dependency upgrades (#10067),0,0.1,none,"This is a batch of third-party dependency version bumps and corresponding patch file updates, which the rules explicitly classify as not a security fix since the wallet's own code has no defect.",other
onekey-app,https://github.com/OneKeyHQ/app-monorepo/pull/9271,chore: add snyk policy to ignore glob CLI vulnerability,0,0.0,none,"This change adds a Snyk policy file to ignore a CLI-only vulnerability in a transitive dependency, which does not fix any defect in the wallet's own custody-relevant code.",other
reown-appkit,https://github.com/reown-com/appkit/pull/5390,fix: complete CVE-2025-55182 security fix for React and Next.js,0,0.05,none,"This is a third-party dependency version bump (React/Next.js) across package.json files, which the wallet's own code has no defect in.",other
reown-appkit,https://github.com/reown-com/appkit/commit/ea982070c1d274f5971447c430b6d77717082e78,"fix: upgrade Next.js to patched versions for security (CVE-2025-55183, CVE-2025-55184, CVE-2025-67779) (#5409)",0,0.05,none,This is a third-party dependency version bump for Next.js in demo/example/test apps; the wallet's own custody code has no defect being repaired.,other
safe-wallet,https://github.com/safe-global/safe-wallet-monorepo/commit/aba0b709922cd70342657ec1f5a8753f82260ebc,feat(web): flag vulnerable Zodiac modules as critical in Security Hub (#8030),0,0.15,none,"This adds a new Security Hub scanner feature to warn users about known-vulnerable Zodiac modules; it does not fix a defect in the wallet's own custody, signing, or key paths.",other
sequence-js,https://github.com/0xsequence/sequence.js/pull/1000,Bump next.js deps to resolve security issue,0,0.05,none,This is a third-party dependency version bump for Next.js; the wallet's own code has no defect being repaired here.,other
specter,https://github.com/cryptoadvance/specter-desktop/pull/2614,Chore(deps): Security — high-severity pip bumps (incremental),0,0.05,none,"This is a third-party dependency bump in requirements files, which the rules explicitly classify as not a security fix since the wallet's own code has no defect.",other
specter,https://github.com/cryptoadvance/specter-desktop/pull/2613,Chore(deps): Security — bump h11 and form-data,0,0.1,none,"This is a third-party dependency bump (h11 and form-data) to address upstream CVEs, which does not fix a defect in the wallet's own custody-relevant code.",other
status-go,https://github.com/status-im/status-go/pull/7120,fix: security upgrades,0,0.15,none,"The diff only bumps third-party dependency versions in go.mod/go.sum and updates a Nix vendor hash; per the threat model, bumping dependencies (even for CVE fixes) is not a security fix of the wallet'",other
status-mobile,https://github.com/status-im/status-legacy/commit/7fe78b708d8b5ef0f988ef6e635bef2ae9c71d49,fix CVE-2018-6341,0,0.05,none,"This is a third-party dependency bump in package-lock.json to address a React CVE, not a fix to the wallet's own custody-relevant code.",other
sui,https://github.com/MystenLabs/sui/pull/24996,Fix React Router XSS vulnerability (GHSA-2w69-qvjg-hvjx),0,0.35,none,"This is a third-party dependency override bump to fix an upstream CVE; the wallet's own code has no defect, so per the triage rules it is not classified as a security fix.",other
trezor-firmware,https://github.com/trezor/trezor-firmware/pull/6070,"fix(python): remove ecdsa dependency, use cryptography",0,0.2,none,"This is a dependency swap from ecdsa to cryptography for packaging reasons, explicitly noting the wallet's verification usage is not affected by the CVE, making it an ordinary dependency change rather",other
viem,https://github.com/wevm/viem/commit/a74b05d6e6a4c74ce74990469804858a77af612e,chore: bump vitest to fix audit vulnerability (#4715),0,0.05,none,"This is a dev/test dependency (vitest) version bump to satisfy a CI audit check, not a fix to the wallet's own custody-relevant code.",other
wasabi,https://github.com/WalletWasabi/WalletWasabi/pull/8809,[VDG] Trace all info in exception on app crash,0,0.1,none,"This change improves crash reporting and exception formatting to preserve stack traces and inner exceptions for diagnostics, but does not add any guard, validation, or protection for funds, keys, or s",other
webauthn4j,https://github.com/webauthn4j/webauthn4j/pull/1238,Add Quarkus Security WebAuthn integration tests,0,0.05,none,"This adds a new integration-test module and build configuration for Quarkus WebAuthn integration testing; it does not modify any wallet signing, key, or custody code path.",other
webauthn4j,https://github.com/webauthn4j/webauthn4j/pull/1234,Add Spring Security 7 Passkeys integration tests,0,0.05,none,This adds a new integration test module (sample Spring Boot app + Selenium E2E tests) for WebAuthn/Passkey compatibility; it does not modify wallet or signing code to fix any defect.,other
webauthn4j,https://github.com/webauthn4j/webauthn4j/pull/106,Addresses CVE-2019-12814,0,0.15,none,This is a build/CI configuration change updating CVE references in comments and OWASP suppression entries; the wallet's own source code has no defect being repaired.,other
alphawallet-android,https://github.com/AlphaWallet/alpha-wallet-android/commit/8f16f8ab1678d2ba57ae8c03337631b854031818,Interpret nonce too low error,0,0.05,none,"This is a UI/UX change that improves the error message shown when a 'nonce too low' error occurs during a resend/cancel attempt; it does not touch key material, signing logic, or any custody-relevant ",other
alphawallet-android,https://github.com/AlphaWallet/alpha-wallet-android/commit/5cf30dbaf8699b3704f5955ca5fc6f20efca9fd9,Reduced padding to prevent overflow on low-res devices,0,0.15,none,"This is a UI layout padding adjustment to prevent visual overflow on low-res devices, not a fix to any key material, signing, or custody-relevant logic.",other
alphawallet-ios,https://github.com/AlphaWallet/alpha-wallet-ios/commit/30842184114b4fc9c46d4ba2cecf6d5d33807b35,Log analytics: nonce too low when sending transaction,0,0.05,none,"The diff only adds analytics/telemetry logging for a nonce-too-low error in the send-transaction path, introducing no guard, validation, or key/signing protection.",other
ambire-common,https://github.com/AmbireTech/ambire-common/commit/0607cb8be3a24f78615eff0c25295372cb9262a6,"Fix: Override `elliptic` package to always resolve to `^6.6.1`, as in the previous versions there is a critical issues r",0,0.2,none,"This is a third-party dependency override/bump, which the threat model explicitly excludes as the wallet's own code has no defect here.",other
ambire-common,https://github.com/AmbireTech/ambire-common/pull/1882,Refactor / Unify and async-ify `sign7702` / `signTransactionTypeFour` for external signer and GridPlus EIP-7702 compatibility,0,0.25,none,"This is a refactor for EIP-7702/GridPlus hardware signer compatibility (device crashes on large byte arrays), changing the signed hash scheme from EIP-712-wrapped to raw keccak256; while it touches si",other
ambire-common,https://github.com/AmbireTech/ambire-common/pull/2280,Qr code based hw integration,0,0.15,none,"This is a feature addition adding QR-based hardware wallet support (new types, account picker flow, key iterator wiring) with no existing exploitable condition being repaired.",other
aptos,https://github.com/aptos-labs/aptos-core/commit/966d69a5e01a562ec95b69ab16d6e4ae3eb64970,[Orderbook] Address critical security review feedback (#17959),0,0.15,none,"The diff only touches generated documentation files and benchmark calibration data for an order book module, with no changes to wallet custody, key, or signing code paths.",other
aptos,https://github.com/aptos-labs/aptos-core/commit/2cd764e7e0f366d0a1c22b9d0ceaa83683248e90,[security] Upgrade rustls 0.21.10 to 0.21.12 to fix complete_io infinite loop DoS (#18815),0,0.15,none,"This is a third-party dependency version bump in Cargo.lock to fix an upstream DoS CVE, which the rules explicitly classify as not a security fix for the wallet's own code.",other
aptos,https://github.com/aptos-labs/aptos-core/commit/910800570de5bc784d9d2852a8132090bccf3307,[Secure JSON RPC] Implement a minimal JSON RPC client for security-critical components.,0,0.15,none,"This diff adds a new minimal JSON RPC client crate for security-critical components; it is a new feature/implementation, not a fix to an existing exploitable defect in wallet custody paths.",other
aptos,https://github.com/aptos-labs/aptos-core/commit/587ef788fe56276121c2251f84615d8c682200d8,rust: update to 1.56.1 to mitigate CVE-2021-42574,0,0.15,none,This is a Rust toolchain bump to 1.56.1 (mitigating compiler-level CVE-2021-42574) plus incidental clippy-driven refactors; the wallet's own custody-relevant code has no defect being repaired.,other
aptos,https://github.com/aptos-labs/aptos-core/pull/19458,Confidential assets v1.1.4: keyless integration and some fixes,0,0.15,none,"This PR adds new confidential-asset features (on-chain encrypted DK storage, governance pause/resume scripts, bulletproofs feature flag, keyless account friend declaration) rather than fixing an exist",other
metamask-mobile,https://github.com/MetaMask/metamask-mobile/commit/fd5879884a507046159c7a7760d4f9e802039606,chore(deps): bump the npm_and_yarn group across 1 directory with 2 updates (#25696),0,0.05,none,"This is a routine dependency version bump in CI scripts (yarn.lock), not a fix to wallet custody/signing code.",other
aptos,https://github.com/aptos-labs/aptos-core/pull/17324,Orderless TransactionFactory improvements and integration with executor benchmark,0,0.1,none,"This change only updates test helpers to use a new orderless transaction factory API and does not touch any key, signing, approval, or transport path.",other
aptos,https://github.com/aptos-labs/aptos-core/pull/15637,Bump path-to-regexp and express in /aptos-move/move-examples/my_first_dapp/client,0,0.05,none,"This is a third-party dependency bump in an example client's package-lock.json, not a fix to the wallet's own custody-relevant code.",other
aptos,https://github.com/aptos-labs/aptos-core/pull/15164,[pipeline] integration,0,0.05,none,"This is a feature/refactor integrating a consensus pipeline framework behind a config flag, with no changes to key material, signing, approvals, or any custody-relevant path.",other
aptos,https://github.com/aptos-labs/aptos-core/pull/8700,[Rust SDK] Add HardwareWalletAccount for ledger integration,0,0.15,none,"This is a feature addition for Ledger hardware wallet integration, not a fix for an existing vulnerability in key handling, signing, or custody paths.",other
aptos,https://github.com/aptos-labs/aptos-core/pull/8658,Fix the order of signer and non-signer tx arg validation to maintain backward compatibility,0,0.2,none,"The visible diff consists entirely of CI/CD and workflow configuration changes, and the title indicates a backward-compatibility fix rather than a vulnerability patch.",other
aptos,https://github.com/aptos-labs/aptos-core/pull/8534,add new fuzzer + google oss-fuzz integration files,0,0.05,none,"This PR adds a new fuzzer crate and fuzz test targets for aptos-core; it is test/CI infrastructure, not a fix to any wallet custody, signing, or key-handling defect.",other
aptos,https://github.com/aptos-labs/aptos-core/pull/5209,[crypto] sha3 overflow unit tests,0,0.05,none,This is a test-only change adding unit tests and a benchmark for a known sha3 CVE; it does not modify any wallet source code or fix a defect in the wallet's own custody-relevant paths.,other
aptos,https://github.com/aptos-labs/aptos-core/pull/15716,[Compiler-v2] Use V2 in vm integration tests and remove V1 from prover,0,0.05,none,"This is a compiler/prover tooling refactor that removes V1 support and switches integration tests to V2, with no custody-relevant key, signing, approval, or transport paths touched.",other
aptos,https://github.com/aptos-labs/aptos-core/pull/700,Wallet integration,0,0.05,none,"This is a feature PR adding wallet UI components (logos, headers), new dependencies (Chakra UI, framer-motion), and bumping the aptos SDK version — no guard, validation, or custody-path defect is bein",other
aptos,https://github.com/aptos-labs/aptos-core/pull/5208,[move-prover] Refactor prover integration,0,0.05,none,"This PR adds a new Move prover integration module (developer formal-verification tooling) and refactors build_model parameters; it does not touch any custody-relevant key, signing, approval, or transp",other
aptos,https://github.com/aptos-labs/aptos-core/pull/16479,[lazy-loading] Aptos VM integration (9/n),0,0.15,none,"This is a VM lazy-loading feature integration refactoring module/script storage and loader APIs, with no custody-relevant key, signing, or approval path changes.",other
aptos,https://github.com/aptos-labs/aptos-core/pull/19592,[mono-move] Loader lazy lowering integration and MS for functions,0,0.1,none,"This is a structural refactor and feature integration for the Move VM loader (Eager Lowering) that drops the Executable layer, with no direct impact on key material, signing, or custody paths.",other
aptos,https://github.com/aptos-labs/aptos-core/pull/20236,[framework] Make Option public,0,0.05,none,"This is a test-only change exercising a new Move 2.4 language feature (public enum visibility for std::option::Option); it does not touch any custody-relevant key, signing, approval, or transport path",other
aptos,https://github.com/aptos-labs/aptos-core/pull/17172,"[move-vm] Fix issue in function value upgrade compatibility, add tests",0,0.15,none,"This is a Move VM module-upgrade compatibility fix (protocol/consensus level), not a wallet custody change — it adjusts type-compatibility checks for function values during module upgrades and does no",other
aptos,https://github.com/aptos-labs/aptos-core/pull/17063,[move-asm] Integration into transactional test framework,0,0.05,none,This adds Move ASM (.masm) file support to the transactional test runner and a module-to-script conversion utility for the assembler — it is a feature/test-infrastructure change with no custody-releva,other
aptos,https://github.com/aptos-labs/aptos-core/pull/16734,BlockSTMv2 PR [3/n]: executor refactors for integration preparation,0,0.05,none,"This is a refactor of a blockchain block executor (Aptos BlockSTMv2) introducing a SchedulerWrapper and AggregatorV1 KeyKind handling, with no custody-relevant key/signing/approval/transport changes.",other
aptos,https://github.com/aptos-labs/aptos-core/pull/8250,[indexer-grpc] integration tests with docker-compose,0,0.05,none,"This diff adds CI test infrastructure (GitHub Actions workflows, grpcurl installer, integration test package) for indexer gRPC e2e testing — no custody-relevant code paths are modified.",other
aptos,https://github.com/aptos-labs/aptos-core/pull/3751,[aptos-node/cli] Add windows compatibility,0,0.05,none,"This is a Windows compatibility change removing Unix-only terminal coloring and adjusting build paths/stack sizes, with no hardening of key, signing, or custody paths.",other
bip39-tool,https://github.com/iancoleman/bip39/commit/85c906727a24ab97a3c2908c72ad37ad988ecb01,Warn when generating low entropy mnemonics,0,0.35,ui_deception,"This only adds a UI warning text when low-strength mnemonics are selected but does not prevent or fix weak mnemonic generation, so it is a UX feature rather than a custody-impacting security fix.",other
bisq,https://github.com/bisq-network/bisq/commit/2b171e48317044e40ad1b3496d5b37115cc1ce34,Fix offer editing for low volume offers,0,0.1,none,"This change fixes a UI bug in the offer editor where a validity check fails for low volume offers, which is a functional bug fix and does not affect custody, key material, or signing authority.",other
bisq,https://github.com/bisq-network/bisq/commit/18a0c32708e28484be0f2e66b207a9d9d92fcb10,Add subclass of ECKey which grinds for low-R signatures,0,0.15,none,"This adds low-R signature grinding (RFC 6979 with counter) for fee savings and signature uniformity, which is a feature/optimization, not a fix for any key-leak, signing-bypass, or custody-relevant vu",other
bisq,https://github.com/bisq-network/bisq/commit/0bec4824bfd1195f7b7c4a7f6d09b6ed62b95324,Fix broken low-R signing with a password encrypted wallet,0,0.25,none,"This fixes a functional bug where an incorrectly copied keyCrypter field causes a spurious exception during signing of an already-decrypted key; it does not leak key material, accept invalid signature",other
bisq,https://github.com/bisq-network/bisq/commit/5cba1c2c87bf277242c91545b525ac8d22b78875,Add cold storage reminder popup for high wallet balances,0,0.05,none,"This adds a new UI reminder popup nudging users to move funds to cold storage; it does not fix any defect in key handling, signing, transport, or any custody-relevant path.",other
bitbox-app,https://github.com/BitBoxSwiss/bitbox-wallet-app/pull/3524,backend/bitbox02: add integration test for payment requests,0,0.02,none,"This is a test-only change adding an integration test for BitBox02 payment request signing, with no modifications to production wallet code.",other
bitbox-app,https://github.com/BitBoxSwiss/bitbox-wallet-app/pull/1124,Compatibility with Electrum protocol 1.4 and Electrs v0.8.6,0,0.15,none,"The diff updates Electrum protocol version compatibility, changes default backend server configurations and certificates, and refactors the ServerVersion struct, which are ordinary compatibility and m",other
bitcoin-core,https://github.com/bitcoin/bitcoin/commit/6e7c4d17d8abb4b1c8b91504699ce6970e01a1fb,gitian: upgrade OpenSSL to 1.0.1h,0,0.1,supply_chain,"This is a third-party dependency bump (OpenSSL) in the build configuration, which the threat model explicitly excludes as not a security fix since the wallet's own code has no defect.",other
bitcoin-core,https://github.com/bitcoin/bitcoin/commit/dd68d0f40b614474f24469fbe1ba02f8f9146b31,Squashed 'src/ipc/libmultiprocess/' changes from b4120d34bad2..1b8d4a6f1e54,0,0.15,none,"This is a vendored library (libmultiprocess) update containing CI/build infrastructure changes, CMake version requirements, and a build-time CVE check for a third-party dependency (Cap'n Proto) — the ",other
bitcoin-core,https://github.com/bitcoin/bitcoin/commit/fa2d8b61f9343d350b67357a12f39b613c8ee8ad,"fuzz: BIP 42, BIP 30, CVE-2018-17144",0,0.05,none,This is a new fuzz test harness for UTXO total supply consensus rules; it adds no wallet source changes and is test-only.,other
bitcoin-core,https://github.com/bitcoin/bitcoin/commit/4a811b00534cb1ba39f8d31c4912ba995a4ac268,gitian: upgrade openssl to 1.0.1g for both win and linux,0,0.15,none,"This is a third-party dependency version bump in build descriptors; per the threat model, bumping a dependency—even one fixing a CVE—is not a security fix in the wallet's own code.",other
bitcoin-core,https://github.com/bitcoin/bitcoin/commit/1227be30ecff2bdf9f88213f356e1b4a2b28543a,doc: Update release notes from wiki,0,0.02,none,"This is a documentation-only change updating release notes from the wiki, with no modifications to wallet source code or custody-relevant paths.",other
bitcoin-core,https://github.com/bitcoin/bitcoin/commit/9a75d29b6f0d6c4834e451b0fae2200786655a35,devtools: Check for high-entropy ASLR in 64-bit PE executables,0,0.1,none,"This change only updates a build/devtool script that checks for ASLR flags in compiled binaries, which is a test/CI change rather than a fix to wallet runtime code that protects funds, keys, or signin",other
bitcoin-core,https://github.com/bitcoin/bitcoin/commit/18dfea0dd082af18dfb02981b7ee1cd44d514388,Always create 70 byte signatures with low R values,0,0.15,none,"Low-R signature grinding is a fee/standardness/privacy optimization that reduces signature size; it does not prevent key leakage, signing bypass, replay, or any custody-relevant loss of funds.",other
bitcoin-core,https://github.com/bitcoin/bitcoin/pull/34545,doc: Update Guix installation instructions for Debian/Ubuntu,0,0.05,none,"This is a docs-only update to Guix installation instructions; the wallet's own code has no defect, and bumping or removing a third-party tool due to its CVEs is not a custody-relevant fix.",other
bitcoin-core,https://github.com/bitcoin/bitcoin/pull/28220,Libstandardness (edition 2023),0,0.05,none,"This PR adds a new library interface (libstandardness) for policy validation of unconfirmed transactions; it is a new feature, not a fix to an existing custody, signing, or key-handling defect.",other
bitcoin-core,https://github.com/bitcoin/bitcoin/pull/25775,docs: remove non-signaling mentions of BIP125,0,0.05,none,"This is a documentation/naming refactor that removes 'BIP125' mentions from comments and renames a constant, with no change to custody-relevant key, signing, or transaction validation logic.",other
bitcoin-core,https://github.com/bitcoin/bitcoin/pull/24147,Miniscript integration,0,0.15,none,"This is a feature addition integrating Miniscript (a structured Bitcoin Script language) into the codebase with new source files and tests, not a fix for an existing vulnerability in key handling, sig",other
bitcoin-core,https://github.com/bitcoin/bitcoin/pull/20320,Depends: Update FreeType package (CVE-2020-15999),0,0.05,none,This is a third-party dependency version bump (FreeType) to pick up an upstream CVE fix; the wallet's own code has no defect here.,other
bitcoin-core,https://github.com/bitcoin/bitcoin/pull/18290,build: Set minimum Automake version to 1.13,0,0.15,supply_chain,"This only sets a minimum Automake build-tool version in configure.ac; it does not touch wallet source code, keys, signing, or any custody-relevant path.",other
bitcoin-core,https://github.com/bitcoin/bitcoin/pull/8423,"[depends] expat 2.2.0, ccache 3.3.1, fontconfig 2.12.1",0,0.05,none,"This is a third-party dependency version bump in the depends build system, which the rules explicitly classify as not a security fix even if the dependency fixed CVEs.",other
bitcoin-core,https://github.com/bitcoin/bitcoin/pull/24860,Miniscript integration follow-ups,0,0.15,none,"This is a refactoring/modernization PR for Miniscript code (renaming nodetype to fragment, replacing out-args with std::optional, removing GCC 4.8 workarounds) with no new guards or validation changes",other
bitcoinjs-lib,https://github.com/bitcoinjs/bitcoinjs-lib/commit/352e9ef0a3a2be01f9c85a077d85563812890ed4,Add low R signing to TransactionBuilder,0,0.15,none,"Adds an opt-in low-R signing flag (default off) to TransactionBuilder; this is a feature for canonical/smaller signatures, not a repair of an exploitable custody defect.",other
bitcoinjs-lib,https://github.com/bitcoinjs/bitcoinjs-lib/commit/b5577607d4496a6774d9e1f126f312d634ca3b55,Add tests for low R signing,0,0.1,none,"This change adds tests for a new low-R signing feature and bumps the tiny-secp256k1 dependency to support it, rather than fixing a custody-relevant defect.",other
bitcoinjs-lib,https://github.com/bitcoinjs/bitcoinjs-lib/commit/9d876198f512371e97ab568b1c5c218c231c73ae,Moves 'low S value' test from eckey.js to ecdsa.js,0,0.05,none,This is a test-only change that relocates an existing low-S value test between test files without modifying any wallet source code or adding a guard.,other
bitcoinjs-lib,https://github.com/bitcoinjs/bitcoinjs-lib/pull/915,BIP32/secp256k1/keyPair preparation,0,0.15,none,"This is an API refactoring to allow TransactionBuilder.sign to accept alternative keyPair interfaces (bip32/HDKey/secp256k1), not a fix for any custody-relevant defect.",other
bitcoinjs-lib,https://github.com/bitcoinjs/bitcoinjs-lib/pull/162,Adding integration tests,0,0.02,none,"This is a test-only change adding integration tests and a test dependency, with no modifications to wallet source code or custody-relevant paths.",other
bitcoinjs-lib,https://github.com/bitcoinjs/bitcoinjs-lib/pull/282,Deprecate Buffer interop in preparation for 2.0.0,0,0.05,none,"This is an API deprecation refactor adding console warnings to toBuffer/fromBuffer methods in preparation for 2.0.0, with no change to key derivation or serialization logic.",other
bitgo,https://github.com/BitGo/BitGoJS/commit/1872bb18eca7d5505cd0861559585750f966a37a,chore: exclude tar CVE GHSA-r6q2-hw4h-h46w in .iyarc,0,0.05,none,This change merely suppresses a third-party dependency CVE advisory in a config file and does not fix any defect in the wallet's own custody-relevant code.,other
bitgo,https://github.com/BitGo/BitGoJS/pull/8880,chore: exclude GHSA-ph9p-34f9-6g65 (tmp path traversal) from yarn audit,0,0.05,none,"This is a CI configuration change that excludes a dev-dependency advisory from yarn audit; no wallet source, key, signing, or custody-relevant code is modified.",other
bitgo,https://github.com/BitGo/BitGoJS/pull/8701,feat(passkey-crypto): WCN-195 integration tests and complete package exports,0,0.05,none,"This change only adds integration tests, test helpers, a test script, and exports two already-existing functions without altering any key/signing/approval logic.",other
bitgo,https://github.com/BitGo/BitGoJS/pull/8278,chore: add .iyarc exclusion for tar GHSA-9ppj-qmqm-q256,0,0.05,none,"This is a configuration change to suppress a dependency CVE scanner alert for tar, not a fix to the wallet's own custody-relevant code.",other
bitgo,https://github.com/BitGo/BitGoJS/pull/8184,test(abstract-utxo): add integration tests for custom change wallet key,0,0.15,none,"This is primarily a test rewrite replacing SDK-dependent tests with pure utxo-lib implementations, plus minor type-widening refactors in source files; no new guard, validation, or exploitable-conditio",other
bitgo,https://github.com/BitGo/BitGoJS/pull/7996,chore: add new security advisory GHSA-34x7-hfp2-rc4v to configuration,0,0.05,none,"This is a configuration change to exclude a build-tool dependency vulnerability from advisory scanning, not a fix to the wallet's own custody-relevant code.",other
bitgo,https://github.com/BitGo/BitGoJS/pull/6944,build: bump serialize-javascript to resolve XSS vulnerability,0,0.15,none,"This is a third-party dependency bump to force-resolve serialize-javascript, not a fix to the wallet's own custody-relevant code.",other
bitgo,https://github.com/BitGo/BitGoJS/pull/6905,fix(express): express version update,0,0.1,none,"This is a third-party dependency bump to fix a CVE in Express.js, which the rules explicitly classify as an ordinary change since the wallet's own code has no defect.",other
bitgo,https://github.com/BitGo/BitGoJS/pull/6783,chore(deps): update vuln CVE-2025-9288,0,0.15,none,"This is a third-party dependency version bump for sha.js to address a CVE, which the wallet's own code has no defect in.",other
bitgo,https://github.com/BitGo/BitGoJS/pull/4900,chore(express): bumped body-parser version to fix vuln,0,0.15,none,This is a third-party dependency version bump for body-parser; the wallet's own code has no defect here.,other
bitgo,https://github.com/BitGo/BitGoJS/pull/3837,feat(examples): add integration example for v1 safe wallets,0,0.05,none,"This PR adds example/integration-test scripts and fixtures demonstrating v1 safe wallet creation and signing, not a fix to any wallet custody defect.",other
bitgo,https://github.com/BitGo/BitGoJS/pull/3165,chore(utxo-lib): fix misc functions for PSBTs and bump bitcoinjs-lib,0,0.35,none,"The PR is primarily a dependency bump (bitcoinjs-lib, which transitively patches a json5 CVE — explicitly excluded by the rules), a new fromHex convenience method, a minor PSBT correctness fix removin",other
bitgo,https://github.com/BitGo/BitGoJS/pull/1500,feat(core): expose compatibility layer at `require('bitgo').bitcoin`,0,0.15,none,"This is a refactor/deprecation cleanup that replaces legacy utxolib HDNode helpers with a bip32 compatibility wrapper, introducing no new guards or fixes to key/signing/approval paths.",other
bluewallet,https://github.com/BlueWallet/BlueWallet/pull/8021,Bump on-headers and compression,0,0.05,none,"This is a third-party dependency version bump in package-lock.json, which the threat model explicitly classifies as an ordinary change even if the dependency fixed a CVE.",other
bluewallet,https://github.com/BlueWallet/BlueWallet/pull/5715,fix vulnerabilities.,0,0.1,none,"This is a dependency bump in package-lock.json to resolve npm audit warnings, which does not fix a defect in the wallet's own code.",other
bluewallet,https://github.com/BlueWallet/BlueWallet/pull/8723,FIX: repair Transifex fastlane metadata integration,0,0.02,none,"This change only fixes Transifex/fastlane App Store metadata paths and refreshes localization text; it touches no key, signing, approval, transport, or platform code.",other
bluewallet,https://github.com/BlueWallet/BlueWallet/pull/8166,FIX: hw wallets with taproot integration,0,0.25,other,"This is a functional compatibility fix for zpub format handling and watch-only wallet type selection, not a security fix — no key material, signing authority, or untrusted input path is involved, and ",other
brave-wallet,https://github.com/brave/brave-core/commit/25f206e7ed1fdde2ba9d914c2fb6d9bcf177474a,npm audit: fix low severity vulnerability with node-fetch that is required with the no-longer-maintained @dump247/storyb,0,0.15,none,This is a dependency bump in package-lock.json to update react-json-view and transitive deps (node-fetch) for a low-severity npm audit finding; the wallet's own code has no custody-relevant defect bei,other
brave-wallet,https://github.com/brave/brave-core/commit/cfa36aad9f68a57b5b834a96fafcd5926a9e1692,Remove crate/book from third_party rust cxx tree.,0,0.05,none,"Removing vendored documentation/book build tooling from a third-party Rust crate to clear an npm audit failure is a cleanup, not a wallet custody fix.",other
brave-wallet,https://github.com/brave/brave-core/commit/df1de0f60e428e00393d188edb9b22d8817c4a46,Bumped WDP to fix CVE-2022-33987 (#13897),0,0.05,none,"This is a third-party dependency version bump to pick up an upstream CVE fix, not a defect in the wallet's own custody-relevant code.",other
brave-wallet,https://github.com/brave/brave-core/commit/00a17500b5fc74ee4d1f8e1621e6e960fa2e50ce,Muted audit finding GHSA-566m-qj78-rww5 (CVE-2021-23382) (#11774),0,0.15,none,"This only mutes a dependency advisory in an audit script, not a fix to the wallet's own custody-relevant code.",other
brave-wallet,https://github.com/brave/brave-core/pull/38316,Enhance rust.md with FFI integration link,0,0.0,none,"Documentation-only change adding FFI integration links to rust.md, with no wallet source or custody-relevant code touched.",other
brave-wallet,https://github.com/brave/brave-core/pull/36049,[ads][CodeHealth] Fix async race in integration tests for database tables,0,0.0,none,"The diff only modifies integration test files to poll with RunUntil instead of querying once, fixing a test-only async race with no impact on wallet custody, keys, or signing paths.",other
brave-wallet,https://github.com/brave/brave-core/pull/35485,fix: address security advisories,0,0.2,none,"This is a third-party dependency commit bump in DEPS, not a fix to the wallet's own custody-relevant code.",other
brave-wallet,https://github.com/brave/brave-core/pull/35424,feat: add fix_deps script and skill for security advisory remediation,0,0.05,none,"This adds a developer tooling script and CI orchestration skill for automating dependency advisory remediation; it does not touch any wallet custody, key, signing, or transport code path.",other
brave-wallet,https://github.com/brave/brave-core/pull/33825,Address GHSA-43fc-jf86-j433 (uplift to 1.87.x),0,0.1,none,"The diff only modifies the .github/CODEOWNERS repository configuration file, which does not affect wallet source code, key material, or signing paths.",other
brave-wallet,https://github.com/brave/brave-core/pull/32812,Potential Vulnerability in Cloned Code,0,0.2,memory,"This patches an integer-overflow CVE in vendored LLVM SmallVector code within a build-time WASM optimization tool (wasm-opt-sys/binaryen), not in the wallet's own runtime custody, signing, or key-hand",other
brave-wallet,https://github.com/brave/brave-core/pull/30174,fix https://github.com/advisories/GHSA-fjxv-7rqg-78g4 (uplift to 1.80.x),0,0.0,none,"The diff only modifies the .github/CODEOWNERS file, which is a repository configuration change and does not touch any wallet custody or signing code.",other
brave-wallet,https://github.com/brave/brave-core/pull/30173,fix https://github.com/advisories/GHSA-fjxv-7rqg-78g4 (uplift to 1.81.x),0,0.2,none,"The diff only modifies the .github/CODEOWNERS governance file and the PR is a dependency uplift/version bump, not a fix to the wallet's own custody-relevant code.",other
brave-wallet,https://github.com/brave/brave-core/pull/28091,address GHSA-jr5f-v2jv-69x6 (uplift to 1.77.x),0,0.1,none,"The diff only modifies the .github/CODEOWNERS file, which is a repository governance change and does not touch any wallet code or custody-relevant subsystems.",other
brave-wallet,https://github.com/brave/brave-core/pull/26896,Bump path-to-regexp and express,0,0.05,none,"This is a third-party dependency bump in package-lock.json, which the rules explicitly classify as not a security fix even if the dependency patched a CVE.",other
brave-wallet,https://github.com/brave/brave-core/pull/37256,Move teamcity reporter integration test into separate python script.,0,0.02,none,"This is a test-only change adding a Python integration test for the TeamCity reporter output, with no impact on wallet key material, signing, approvals, or any custody-relevant code.",other
brave-wallet,https://github.com/brave/brave-core/pull/37720,Add support for pnpm audit to audit_deps.py.,0,0.05,none,"This adds pnpm audit support to a CI/tooling script; it does not fix a defect in wallet custody, signing, or key-handling code.",other
brave-wallet,https://github.com/brave/brave-core/pull/22283,(Wallet) Show all Solana accounts in connection panel during DApp integration,0,0.15,none,"This change adds a feature to display all Solana accounts during DApp integration rather than only the selected one, which is a UI/feature change with no custody-relevant defect being repaired.",other
brave-wallet,https://github.com/brave/brave-core/pull/8466,Add Android integration for permission lifetime options.,0,0.15,none,"This PR adds Android UI and bytecode plumbing for browser permission lifetime options (e.g., geolocation/notification prompts), not wallet custody or signing paths, so it is an ordinary feature change",other
btcpay,https://github.com/btcpayserver/btcpayserver/commit/9e9b5945fe3de77dabb04874625e7fa38799ba64,Ensure the payjoin can generate a high R signature if the payer is sending it,0,0.15,other,"This change matches the payer's low-R/high-R signature format on the receiver's payjoin inputs for transaction uniformity/privacy, not to prevent fund loss, key leakage, or signing authority compromis",other
btcpay,https://github.com/btcpayserver/btcpayserver/pull/336,Updating Yaml,0,0.15,none,"This is a third-party dependency version bump to address a CVE in YamlDotNet, not a fix to the wallet's own custody-relevant code.",other
cake-wallet,https://github.com/cake-tech/cake_wallet/pull/1966,CW 882: Integrate Seed Verification Flow To Integration Tests,0,0.05,none,"The diff only modifies a GitHub Actions integration-test workflow (runner image, caching, secret injection for the test build) and touches no wallet source, key, signing, or custody-relevant code.",other
cake-wallet,https://github.com/cake-tech/cake_wallet/pull/3041,Enhance LNURL payment integration,0,0.15,none,"The visible diff consists of CI workflow config, build settings, deeplink scheme additions, and asset files — all ordinary feature/infrastructure changes with no custody-relevant defect being repaired",other
cake-wallet,https://github.com/cake-tech/cake_wallet/pull/2708,feat: implement silent payment derivation paths and master HD wallet integration,0,0.35,key_material,"This is a feature implementation ('feat:') adding Silent Payments support with correct BIP-352 derivation paths and master HD wallet integration, not a fix to a pre-existing exploitable vulnerability ",other
coinbase-sdk,https://github.com/coinbase/coinbase-wallet-sdk/pull/1449,fix(deps): Server-Side Request Forgery in Next Actions DApp,0,0.05,none,"This is a third-party dependency bump in yarn.lock, which the rules explicitly exclude from being a security fix even if the dependency patched a CVE.",other
coldcard,https://github.com/Coldcard/firmware/commit/d98bcd18fc098eb28693b9e8d2db2891e1fcb4f6,Avoid producing 72 byte signatures (low-R),0,0.1,other,"This change adds low-R signature grinding for fee savings and on-chain anonymity, which is a privacy/performance enhancement rather than a fix for a custody-relevant vulnerability.",other
coolwallet,https://github.com/CoolBitX-Technology/coolwallet-sdk/pull/1023,"chore(deps): bump on-headers, compression and morgan in /packages/coin-near",0,0.05,none,"This is a routine third-party dependency bump in package-lock.json, which the threat model explicitly classifies as non-security.",other
coolwallet,https://github.com/CoolBitX-Technology/coolwallet-sdk/pull/481,chore(deps): bump got and web3 in /packages/coin-vet,0,0.05,none,"This is a routine third-party dependency bump (got, web3, ethers) in a lockfile with no changes to the wallet's own custody-relevant code.",other
coolwallet,https://github.com/CoolBitX-Technology/coolwallet-sdk/pull/397,Near integration,0,0.05,none,"This is a new feature adding NEAR coin support (README, babel config, package.json) with no existing defect being repaired.",other
core-mobile,https://github.com/ava-labs/core-mobile/pull/2141,playwright and core.app integration,0,0.02,none,"This is a test-only change adding Playwright/Detox e2e integration scaffolding and helpers for dapp-wallet connection testing, with no custody-relevant source code or guard changes.",other
core-mobile,https://github.com/ava-labs/core-mobile/pull/1093,CP-7848: Seedless feature flag integration,0,0.05,none,This is a feature-flag integration and UI refactor that extracts onboarding render logic into helper functions and moves feature-flag selectors from context to direct Redux selectors; no custody-relev,other
core-mobile,https://github.com/ava-labs/core-mobile/pull/2175,QA New - Web and Mobile integration - Dapps Swap Testing,0,0.02,none,"The diff only modifies e2e test helpers, page objects, and test runner scripts for dapp swap testing; no wallet source, key, signing, or transport code is touched.",other
core-mobile,https://github.com/ava-labs/core-mobile/pull/3574,CP-13005: Basic Fusion SDK Integration,0,0.1,none,This is a feature integration (Fusion SDK for cross-chain swaps/transfers) plus API client refactoring (Zodios to custom fetch) and CAIP-2 chain ID plumbing — none of the changes add security guards o,other
core-mobile,https://github.com/ava-labs/core-mobile/pull/1308,CP-8552: Blockaid dApp scanning integration,0,0.15,ui_deception,This adds a new Blockaid dApp/transaction scanning feature with warning UI components rather than fixing an existing vulnerability in the wallet's own code.,other
core-mobile,https://github.com/ava-labs/core-mobile/pull/2166,QA New: Playground testing with `playwright web` and `detox mobile` integration,0,0.05,none,"This is a test-only change adding Playwright/Detox e2e harnesses and testIDs to UI elements; no key, signing, approval, transport, or custody-relevant logic is modified.",other
cosmjs,https://github.com/cosmos/cosmjs/pull/618,Demonstrate Stargate Ledger compatibility via Amino signing,0,0.05,none,"This is a test-only change adding Stargate compatibility tests and fixing a typo in test variable names, with no production code or custody-relevant defect repaired.",other
cosmostation,https://github.com/cosmostation/cosmostation-chrome-extension/pull/427,[APIS-557] Update Bitcoin support with Taproot and Signet Taproot integration,0,0.15,none,"This is a feature addition adding Taproot/Signet Taproot network support and Taproot-specific PSBT signing paths (tweakSigner, isTaprootInput branching), not a fix for an existing exploitable vulnerab",other
alphawallet-android,https://github.com/AlphaWallet/alpha-wallet-android/pull/2092,Improve WalletConnect service integration,0,0.15,none,"This is a described refactor of WalletConnect service integration that reorganizes approve/reject handling and adds event broadcasting, without adding any security guard or fixing an exploitable condi",other
alphawallet-android,https://github.com/AlphaWallet/alpha-wallet-android/pull/1952,Update Web3 Integration,0,0.2,none,"The changes fix Web3 script injection reliability in the WebView and pass the active chain ID to WalletConnect, both of which are functionality/feature improvements rather than fixes to a custody-rele",other
alphawallet-ios,https://github.com/AlphaWallet/alpha-wallet-ios/pull/4005,Integration Blockscan Chat API to show unread count for wallet. Tap to open in browser,0,0.05,none,"This is a new feature adding Blockscan Chat unread-count integration with remote logging; it does not touch key material, signing, approvals, or any custody-relevant path.",other
alphawallet-ios,https://github.com/AlphaWallet/alpha-wallet-ios/pull/3386,Add blockchain explorer key support to polygonscan API integration,0,0.05,none,"Adds an optional API key field for Polygonscan explorer requests, a feature/config change with no impact on key material, signing, or custody paths.",other
alphawallet-ios,https://github.com/AlphaWallet/alpha-wallet-ios/pull/1567,add compatibility for erc721 ticket magic links,0,0.15,none,This adds a new feature — ERC721 ticket magic link support with a new message encoding path for tokenIds — rather than fixing a defect in existing signing or custody logic.,other
ambire-common,https://github.com/AmbireTech/ambire-common/pull/1712,Fix: the etherspot bundler integration was missing a function,0,0.2,none,"The diff adds a missing configuration function to the Etherspot bundler integration and does not touch key material, signing, or custody paths.",other
ambire-common,https://github.com/AmbireTech/ambire-common/pull/1431,stkWALLET: add xWALLET contract compatibility,0,0.15,none,"This is a feature change adding xWALLET interface compatibility (renaming stakeAndWrap to enterTo with a recipient parameter, adding enter/shareValue/governance methods) with no custody-relevant defec",other
aptos,https://github.com/aptos-labs/aptos-core/pull/17669,"[Keyless] Refactor DB integration in Pepper Service, update scripts and README.",0,0.05,none,"This PR refactors the Pepper Service DB integration to support a local file-based DB for development convenience and updates scripts/README; it does not add or remove any custody-relevant guard, key, ",other
aptos,https://github.com/aptos-labs/aptos-core/pull/16589,[lazy-loading] LoadModule integration (5/n),0,0.15,none,"This PR adds lazy-loading module support and refactors integration tests in the Move VM runtime; it is a feature/refactor change with no custody-relevant key, signing, or approval path touched.",other
aptos,https://github.com/aptos-labs/aptos-core/pull/16590,[lazy-loading] Module metadata integration (6/n),0,0.15,none,"This is a protocol-level gas metering change for Move VM lazy-loading metadata access, not a wallet custody fix; it adds gas accounting and invariant assertions for VM internals but does not touch key",other
aptos,https://github.com/aptos-labs/aptos-core/pull/16899,"BlockSTMv2 PR [7/n]: Group MVHashMap changes, integration, tests",0,0.05,none,"This is a BlockSTMv2 parallel execution engine refactor in the Aptos VM, changing data structures and iteration patterns for resource group multi-versioning; it does not touch wallet key material, sig",other
aptos,https://github.com/aptos-labs/aptos-core/pull/16576,[lazy-loading] Function value serialization integration (3/n),0,0.05,none,"This is a VM-level refactor for lazy-loading and function value serialization with updated tests, not a custody-relevant wallet fix.",other
aptos,https://github.com/aptos-labs/aptos-core/pull/16394,[lazy-loading] Pre-integration refactoring (1/n),0,0.05,none,"This is a pre-integration refactoring to prepare for lazy loading of modules and feature flags, with no changes to key material, signing, approval, or custody-relevant wallet paths.",other
aptos,https://github.com/aptos-labs/aptos-core/pull/14996,[forge] fix processor sdk integration,0,0.05,none,"This is a test-suite/CI change adjusting Kubernetes image pull policy and Prometheus query aggregation, with no impact on key material, signing, or custody paths.",other
aptos,https://github.com/aptos-labs/aptos-core/pull/14054,remove buildkite integration,0,0.02,none,"Removes unused Buildkite test collector from CI workflows, touching only GitHub Actions config with no custody-relevant code.",other
aptos,https://github.com/aptos-labs/aptos-core/pull/14201,remove legacy indexer integration test crate,0,0.05,none,"This change simply removes an unused legacy indexer integration test crate and its dependencies; it touches no key, signing, approval, or transport paths.",other
aptos,https://github.com/aptos-labs/aptos-core/pull/13346,"[Compiler-v2][trivial] Add `features = [""testing""]` to `move-binary-format` for third_party/move-vm/integration-tests",0,0.0,none,"This change merely enables a testing feature flag in a Cargo.toml for integration tests, which does not touch any custody-relevant wallet code.",other
aptos,https://github.com/aptos-labs/aptos-core/pull/10514,[Adapter][Executor] New resource group integration,0,0.05,none,"This is a blockchain VM/executor feature change adding resource-group gas-charging behavior behind a feature flag, with no custody-relevant key, signing, approval, or transport impact.",other
aptos,https://github.com/aptos-labs/aptos-core/pull/9920,Fix indexer-grpc-integration-tests,0,0.02,none,"This is a CI workflow fix to install grpcurl and Python dependencies for integration tests, with no custody-relevant code or key/signing paths touched.",other
aptos,https://github.com/aptos-labs/aptos-core/pull/9703,[CLI] merge feature_branch/cli ledger_integration,0,0.15,none,"This is a feature branch merge adding Ledger hardware wallet integration (new status code enums, error types, constant renames) rather than fixing a security defect in existing custody code.",other
aptos,https://github.com/aptos-labs/aptos-core/pull/9697,[compiler v2] Integration into package system and Aptos CLI,0,0.05,none,"This PR integrates the v2 Move compiler into the package system and CLI by adding a compiler_version option; it is a toolchain/feature change with no custody, key, signing, or transport relevance.",other
aptos,https://github.com/aptos-labs/aptos-core/pull/9208,[gha] prevent indexer grpc integration tests from cancelling on push,0,0.02,none,"This is a CI workflow concurrency-group tweak to prevent job cancellation on push events; it touches no wallet source, key material, signing, or custody-relevant code.",other
aptos,https://github.com/aptos-labs/aptos-core/pull/7968,[CLI][TSSDK] FFI Integration between aptos CLI and Typescript SDK,0,0.05,none,"This PR adds a new FFI integration feature to allow TypeScript to call the aptos CLI, including new unsafe bindings and a TS example; it does not fix any existing custody, key, or signing vulnerabilit",other
aptos,https://github.com/aptos-labs/aptos-core/pull/7125,Run faucet integration tests in CI,0,0.05,none,"This PR only adds CI workflows and integration test scaffolding for the faucet, with no changes to key handling, signing, or any custody-relevant wallet code.",other
aptos,https://github.com/aptos-labs/aptos-core/pull/4608,[executor] fix integration test helper,0,0.02,none,"This is a test-only change adjusting integration test mint amounts and balance assertions to tolerate non-zero gas charges, with no custody-relevant code touched.",other
aptos,https://github.com/aptos-labs/aptos-core/pull/4230,[docs] Add links to Rust SDK to the system integration guide,0,0.0,none,"Documentation-only change adding Rust SDK links to the system integration guide, with no impact on custody, keys, signing, or any security-relevant code.",other
aptos,https://github.com/aptos-labs/aptos-core/pull/2270,[forge] prometheus integration,0,0.05,none,"Adds Prometheus metrics querying to a test/forge harness; no key, signing, approval, or custody-relevant code is touched.",other
aptos,https://github.com/aptos-labs/aptos-core/pull/2763,[aptos-telemetry] telemetry service client integration,0,0.05,none,"This PR adds a telemetry service client integration (new feature) with dependency updates in Cargo.lock, touching no custody-relevant subsystems such as keys, signing, approvals, or transport.",other
aptos,https://github.com/aptos-labs/aptos-core/pull/1617,cicd: env for sdk-integration-test,0,0.05,none,"This is a CI/CD configuration change moving env variables for SDK integration tests, with no impact on wallet custody, keys, signing, or any security-relevant code path.",other
aptos,https://github.com/aptos-labs/aptos-core/pull/19825,remove ts-batch-encrypt and associated tests,0,0.05,none,"This PR only removes test-only helpers (all #[cfg(test)]) and TypeScript interop test infrastructure; no production encryption, signing, or key-handling code is modified.",other
aptos,https://github.com/aptos-labs/aptos-core/pull/18454,Add conversion fns from blst consensus keys to chunky encryption keys,0,0.15,none,"This adds new conversion functions and adjusts ElGamal parameters to enable consensus-key reuse as encryption keys — a feature addition, not a fix for an existing exploitable defect.",other
aptos,https://github.com/aptos-labs/aptos-core/pull/19188,[flow] Prepare plugin release and fix MCP schema compatibility,0,0.05,none,"This change adds a publish script, fixes MCP schema compatibility for the Claude API, merges docs, and bumps the version — none of which touch key material, signing, approvals, or any custody-relevant",other
aptos,https://github.com/aptos-labs/aptos-core/pull/16791,[vm] Remove captured layout compatibility check for closures,0,0.1,none,"This change removes an incomplete and unnecessary layout compatibility check in the Move VM runtime to reduce overhead and gas metering complexity, which is a refactor/performance change rather than a",other
aptos,https://github.com/aptos-labs/aptos-core/pull/10609,Fix framework upgrade compatibility on main,0,0.05,none,"This diff merely adds new Move framework feature-flag accessor functions and their generated documentation, with no custody-relevant key, signing, approval, transport, or contract-validation defect be",other
aptos,https://github.com/aptos-labs/aptos-core/pull/9639,update compatibility test base,0,0.02,none,"This is a CI workflow change bumping a compatibility test image tag from v1.5.1 to v1.6.2, with no impact on wallet source code or custody-relevant paths.",other
aptos,https://github.com/aptos-labs/aptos-core/pull/9609,Fix node compatibility test CI,0,0.0,none,"This is a CI workflow fix for a path issue in node compatibility tests, not a change to wallet custody or signing code.",other
aptos,https://github.com/aptos-labs/aptos-core/pull/4081,[compatibility] Test whether head frameworks can upgrade testnet,0,0.05,none,"This is a test-only change adding a framework compatibility test and refactoring genesis options in test harnesses, with no custody-relevant code paths touched.",other
aptos,https://github.com/aptos-labs/aptos-core/pull/4199,[move-deps & friend compat] Updates move-deps & relaxes friend compatibility,0,0.15,none,"This is a dependency bump of move-language and addition of a Move language visibility feature, not a fix to the wallet's own custody/signing/key code.",other
aptos,https://github.com/aptos-labs/aptos-core/pull/3519,telemetry-service: optimize label naming for readability and compatibility,0,0.05,none,"This is a telemetry/metrics label naming refactor for Grafana dashboard compatibility, with no impact on key material, signing, approvals, or any custody-relevant path.",other
biconomy-scw,https://github.com/bcnmy/scw-contracts/pull/8,AA updates integration,0,0.15,none,"This diff deletes a vendored/flattened ERC-4337 EntryPoint contract as part of updating to the latest AA contracts and restructuring, which is a dependency/contract update rather than a fix to the wal",other
bisq,https://github.com/bisq-network/bisq/pull/7292,core: Add dependency to bitcoind:regtest (integration source set),0,0.05,none,"This change only adds a bitcoind:regtest dependency to the integration test source set and updates Gradle verification metadata, with no impact on wallet key/signing/custody code.",other
bisq,https://github.com/bisq-network/bisq/pull/935,DCT integration,0,0.05,none,"This adds address format validation for a new altcoin (DCT/DECENT) ticker, which is a feature addition rather than a fix for a custody-relevant vulnerability.",other
bisq,https://github.com/bisq-network/bisq/pull/1005,Western union integration,0,0.05,none,"This diff adds a new Western Union payment account type and related protobuf/i18n plumbing, which is a feature addition with no custody, key, or signing impact.",other
bitbox-app,https://github.com/BitBoxSwiss/bitbox-wallet-app/pull/3197,frontend/btcdirect: enable write clipboard for iframe integration,0,0.05,none,"This adds clipboard-write permission to an exchange iframe to fix a broken copy button for bank transfer details; it is a feature/UX fix, not a custody-relevant vulnerability repair.",other
bitbox-app,https://github.com/BitBoxSwiss/bitbox-wallet-app/pull/2303,First bitsurance workflow integration,0,0.05,none,"This is a new feature integration adding a bitsurance insurance workflow with iframe widget support, URL whitelist entries, and WebView domain patterns — not a fix for any existing vulnerability in ke",other
bitbox-app,https://github.com/BitBoxSwiss/bitbox-wallet-app/pull/1846,buy: provide a first integration of Pocket widget,0,0.15,none,"This commit adds a new Pocket exchange buy-widget feature, including message signing for address ownership verification, but does not fix any existing vulnerability in key, signing, or custody paths.",other
bitbox-app,https://github.com/BitBoxSwiss/bitbox-wallet-app/pull/503,backend/bitbox02: protocol compatibility with firmware v4.0.0,0,0.25,none,"This is a protocol compatibility update to support BitBox02 firmware v4.0.0's new Noise message namespace prefix, not a fix for a wallet-side security defect.",other
bitbox02,https://github.com/BitBoxSwiss/bitbox02-firmware/pull/1388,Spi memory integration,0,0.05,none,"This diff adds new SPI peripheral clock configuration and an SPI memory (MX25 flash) driver initialization routine for a SAM D5 MCU — a hardware driver integration feature, not a fix to any custody-re",other
bitcoin-core,https://github.com/bitcoin/bitcoin/pull/28331,BIP324 integration,0,0.05,none,"This diff adds BIP324 v2 P2P transport support as a default-off feature flag, which is a network protocol feature rather than a custody-relevant fix for funds, keys, or signing authority.",other
bitcoin-core,https://github.com/bitcoin/bitcoin/pull/4749,travis-ci integration (pull-tester replacement),0,0.02,none,"This adds Travis CI build configuration and documentation plus a ccache preprocessor flag tweak; it touches no wallet, key, signing, or custody-relevant code.",other
bitcoin-core,https://github.com/bitcoin/bitcoin/pull/3295,Wallet RPC calls integration test,0,0.02,none,"This diff adds new RPC integration test scripts and test utilities under qa/, which is test-only infrastructure with no changes to wallet source code or any custody-relevant defect being repaired.",other
bitcoin-core,https://github.com/bitcoin/bitcoin/pull/12775,Integration of property based testing into Bitcoin Core,0,0.05,none,"This PR adds property-based testing infrastructure and test generators for keys; it is a test-only change with no fix to wallet custody, signing, or key-handling code.",other
bitcoin-core,https://github.com/bitcoin/bitcoin/pull/34568,mining: Break compatibility with existing IPC mining clients,0,0.05,none,"This is an API compatibility break for the IPC mining interface (renumbering Cap'n Proto fields, removing deprecated methods, adding defaults), not a custody-relevant fix for keys, signing, approvals,",other
bitcoin-core,https://github.com/bitcoin/bitcoin/pull/32693,depends: fix cmake compatibility error for freetype,0,0.02,none,"This is a build-system compatibility patch bumping freetype's cmake_minimum_required from 2.8.12 to 3.12 so it builds with CMake 4.0.1; it touches no wallet source, keys, signing, or custody-relevant ",other
bitcoin-core,https://github.com/bitcoin/bitcoin/pull/31421,cmake: Improve compatibility with Python version managers,0,0.02,none,"This is a CMake build-system configuration change to improve Python version manager compatibility; it touches no wallet source, key material, signing, or custody-relevant code.",other
bitcoin-core,https://github.com/bitcoin/bitcoin/pull/28721,multiprocess compatibility updates,0,0.05,none,"This is a collection of interface refactors (method renames, return-type changes, doc link fixes) to support the multiprocess project, with no added guards or removal of exploitable conditions affecti",other
bitcoin-core,https://github.com/bitcoin/bitcoin/pull/20486,[backport] test: Fix intermittent issue in mempool_compatibility,0,0.0,none,"This is a test-only change adjusting a version constant in a functional test to avoid intermittent failures, with no impact on wallet custody, keys, or signing.",other
bitcoin-core,https://github.com/bitcoin/bitcoin/pull/18864,"Add v0.16.3 backwards compatibility test, bump v0.19.0.1 to v0.19.1",0,0.05,none,"This is a test-only change adding backwards compatibility test coverage for older wallet versions and bumping a test release version, with no fix to key material, signing, or custody paths.",other
bitcoin-core,https://github.com/bitcoin/bitcoin/pull/1844,enhance Qt5 compatibility,0,0.0,none,"This is a Qt4-to-Qt5 porting refactor replacing deprecated Q_WS_MAC macros with Q_OS_MAC across UI files, with no impact on key material, signing, or custody paths.",other
bitcoin-core,https://github.com/bitcoin/bitcoin/pull/8626,Berkeley DB v6 compatibility fix,0,0.02,none,"This is a build-compatibility fix for an ambiguous constructor overload in Berkeley DB v6, changing an integer literal cast with no custody or security relevance.",other
bitcoin-core,https://github.com/bitcoin/bitcoin/pull/11945,Improve BSD compatibility of contrib/install_db4.sh,0,0.0,none,"This is a build-tooling and documentation change to improve BSD compatibility of the Berkeley DB installer script, with no impact on wallet custody, key material, or signing paths.",other
bitcoin-core,https://github.com/bitcoin/bitcoin/pull/7440,[0.12] Rename permitrbf to mempoolreplacement and provide minimal string-list forward compatibility,0,0.0,none,"This change renames a mempool policy configuration option and updates documentation, copyright years, and build scripts, none of which affect key material, signing, or custody.",other
bitcoin-core,https://github.com/bitcoin/bitcoin/pull/7431,Rename permitrbf to mempoolreplacement and provide minimal string-list forward compatibility (needs 0.12 backport),0,0.05,none,"This is a rename of a command-line option with forward-compatible string parsing, not a fix for any custody, key, or signing defect.",other
bitcoinjs-lib,https://github.com/bitcoinjs/bitcoinjs-lib/pull/370,Change 2-of-2 integration test to 2-of-3,0,0.1,none,"This is a test-only change to demonstrate a bug in a dependency, not a fix to the wallet's own code.",other
bitcoinjs-lib,https://github.com/bitcoinjs/bitcoinjs-lib/pull/196,Integration tests running async causing wrong balance,0,0.05,none,"This is a test-only change to an integration test fixing a race condition in balance assertions, with no modification to wallet source code or custody-relevant paths.",other
bitcoinjs-lib,https://github.com/bitcoinjs/bitcoinjs-lib/pull/458,integration: fix HDNode search space,0,0.15,none,"This is a test-only change in test/integration/crypto.js replacing a constant reference with a hardcoded value in a loop, with no modification to wallet source or custody-relevant code.",other
bitcoinjs-lib,https://github.com/bitcoinjs/bitcoinjs-lib/pull/343,integration: avoid excessive blockchain requests,0,0.02,none,"This is a test-only change to an integration test that reduces excessive blockchain requests to fix a flaky timeout, with no impact on wallet custody, signing, or key handling code.",other
bitcoinjs-lib,https://github.com/bitcoinjs/bitcoinjs-lib/pull/412,Integration tests: replace cb-helloblock with cb-insight and cb-blockr,0,0.0,none,"This change only modifies integration tests and test utilities to use different blockchain explorer backends, with no impact on wallet source code or custody-relevant paths.",other
bitcoinjs-lib,https://github.com/bitcoinjs/bitcoinjs-lib/pull/944,Add BIP68 / BIP112 CSV integration tests,0,0.05,none,This change only adds integration tests for BIP68/BIP112 CSV and bumps/adds test dependencies; no wallet source code or custody-relevant paths are modified.,other
bitcoinjs-lib,https://github.com/bitcoinjs/bitcoinjs-lib/pull/438,No Script,0,0.05,none,"This is an API refactor that replaces the Script class with plain Buffer/chunks interchange, with no added validation or custody-relevant guard.",other
bitcoinjs-lib,https://github.com/bitcoinjs/bitcoinjs-lib/pull/145,Base58 Bitcoin core test compatibility,0,0.15,none,"This is a base58 refactor to use Buffers internally and adds Bitcoin core compatibility tests, not a custody-relevant security fix.",other
bitcore,https://github.com/bitpay/bitcore/pull/910,Adding zuul for multi-browser continuous integration,0,0.05,none,"This is a CI/test infrastructure change adding zuul for multi-browser testing and chai assertions to a test file; no wallet source, key, signing, or custody-relevant code is modified.",other
bitcore,https://github.com/bitpay/bitcore/pull/1968,"added getBalance integration test to wallet.integration.ts, updated t…",0,0.02,none,"The diff only adds an integration test for getBalance and updates a test description; it touches no wallet source, key, signing, or custody-relevant code.",other
bitcore,https://github.com/bitpay/bitcore/pull/2028,Fix/wallet integration,0,0.05,none,"The diff only updates markdown documentation files with version bumps and list/code formatting changes, touching no wallet source code or custody-relevant logic.",other
bitcore,https://github.com/bitpay/bitcore/pull/4096,[FIX] Add backward compatibility with sjcl encryption,0,0.25,none,"The PR primarily adds backward-compatible sjcl decryption fallback for older encrypted key formats (a compatibility feature), and the verifier.ts change fixes a property-access typo in a copayer uniqu",other
bitcore,https://github.com/bitpay/bitcore/pull/2065,xversion placeholder to maintain compatibility with BUcash1.5.1,0,0.05,none,"This adds a placeholder P2P message type for cross-implementation compatibility; it does not touch key material, signing, approvals, or any custody-relevant path.",other
bitgo,https://github.com/BitGo/BitGoJS/pull/6576,feat(sdk-coin-cosmos): integration of cosmos module,0,0.05,none,"This diff integrates a new Cosmos SDK coin module into the wallet's account and coin factory libraries, which is a feature addition rather than a fix for a custody-relevant vulnerability.",other
bitgo,https://github.com/BitGo/BitGoJS/pull/802,Remove webhook in wallet integration test,0,0.02,none,"This is a test-only change that adds a cleanup hook to remove a stale webhook before integration tests run, with no impact on key material, signing, or custody paths.",other
bitgo,https://github.com/BitGo/BitGoJS/pull/580,SERV-484: Recreate XLM integration test wallets,0,0.02,none,"This is a test-only change updating XLM testnet wallet IDs after a testnet reset and refactoring duplicated assertions into a helper function, with no impact on production custody or signing paths.",other
bitgo,https://github.com/BitGo/BitGoJS/pull/661,fix(core): Recreate XLM integration test wallets,0,0.02,none,"This is a test-only change updating XLM integration test wallet IDs after a quarterly testnet reset, with no impact on production custody, signing, or key material.",other
bitgo,https://github.com/BitGo/BitGoJS/pull/398,CT-489: Fix failing express integration test for v1 wallets,0,0.02,none,"The diff only adjusts integration test assertions to account for an additional input type, touching no wallet source or custody-relevant code.",other
bitgo,https://github.com/BitGo/BitGoJS/pull/1005,feat(core): add compatibility for @bitgo/utxo-lib 1.9.x,0,0.15,none,"This is a compatibility refactor replacing inline hardcoded network parameters with library-provided definitions from @bitgo/utxo-lib and removing a deprecated testnet coin, not fixing a custody-relev",other
bitpay-wallet,https://github.com/bitpay/wallet/pull/11892,Improvements Coinbase integration,0,0.15,none,"The changes add revoked-token handling and UI improvements (dark mode, fee warnings, exchange rate display) for the Coinbase integration, which are robustness/UX fixes that do not protect key material",other
bitpay-wallet,https://github.com/bitpay/wallet/pull/11866,Fix: Coinbase integration,0,0.15,none,"This change filters custom ERC-20 tokens from a coin list and adjusts account ordering from the Coinbase API — both are UX/data-display fixes with no impact on key material, signing authority, or fund",other
bitpay-wallet,https://github.com/bitpay/wallet/pull/10991,"Feat: New ""Buy Crypto"" flow & Wyre integration",0,0.05,none,"This is a new feature addition (Buy Crypto flow with Wyre integration) replacing Simplex, involving config flags, CSP origin additions for the new API, provider wiring, and a dependency bump — no cust",other
bitpay-wallet,https://github.com/bitpay/wallet/pull/7706,[v4] Fix Coinbase integration,0,0.05,none,"The diff merely comments out platform-specific code paths and adds TODOs for desktop support, introducing no security guards or custody-relevant fixes.",other
bitpay-wallet,https://github.com/bitpay/wallet/pull/8763,Fix purchases through Coinbase integration,0,0.1,none,"The diff fixes a state-management bug in a Coinbase buy integration by passing tokens as arguments instead of using class properties, which is a functional bug fix rather than a custody-relevant secur",other
bitpay-wallet,https://github.com/bitpay/wallet/pull/9128,Fix(Coinbase-Integration): allow only USD and US bank accounts. Fix Sell,0,0.15,none,"This restricts Coinbase buy/sell payment methods to USD US-bank-accounts and fixes an allow_buy/allow_sell copy-paste bug in the sell page, which is a business-logic/feature restriction on fiat on/off",other
bitpay-wallet,https://github.com/bitpay/wallet/pull/7811,Feat/shapeshift integration 04,0,0.15,none,"This is a ShapeShift feature integration with config/docs/build changes and BCH support additions; no guards, validations, or key/signing path fixes are present in the diff.",other
bitpay-wallet,https://github.com/bitpay/wallet/pull/7802,Coinbase integration: Improve errors handler,0,0.05,none,"The diff adds Bitcoin Cash support (getBitcoreCash getter), updates docs/README, bumps versions, and adjusts Cordova plugin config — no custody-relevant guard, validation, or key/signing path is modif",other
bitpay-wallet,https://github.com/bitpay/wallet/pull/8015,[v4] BitPay Card integration,0,0.05,none,"This diff adds new UI pages, components, and SVG icon assets for a BitPay Card integration feature, with no changes to key material, signing, approval, transport, or any custody-relevant security path",other
bitpay-wallet,https://github.com/bitpay/wallet/pull/7942,[v4] Coinbase integration,0,0.0,none,"This diff introduces a Coinbase integration feature with UI changes and external link handling, without touching any custody-relevant key, signing, or transport paths.",other
bitpay-wallet,https://github.com/bitpay/wallet/pull/5334,Re-enable Coinbase integration,0,0.05,none,"This diff re-enables and refactors the Coinbase buy integration feature, adding UI flow and state handling for purchasing bitcoin, with no changes to key material, signing, or custody-protective guard",other
bitpay-wallet,https://github.com/bitpay/wallet/pull/4209,Fix sell in Coinbase integration,0,0.05,none,"The diff only touches build configuration (Gruntfile), README documentation, bower dependencies, cordova build scripts, and i18n translation files — none of which affect key material, signing, approva",other
bitpay-wallet,https://github.com/bitpay/wallet/pull/4012,Feat/coinbase integration,0,0.05,none,"This is a feature addition integrating a Coinbase buy/sell on-ramp into the wallet UI, with no guards or fixes to key/signing/approval/transport paths.",other
bitpay-wallet,https://github.com/bitpay/wallet/pull/4083,Fix resume event on mobile for Glidera/Coinbase integration,0,0.15,none,"This fixes mobile lifecycle/resume handling and OAuth refresh-token storage for third-party exchange integrations (Coinbase/Glidera), plus a null-safety guard on cached display data; none of these tou",other
bitpay-wallet,https://github.com/bitpay/wallet/pull/827,Shell/interop,0,0.05,none,"This diff only reformats a shell launch script and prefixes console log output with STDOUT:/STDERR: labels, touching no custody-relevant key, signing, or transport logic.",other
bitpay-wallet,https://github.com/bitpay/wallet/pull/6117,Wavecrest card compatibility,0,0.02,none,"This is a cosmetic UI fix that formats merchant location strings in transaction history to avoid floating commas when city or state data is missing, with no impact on keys, signing, or custody.",other
bitpay-wallet,https://github.com/bitpay/wallet/pull/6751,Fix Android compatibility: walletDetails view,0,0.05,none,"The diff adds a BitcoreCash getter, updates documentation, and bumps dependencies for Android compatibility, without touching any custody or signing paths.",other
blockchain-wallet,https://github.com/blockchain/My-Wallet-V3/pull/126,fix(Helpers): replace endsWith with slice for browser compatibility,0,0.25,other,"This is a browser-compatibility refactor replacing endsWith with slice plus a minor type guard; while .onion detection could relate to transport privacy, the change does not repair a concrete custody-",other
bluewallet,https://github.com/BlueWallet/BlueWallet/pull/8585,Upgrade Arkade SDKs and harden Ark wallet integration,0,0.25,none,This is an SDK upgrade and architectural refactor that introduces new Realm-based storage with encryption and notification suppression; while the new code follows good security practices (Keychain-bac,other
bluewallet,https://github.com/BlueWallet/BlueWallet/pull/7405,TST: improve flaky integration tests,0,0.02,none,"The diff only modifies integration test files (skipping slow tests, refactoring test cases, adjusting expected transaction counts) and adds a custom test environment, with no changes to wallet source ",other
bluewallet,https://github.com/BlueWallet/BlueWallet/pull/6818,TST: add retries for integration tests on CI,0,0.02,none,"This is a CI/test-infrastructure change adding a custom Jest retry mechanism for flaky integration tests; it touches no wallet source, key, signing, or custody-relevant code.",other
bluewallet,https://github.com/BlueWallet/BlueWallet/pull/2965,REF: better Sentry integration,0,0.05,none,"This is a routine dependency version bump for the Sentry telemetry library, with no changes to wallet key/signing/approval code.",other
bluewallet,https://github.com/BlueWallet/BlueWallet/pull/666,WIP: low-level code for HW wallet PSBT integration,0,0.05,none,"This is a WIP feature adding unsigned PSBT creation for hardware wallet integration (new skipSigning flag, new derivation-path/pubkey helpers, new navigation screen), not a fix to an existing custody ",other
brave-wallet,https://github.com/brave/brave-core/pull/36127,[brockit] Adding 🩹 integration,0,0.0,none,"This change adds plaster integration to a patch management tool for browser builds, which has no relation to wallet custody, key material, or signing authority.",other
brave-wallet,https://github.com/brave/brave-core/pull/36222,[query-filter] Enable query filter component integration,0,0.15,none,"This is a privacy/anti-tracking feature refactor migrating hardcoded query-string tracker stripping to a component-based rules system; it does not touch key material, signing, approvals, or any custod",other
brave-wallet,https://github.com/brave/brave-core/pull/35932,[query-filter] Add schema integration for query-filter parsing,0,0.15,none,"This is a refactor of the query-filter (adblock) component's JSON parsing to use a schema-based compiler, with test improvements; it does not touch any custody-relevant key, signing, approval, or tran",other
brave-wallet,https://github.com/brave/brave-core/pull/35610,[ads][CodeHealth] Add TestBase constructor to set integration test mode,0,0.05,none,"This is a code-health refactor adding a TestBase constructor for integration test mode and making some member variables const, with no changes to key handling, signing, or custody-relevant validation.",other
brave-wallet,https://github.com/brave/brave-core/pull/34457,Re-Enable Screen AI features and ai_chat pdf ocr integration,0,0.05,none,"This PR re-enables Screen AI/OCR features and adds browser tests for PDF OCR integration, with no changes to key material, signing, approval, transport, or any custody-relevant subsystem.",other
brave-wallet,https://github.com/brave/brave-core/pull/32483,[NTP] Fix most visited top sites integration,0,0.05,none,"This is a UI preference migration for the new tab page top-sites feature, changing an integer pref to a boolean, with no custody, key, signing, or transport relevance.",other
brave-wallet,https://github.com/brave/brave-core/pull/31303,[Android] Initial integration of Brave adaptive buttons,0,0.05,none,"This change adds a new bookmarks button to the Brave Android browser toolbar UI and is a feature addition with no custody, key, or signing relevance.",other
brave-wallet,https://github.com/brave/brave-core/pull/31308,[ads] Dynamic NTT Brave Search integration,0,0.15,none,This is a feature addition integrating Brave Search autocomplete with the Dynamic NTT on the new tab page; the message-validation guards added are incidental defensive coding as part of implementing n,other
brave-wallet,https://github.com/brave/brave-core/pull/30892,[Midnight] Add kDarker variant to SchemeVariant enum for color mixer integration,0,0.02,none,"This adds a new browser UI theme variant (kDarker) and associated tests; it touches no key, signing, approval, or transport paths.",other
brave-wallet,https://github.com/brave/brave-core/pull/30242,[Android] Initial integration of quick shortcut button,0,0.05,none,"This PR adds a new toolbar quick-shortcut UI feature with drawables and preference plumbing; it touches no key, signing, approval, or transport paths.",other
brave-wallet,https://github.com/brave/brave-core/pull/29790,feat(iOS): Meld Integration for onRamp,0,0.05,none,"This PR adds a new fiat on-ramp provider (Meld) integration and swaps buy-provider icon assets, which is a feature/UI change with no impact on key material, signing, approvals, or transport.",other
brave-wallet,https://github.com/brave/brave-core/pull/30085,fix(wallet): Change the logic to detect if asset for purchase using meld integration is available,0,0.15,none,"This is a UX/feature change refining buy-button availability detection and account-creation prompting logic; it does not touch key material, signing, approvals, or any custody-relevant guard.",other
brave-wallet,https://github.com/brave/brave-core/pull/28975,Cardano transactions ui integration,0,0.15,none,"This is a feature PR adding Cardano transaction support to the wallet UI, with accompanying refactoring of the Bitcoin transaction manager API and P3A metrics updates; no custody-relevant defect is be",other
brave-wallet,https://github.com/brave/brave-core/pull/29218,[Android] Initial integration of robolectric tests,0,0.0,none,"This PR adds Robolectric unit tests for homepage settings UI and build configuration for those tests, with no changes to custody-relevant code.",other
brave-wallet,https://github.com/brave/brave-core/pull/27542,[Android] Initial bottom address bar integration,0,0.05,none,"This is a UI feature change for bottom address bar integration, renaming configuration methods and adjusting menu button visibility, with no custody-relevant guards or key/signing path changes.",other
brave-wallet,https://github.com/brave/brave-core/pull/27005,Adding Crowdin integration to l10n scripts.,0,0.02,none,"This PR adds Crowdin localization integration to build/l10n scripts and touches no key material, signing, approval, transport, or any custody-relevant code path.",other
brave-wallet,https://github.com/brave/brave-core/pull/14298,Jupiter desktop integration for Solana swaps,0,0.15,none,"This is a feature addition for Jupiter swap integration, threading a new optional group_id parameter through the ETH transaction manager and adding a disclaimer string; no guard, validation, or exploi",other
brave-wallet,https://github.com/brave/brave-core/pull/25051,feature(wallet): Compressed NFT integration on iOS,0,0.05,none,"This is a feature addition for compressed NFT integration (new metadata APIs, Solana compressed NFT support) with associated type refactoring from a local NFTMetadata struct to BraveWallet.NftMetadata",other
brave-wallet,https://github.com/brave/brave-core/pull/24940,[Meld Integration] Add api call to create Buy/Sell link,0,0.15,none,This PR adds a new feature (Meld Buy/Sell widget creation) with a new JSON parser and URL validation; it is not repairing a pre-existing exploitable defect in a custody-relevant path.,other
brave-wallet,https://github.com/brave/brave-core/pull/24273,[iOS] - Introduce SlashTools and Search Integration,0,0.02,none,"This diff adds SlashTools UI and search integration to the AI Chat feature; it touches no key, signing, approval, or transport paths and is purely a feature/UI change.",other
brave-wallet,https://github.com/brave/brave-core/pull/10339,Domain block and 1PES integration,0,0.15,none,"This adds a browser privacy feature (auto-enabling ephemeral storage on domain-block interstitials) with flags, UI strings, and test refactors; it does not touch key material, signing, approvals, or a",other
brave-wallet,https://github.com/brave/brave-core/pull/24518,[Meld Core Integration] Add CountryCode retrieving method to the BraveWallet,0,0.05,none,"This change adds a new method to retrieve the user's country code from preferences, which is a feature addition unrelated to custody, keys, or signing.",other
brave-wallet,https://github.com/brave/brave-core/pull/24297,[iOS] - Introduce SlashTools and Search Integration - 1.68.x,0,0.05,none,"The diff only modifies the CODEOWNERS file and the PR introduces a SlashTools/search UI feature; no custody-relevant key, signing, approval, transport, or platform defect is being repaired.",other
brave-wallet,https://github.com/brave/brave-core/pull/24305,"Buy & Sell Meld Core Integration, add additional Filtering parameter",0,0.05,none,"This PR adds a new cryptoChains filter parameter to the Meld buy/sell integration URL builder, a feature addition with no custody-relevant impact.",other
brave-wallet,https://github.com/brave/brave-core/pull/22979,Buy & Sell Meld Core Integration,0,0.05,none,"This PR adds a new Meld integration service factory for buy/sell functionality, which is a feature addition with no security guards or fixes to custody-relevant paths.",other
brave-wallet,https://github.com/brave/brave-core/pull/20972,Fix SKUs logs integration.,0,0.15,none,"This is a logging verbosity/formatting cleanup in the SKUs browser component — it adjusts log severity mapping and removes source locations from pretty-printed logs, with no connection to key material",other
brave-wallet,https://github.com/brave/brave-core/pull/19385,🐙 Unlock Android Studio integration,0,0.0,none,"This change adds build tooling and Android Studio integration scripts, which does not touch any custody-relevant subsystems.",other
brave-wallet,https://github.com/brave/brave-core/pull/91,Sparkle framework integration,0,0.1,none,"This diff adds the initial Sparkle auto-update framework integration to the macOS build, which is a new feature rather than a fix to an existing custody-relevant defect.",other
brave-wallet,https://github.com/brave/brave-core/pull/17763,Add 0x RFQ-T integration in Swap,0,0.25,none,This is primarily a feature PR adding 0x RFQ-T swap integration; the ABI decoder refactoring adds type-safe bounds checking for various uint widths but does not clearly fix an exploitable custody-rele,other
brave-wallet,https://github.com/brave/brave-core/pull/15762,feat(swap): add Swap v2 integration,0,0.05,none,"This PR adds localized UI strings and parses new fields (price impact, sources) for a Swap v2 feature; it does not touch key material, signing, approvals, or any custody-relevant security path.",other
brave-wallet,https://github.com/brave/brave-core/pull/14697,Page Graph core integration,0,0.05,none,"This diff integrates Page Graph build flags and devtools protocol plumbing, which is a feature/build-config change with no impact on wallet custody, key material, or signing paths.",other
brave-wallet,https://github.com/brave/brave-core/pull/14329,Add backend changes for Sardine integration,0,0.05,none,"This diff adds a new Sardine on-ramp provider integration (URL building, config, auth-token parsing) as a feature, not a fix to any custody, signing, or key-material defect.",other
brave-wallet,https://github.com/brave/brave-core/pull/13387,Cross platform integration (Android),0,0.15,none,"This is a feature addition enabling Android VPN purchase token retrieval and forwarding to the Brave backend; it does not touch crypto key material, signing, or fund custody paths.",other
brave-wallet,https://github.com/brave/brave-core/pull/13792,Wallet panel and settings integration tests,0,0.05,none,"The diff is purely cosmetic formatting (spacing) plus test-only element exposure hooks guarded by shouldExposeElementsForTesting, with no custody-relevant logic changes.",other
brave-wallet,https://github.com/brave/brave-core/pull/11587,Rewards bitflyer android integration,0,0.15,none,"This is a feature addition for Bitflyer rewards integration on Android, adding new UI layouts, drawables, and JNI bridge methods for rewards panel functionality, with no custody-relevant key/signing/a",other
brave-wallet,https://github.com/brave/brave-core/pull/11849,Improve goma integration and cachehits,0,0.05,none,This is a build-system/CI change improving goma integration and ninja configuration with no custody-relevant code touched.,other
brave-wallet,https://github.com/brave/brave-core/pull/9131,Brave Vpn api integration,0,0.05,none,"This PR adds a new Brave VPN integration feature (native worker and observer for server regions and purchase tokens) and does not touch any custody-relevant key, signing, approval, or transport path.",other
brave-wallet,https://github.com/brave/brave-core/pull/6916,Updated Startpage integration,0,0.05,none,"The diff merely corrects a search engine branding string and URL in prepopulated engine data, with no custody, key, signing, or transport relevance.",other
brave-wallet,https://github.com/brave/brave-core/pull/1266,SafetyNet integration,0,0.15,none,"This adds SafetyNet attestation as an anti-fraud mechanism for claiming Brave Rewards grants on Android, which is a feature addition unrelated to crypto wallet custody, key material, or signing author",other
brave-wallet,https://github.com/brave/brave-core/pull/198,Native ledger integration,0,0.05,none,"This is an initial feature addition wiring up a Brave native ledger/payments service with new vendor dependencies and factory boilerplate, not a fix for any existing custody-relevant defect.",other
brave-wallet,https://github.com/brave/brave-core/pull/5389,Initial integration of UI java tests for Android,0,0.05,none,"This PR adds Android UI test infrastructure (ProGuard keep flags and test classes) with no changes to key, signing, approval, or custody-relevant code paths.",other
brave-wallet,https://github.com/brave/brave-core/pull/30853,[iOS] Enable design compatibility mode for iOS 26,0,0.05,none,"This adds an Info.plist key to disable a new iOS design language for UI compatibility, with no impact on key material, signing, or custody paths.",other
brave-wallet,https://github.com/brave/brave-core/pull/23232,Add channel to web compatibility report,0,0.05,none,"This change adds a channel field to webcompat reports and refactors endpoint configuration, with no impact on custody, keys, signing, or any security-relevant path.",other
brave-wallet,https://github.com/brave/brave-core/pull/19444,Solana dapp compatibility fix: Change request in progress error to -32002,0,0.15,none,"This changes an error code/message returned to dapps for in-progress connect requests to improve dapp compatibility, not to protect keys, signing, or funds.",other
brave-wallet,https://github.com/brave/brave-core/pull/14182,Uplift scripts py2 and py3 compatibility,0,0.05,none,"This is a Python 2/3 compatibility refactor of build/release scripts, touching no wallet key/signing/transport paths.",other
brave-wallet,https://github.com/brave/brave-core/pull/8928,Update audit_deps ignore list and add npm 7 compatibility,0,0.05,none,"This diff only updates a CI dependency-audit script's ignore list and npm 7 JSON parsing compatibility, touching no wallet key/signing/custody code.",other
brave-wallet,https://github.com/brave/brave-core/pull/4273,Improve compatibility with MetaMask and allow web3 provider selection,0,0.15,none,"This is a feature change that replaces a boolean wallet-enabled toggle with a multi-option web3 provider selector (Ask/None/Crypto Wallets/MetaMask), adding UI strings, preference migration, and file ",other
breez,https://github.com/breez/breezmobile/pull/55,Bitrefill widget integration,0,0.15,none,"This diff adds a new Marketplace feature (bloc, UI page, vendor config parsing) and refactors theme colors; no custody-relevant guard, validation, or signing/key path is touched.",other
breez,https://github.com/breez/breezmobile/pull/67,Freebitcoins UI Integration,0,0.05,none,"This is a feature addition implementing Fastbitcoins voucher redemption UI with minor bug fixes (typo correction, API error handling) that do not touch key material, signing, approval, or any custody-",other
breez,https://github.com/breez/breezmobile/pull/1329,"Cleanup FFmpegKit, Pin Dependencies, Update Platform Compatibility",0,0.05,none,"This is a build/CI compatibility update (Xcode 16, AGP 8.1, dependency pinning, removal of FFmpegKit feature) with no changes to key, signing, or custody paths.",other
breez,https://github.com/breez/breezmobile/pull/1330,Update & optimize CI workflow for App Store Connect compatibility,0,0.05,none,"This is a CI/build workflow update to strip bitcode and modernize build steps for App Store Connect compatibility, with no changes to key material, signing, approval, transport, or any custody-relevan",other
btcpay,https://github.com/btcpayserver/btcpayserver/pull/1830,Shopify integration,0,0.05,none,"This is a new feature adding a Shopify e-commerce checkout integration with BTCPayServer, consisting of new browser-client and checkout UI scripts that create and poll invoices; it does not touch key ",other
btcpay,https://github.com/btcpayserver/btcpayserver/pull/5419,Boltcard integration,0,0.05,none,"This is a feature addition for Boltcard NFC card pairing with pull payments, adding new API endpoints, data models, a database migration, and tests — no security guard or custody-relevant defect is be",other
btcpay,https://github.com/btcpayserver/btcpayserver/pull/3400,Zcash integration,0,0.05,none,"This is a new feature addition adding Zcash altcoin integration (network provider, RPC client, models) to BTCPayServer, not a fix to any existing custody or signing vulnerability.",other
btcpay,https://github.com/btcpayserver/btcpayserver/pull/3046,Add setup links for LN URL integration,0,0.05,none,"This PR adds UI setup links and helper methods to check Lightning/LNURL configuration status, which is a feature/UX improvement with no impact on key material, signing, or custody.",other
btcpay,https://github.com/btcpayserver/btcpayserver/pull/1908,"Shopify registering paid transactions, marking orders paid, finishing integration",0,0.05,none,"This diff adds a new Shopify e-commerce integration feature (new controllers, endpoints, and order-matching logic) to BTCPayServer, not a fix to any custody, key, signing, or transport vulnerability.",other
btcpay,https://github.com/btcpayserver/btcpayserver/pull/1599,Remove LedgerWallet direct integration,0,0.15,none,"This is a feature removal/deprecation of the direct LedgerWallet integration (package, views, controller endpoints, signing command), not a fix for a specific exploitable defect in key handling, signi",other
btcpay,https://github.com/btcpayserver/btcpayserver/pull/7394,Add plugin compatibility regression check to release CI,0,0.02,none,"This is a CI/release-tooling change that adds a baseline plugin compatibility regression check and makes it non-blocking; it touches no wallet key, signing, approval, or transport code paths.",other
btcpay,https://github.com/btcpayserver/btcpayserver/pull/4587,Add missing CORS to ln address of BTCPay (Compatibility Beach Wallet),0,0.1,none,"This change adds CORS support and disables antiforgery tokens for a public LNURL endpoint to fix wallet compatibility, which is a feature/compatibility fix rather than a custody security vulnerability",other
cake-wallet,https://github.com/cake-tech/cake_wallet/pull/2184,CW-1039-Verify-Robinhood-integration,0,0.05,none,"This adds a feature to fetch and filter supported crypto assets from the Robinhood buy API; it touches the fiat on-ramp/buy flow, not key material, signing, approvals, or any custody-relevant path.",other
cake-wallet,https://github.com/cake-tech/cake_wallet/pull/2172,Cw 1032 verify on ramper integration,0,0.1,none,"This is an ordinary integration update to the OnRamper fiat on-ramp provider — changing API parameter names, currency normalization logic, and adding metadata caching — with no changes to key material",other
cake-wallet,https://github.com/cake-tech/cake_wallet/pull/2174,AnonPay-integration-nonfunctional-in-Monero-com,0,0.25,none,"This adds a wallet-type guard to prevent non-bitcoin wallets from entering bitcoin-specific receive-page logic, which is a functional bug fix for AnonPay integration in Monero rather than a custody-re",other
cake-wallet,https://github.com/cake-tech/cake_wallet/pull/1686,Automated Integration Tests Flows,0,0.02,none,"This PR only adds integration test helpers and flows (create/restore wallet, transaction history tests) plus pubspec config tweaks; no wallet source, key, signing, or transport code is modified.",other
cake-wallet,https://github.com/cake-tech/cake_wallet/pull/1376,Cw 591 in app cake pay integration,0,0.05,none,"This PR adds a new Cake Pay gift-card integration feature with HTTP API client code and CI secret injection; it does not touch wallet key material, signing, approval, or any custody-relevant path.",other
cake-wallet,https://github.com/cake-tech/cake_wallet/pull/1080,Exolix integration,0,0.05,none,"This PR adds a new third-party exchange provider (Exolix) integration with rate fetching and trade creation logic, which is a feature addition with no custody-relevant defect being repaired.",other
cake-wallet,https://github.com/cake-tech/cake_wallet/pull/1120,Exolix integration: bugfix apiToken on fetchRates,0,0.05,none,"This is a feature integration adding a new third-party exchange provider (Exolix) with an API token for rate queries, not a fix to any custody, key, signing, or transport vulnerability.",other
cake-wallet,https://github.com/cake-tech/cake_wallet/pull/3106,feat: migrate Trade data to SQLite with TradeLegacy for backward compatibility,0,0.15,none,"This is a data-layer migration of Trade records from Hive to SQLite with backward-compatibility shims and DI refactoring; it does not touch key material, signing, approvals, or any custody-relevant pa",other
coinbase-sdk,https://github.com/coinbase/coinbase-wallet-sdk/pull/302,Remove backwards compatibility code,0,0.15,none,"This is a backwards-compatibility cleanup removing legacy boolean response handling for chain-switching, not a fix for any custody-relevant defect.",other
core-mobile,https://github.com/ava-labs/core-mobile/pull/3396,CP-12582: Balance Service Integration,0,0.05,none,"This is a feature integration of a new backend balance service, refactoring balance fetching and display logic with no custody-relevant key, signing, approval, or transport changes.",other
core-mobile,https://github.com/ava-labs/core-mobile/pull/3383,CP-12642: Profile service integration,0,0.15,none,"This is a feature integration (Profile Service client) and refactor of API client paths, replacing a raw fetch with a generated client; no custody-relevant guard, validation, or key/signing protection",other
core-mobile,https://github.com/ava-labs/core-mobile/pull/3021,Keystone<>Core Mobile integration,0,0.05,none,"This is a new feature adding Keystone hardware wallet QR scanner integration (mocks, icons, UI component), not a fix to any existing custody-relevant defect.",other
core-mobile,https://github.com/ava-labs/core-mobile/pull/2210,CP-9670: Glacier scan token endpoint integration,0,0.15,none,"This change adds a new feature integrating a third-party malicious-token detection service with UI warnings and state renaming, rather than fixing an existing wallet defect that could lead to fund or ",other
core-mobile,https://github.com/ava-labs/core-mobile/pull/2191,QA New - Staking & CrossChain Transfer mobile integration with Core.App,0,0.05,none,"This PR adds e2e test infrastructure (playwright/detox helpers, locators, page objects) and a testID attribute to a UI text component; it does not touch key material, signing, approval, or transport l",other
core-mobile,https://github.com/ava-labs/core-mobile/pull/1747,CP-9102: unified-bridge integration,0,0.05,none,This PR replaces one bridge SDK with another and adds an SVG logo asset; it is a feature/refactor change with no custody-relevant guard or validation added.,other
core-mobile,https://github.com/ava-labs/core-mobile/pull/1420,QA - New tests for inAppBrowser wallet connect integration,0,0.02,none,"The diff only adds testIDs and e2e test automation for in-app browser wallet-connect flows; no custody-relevant guard, validation, or signing/key path is changed.",other
core-mobile,https://github.com/ava-labs/core-mobile/pull/1370,CP-8804 [EVM] Network fee service integration,0,0.15,none,"This is a refactor replacing the EVM fee estimation implementation with a module-based approach; it touches fee display/estimation logic, not key material, signing, or approval paths, and the added .c",other
core-mobile,https://github.com/ava-labs/core-mobile/pull/1217,Qa core integration test,0,0.05,none,"This is a test/CI change adding e2e integration tests, detox workflows, locators, and page objects; the only non-test source change (Browser.tsx) adds javaScriptEnabled and a testID for test automatio",other
core-mobile,https://github.com/ava-labs/core-mobile/pull/807,[QA] Core.app dapp integration test,0,0.02,none,"This is a test-only change adding an e2e dapp integration test and adjusting Playwright config; no wallet source, key, signing, or transport code is modified.",other
core-mobile,https://github.com/ava-labs/core-mobile/pull/700,CP-5194:Playwright integration,0,0.0,none,"This change introduces Playwright e2e testing infrastructure and a test case for WalletConnect, which does not modify wallet custody, signing, or transport code.",other
core-mobile,https://github.com/ava-labs/core-mobile/pull/459,Tyler start testrail integration,0,0.05,none,"This PR adds test IDs, Detox configuration, and TestRail reporting for E2E tests; it does not alter any key, signing, approval, or transport logic.",other
core-mobile,https://github.com/ava-labs/core-mobile/pull/62,Libs integration,0,0.05,none,"This is a dependency integration and version bump change (adding avalanche SDK, bumping react-native-webview and other packages, adding resolutions) with no fix to the wallet's own custody-relevant co",other
daedalus,https://github.com/input-output-hk/daedalus/pull/2103,[DDW-319] Update network-info Api endpoint integration,0,0.05,none,"This change updates the network-info API integration to gracefully handle missing epoch/slot data by showing loading spinners instead of defaulting to zero, which is a UI/UX fix with no custody releva",other
daedalus,https://github.com/input-output-hk/daedalus/pull/2210,[DDW-291] Smart Tooltip MVP integration,0,0.05,none,"This PR is a UI component migration from Tooltip to PopOver in react-polymorph, touching only presentation/styling code with no custody-relevant key, signing, approval, or transport logic.",other
daedalus,https://github.com/input-output-hk/daedalus/pull/72,setup basic integration with cardano-client-api,0,0.05,none,"This PR adds a new Cardano client API integration and refactors stub API return types to domain objects, which is a feature/integration change with no security guards or fixes for exploitable conditio",other
daedalus,https://github.com/input-output-hk/daedalus/pull/438,Fix/daef 434 Exporting a wallet updated-API integration,0,0.15,none,"This is an API integration update for wallet export (adding walletId/password params to the backend call), plus i18n translations, error-display UI, and SCSS cleanup — no custody-relevant defect is be",other
daedalus,https://github.com/input-output-hk/daedalus/pull/87,Feature/improve backend transaction integration,0,0.05,none,"This is a feature PR adding a transaction title field, switching the history API endpoint, and updating transaction data parsing — none of the changes address key material, signing authority, or fund ",other
daedalus,https://github.com/input-output-hk/daedalus/pull/1045,[DDW-359] V1 API endpoints integration 5/5,0,0.05,none,"This is an API endpoint migration/refactor replacing two deprecated sync-progress/time-difference requests with a single V1 node-info endpoint, with no custody, key, or signing impact.",other
daedalus,https://github.com/input-output-hk/daedalus/pull/1031,[DDW-337] V1 Api endpoints integration 3/5 - Ada payments,0,0.05,none,"This PR integrates V1 API endpoints for Ada payments (fee estimation, history, new payment) — it is a feature/API migration with no added guards, validation, or removal of an exploitable condition.",other
daedalus,https://github.com/input-output-hk/daedalus/pull/1037,[DDW-356] V1 API endpoints integration 2/5,0,0.15,none,"This is a V0-to-V1 API endpoint migration that renames parameters and updates paths; no security guard, validation, or key/signing protection is added or removed.",other
daedalus,https://github.com/input-output-hk/daedalus/pull/1042,[DDW-358] V1 API endpoints integration 4/5,0,0.05,none,"This PR implements V1 API endpoint integration for wallet passphrase changes, deletion, and updates, which is an ordinary feature/refactor change rather than a fix for a custody-relevant vulnerability",other
daedalus,https://github.com/input-output-hk/daedalus/pull/1018,[DDW-335] V1 Api endpoints integration 1/5 - Create/Restore Wallet,0,0.2,none,"This is a V1 API endpoint integration/migration that renames fields and adjusts request formats; the added encryptPassphrase is part of the new API protocol design, not a fix for a discovered exploita",other
daedalus,https://github.com/input-output-hk/daedalus/pull/1076,[DDW-360] Missing V1 Api endpoints integration - 1 and 2,0,0.15,none,"This is a V0-to-V1 API migration refactor that renames walletPassword to spendingPassword, updates endpoints, and removes legacy types; no security guard or validation is added or removed.",other
daedalus,https://github.com/input-output-hk/daedalus/pull/525,Chore/daef 517 JS-Api integration,0,0.05,none,"This PR adds new Cardano JS-API client wrappers as a feature integration, not a fix for any existing vulnerability in key, signing, or custody paths.",other
daedalus,https://github.com/input-output-hk/daedalus/pull/548,Fix/daef 541 Fix all post ETC integration translation issues,0,0.15,none,"This PR fixes translation/i18n issues, CSS naming conventions, and temporarily comments out staking and paper-wallet export features; no custody-relevant guard, validation, or key/signing protection i",other
daedalus,https://github.com/input-output-hk/daedalus/pull/1734,Merge latest develop into v2 integration,0,0.05,none,"This is a UI refactor replacing a Select component with a Dropdown component and bumping react-polymorph, with no custody-relevant changes to keys, signing, or transport.",other
daedalus,https://github.com/input-output-hk/daedalus/pull/1575,[DDW-878] Create transaction v2 API integration,0,0.15,none,"This is a V1-to-V2 API integration refactor that updates request/response formats and error code mappings, not a fix for a custody-relevant defect.",other
daedalus,https://github.com/input-output-hk/daedalus/pull/1577,[DDW-877] Get Transactions v2 API integration,0,0.05,none,"This PR integrates a new V2 API endpoint for fetching transaction history for display; it touches no key material, signing, approval, or transport paths.",other
daedalus,https://github.com/input-output-hk/daedalus/pull/1567,[DDW-897] Rust node integration,0,0.05,none,"This PR switches the default Cardano node backend from http-bridge to the Rust-based Jormungandr node for the incentivized testnet, touching only build configuration, installer paths, and documentatio",other
daedalus,https://github.com/input-output-hk/daedalus/pull/1555,[DDW-872] Update wallet metadata V2 API integration,0,0.05,none,"This PR simply updates the wallet metadata API endpoint path from v1 to v2, a routine API integration change with no custody-relevant impact.",other
daedalus,https://github.com/input-output-hk/daedalus/pull/1560,[DDW-879] Calculate transaction fee v2 api integration,0,0.15,none,"This PR integrates a new V2 API endpoint for transaction fee calculation and cleans up commented-out code and unused imports; it is a feature/API migration change with no impact on key material, signi",other
daedalus,https://github.com/input-output-hk/daedalus/pull/1552,[DDW-871] Delete Wallet V2 API integration,0,0.05,none,"This PR merely updates the wallet-deletion API endpoint path from v1 to v2, an ordinary API migration with no custody-relevant guard or validation added.",other
daedalus,https://github.com/input-output-hk/daedalus/pull/1559,[DDW-876] Get wallet UTXO statistics v2 api integration,0,0.05,none,This PR migrates the wallet UTXO statistics endpoint from API v1 to v2 and updates the UI/types accordingly; it is a feature/API integration change with no custody-relevant guard or fix.,other
daedalus,https://github.com/input-output-hk/daedalus/pull/1557,[DDW-874] Create / Restore wallet V2 API integration,0,0.15,none,"This is an API v1-to-v2 migration for wallet create/restore endpoints, changing field names and paths, not fixing a custody-relevant defect.",other
daedalus,https://github.com/input-output-hk/daedalus/pull/1558,[DDW-875] Update wallet passphrase V2 API integration,0,0.1,none,"The diff only updates E2E test feature files and changelog to accommodate a new V2 API endpoint and a new minimum password length policy, which is a test/feature change rather than a fix for a custody",other
daedalus,https://github.com/input-output-hk/daedalus/pull/1556,[DDW-873] Get single wallet v2 api integration,0,0.05,none,"This PR adds a new API V2 endpoint for fetching a single wallet by ID, which is a feature addition with no security guards or fixes to custody-relevant paths.",other
daedalus,https://github.com/input-output-hk/daedalus/pull/1829,Merge release/2.1.0-ITN1 into v2-integration,0,0.15,none,"This is a dependency bump of cardano-wallet plus minor test-code removal and a semver prerelease flag change; per the threat model, bumping a third-party dependency is not a security fix in the wallet",other
dfns-sdk,https://github.com/dfns/dfns-sdk-ts/pull/197,feat(near): sdk integration,0,0.05,none,"This diff adds a new NEAR SDK integration package, example code, and publishing scripts — a feature addition, not a fix to any custody, signing, or key-handling defect.",other
dfns-sdk,https://github.com/dfns/dfns-sdk-ts/pull/135,Aptos integration,0,0.05,none,"This diff adds a new Aptos SDK integration library and example code, which is a feature addition rather than a fix to any custody-relevant defect.",other
eclair,https://github.com/ACINQ/eclair/pull/3291,Fix flaky zero-conf integration test,0,0.0,none,"This change only modifies an integration test by wrapping assertions in an eventually block to fix a race condition, and does not touch any custody-relevant wallet code.",other
eclair,https://github.com/ACINQ/eclair/pull/1879,Fix flaky channel integration tests,0,0.02,none,"This is a test-only change fixing flaky CI timeouts in integration tests by adjusting awaitCond timeout parameters and adding a mempool wait condition, with no impact on wallet source code or custody ",other
eclair,https://github.com/ACINQ/eclair/pull/1524,Fix flaky integration test,0,0.0,none,"The diff only modifies an integration test to fix flakiness by disconnecting nodes, with no changes to wallet custody or signing code.",other
eclair,https://github.com/ACINQ/eclair/pull/172,Added an integration test on revoked tx handling,0,0.05,none,"This is an integration test addition for revoked commit tx punishment behavior, with the only production change being a log.info statement that adds payment logging — no guard, validation, or exploita",other
eclair,https://github.com/ACINQ/eclair/pull/3114,Remove obsolete interop tests,0,0.02,none,"This change only deletes obsolete test resource scripts and their expected outputs, touching no wallet source, key, signing, or custody-relevant code.",other
eclair,https://github.com/ACINQ/eclair/pull/2234,Support DNS hostnames in node announcements,0,0.1,none,"This is a feature addition adding DNS hostname support to Lightning node announcements with associated protocol validation, not a custody-relevant security fix.",other
eclair,https://github.com/ACINQ/eclair/pull/1491,Activate anchor output in channels,0,0.15,none,"This PR adds anchor outputs support as a new Lightning protocol feature, updating signing calls to pass commitment format context for the new format rather than fixing an existing signing or custody v",other
eclair,https://github.com/ACINQ/eclair/pull/2338,Remove compatibility code for waitingSince,0,0.05,none,This removes legacy backward-compatibility code that migrated a timestamp-based waitingSince field to block-height-based values; it is a routine cleanup of obsolete migration logic with no impact on k,other
eclair,https://github.com/ACINQ/eclair/pull/2041,Make backward compatibility code for `waitingSince` work on testnet,0,0.25,other,"This is a backward-compatibility threshold fix for testnet block heights in channel waiting-state logic; it does not touch key material, signing, or approval paths, and the misclassification on mainne",other
eclair,https://github.com/ACINQ/eclair/pull/1576,Rework features compatibility,0,0.15,none,"This is a protocol-level feature negotiation refactor for Lightning peers, not a custody/key/signing fix, and the threat model explicitly excludes protocol concerns.",other
eclair,https://github.com/ACINQ/eclair/pull/1554,Add backward-compatibility tests on some database codecs,0,0.05,none,"This change only adds backward-compatibility test cases for existing wire/database codecs in test files, with no modification to production key, signing, or custody paths.",other
edge,https://github.com/EdgeApp/edge-react-gui/pull/6028,Feat: Changelly integration,0,0.05,none,"This is a feature addition integrating the Changelly swap provider, including a simple XOR obfuscation utility for storing a third-party API key in config — not a fix to any custody-relevant vulnerabi",other
edge,https://github.com/EdgeApp/edge-react-gui/pull/5338,Add `hideDepositDetails` to WidgetParams for Kado integration,0,0.1,none,"This change adds a UI parameter to hide deposit details for sell orders in a third-party fiat provider integration, which does not affect key material, signing, or custody.",other
edge,https://github.com/EdgeApp/edge-react-gui/pull/646,Plugin interface and simplex integration,0,0.15,none,This is a feature addition introducing a plugin system (buysell/spend with simplex integration) plus build/config changes; the only defensive code change is a null-check on a query string to prevent a,other
edge,https://github.com/EdgeApp/edge-react-gui/pull/136,Touch id integration,0,0.15,none,"This is a feature addition integrating TouchID biometric authentication into the wallet UI and native build configuration, not a fix for an existing vulnerability in key material, signing, or custody ",other
edge,https://github.com/EdgeApp/edge-react-gui/pull/5850,Go back to `runOnJS` for Android compatibility,0,0.05,none,"This is a UI compatibility refactor swapping a worklet scheduler for runOnJS in a slider component, with no custody-relevant impact.",other
electrum,https://github.com/spesmilo/electrum/pull/964,Add audio modem integration for transaction sending & receiving,0,0.05,none,This is a new feature adding an audio modem plugin for air-gapped transaction transfer; it introduces no guard or fix for an existing defect in key/signing/approval paths.,other
electrum,https://github.com/spesmilo/electrum/pull/1391,KeepKey Integration,0,0.05,none,"This diff adds a new KeepKey hardware wallet plugin feature, not a fix to any existing custody defect.",other
electrum,https://github.com/spesmilo/electrum/pull/1044,New firmware integration,0,0.25,none,"This change removes a hardcoded firmware version check (major=1, minor=4, patch>=9) to prepare for upcoming firmware versions that wouldn't match the old pattern, and refactors exception handling to d",other
electrum,https://github.com/spesmilo/electrum/pull/9039,onion messages,0,0.15,none,"This PR adds new onion message CLI commands and a new serialization field type (sciddir_or_pubkey) as a feature, with no pre-existing custody-relevant defect being repaired.",other
electrum,https://github.com/spesmilo/electrum/pull/7590,trezorlib 0.13 compatibility,0,0.05,none,"This is a compatibility and feature update (trezorlib 0.13 API changes and Taproot support), not a fix for a custody-relevant vulnerability.",other
electrum,https://github.com/spesmilo/electrum/pull/6309,plugins/bitbox02: fix compatibility with bitbox02-4.0.0,0,0.15,none,"This is a dependency/API compatibility update for the bitbox02 hardware wallet plugin, adapting calls to the new library version (4.0.0) rather than fixing a custody-relevant defect.",other
enkrypt,https://github.com/enkryptcom/enKrypt/pull/808,fix: replace ElectrumClient with FiroElectrumClient for fix integration,0,0.15,none,"This diff adds Firo blockchain wallet support (new dependencies, BaseFiroWallet, spark-handler, keyring accessors) as a feature, not a fix for any custody-relevant defect.",other
enkrypt,https://github.com/enkryptcom/enKrypt/pull/601,Update Syscoin and Rollux integration,0,0.05,none,"This is a feature/config change renaming Syscoin networks and adding a Blockscout balance-fetching endpoint, with no custody-relevant key, signing, approval, or transport paths touched.",other
enkrypt,https://github.com/enkryptcom/enKrypt/pull/214,Devop: `Rootstock` integration,0,0.15,none,"This is a feature addition integrating the Rootstock network (new network config, RNS resolver, hardware wallet paths, and chain-specific checksum display), not a fix for an existing vulnerability in ",other
ethereumjs,https://github.com/ethereumjs/ethereumjs-monorepo/pull/4225,First-round BAL Test Integration,0,0.05,none,"This change adds the in-development Amsterdam hardfork/EIP-7928 definitions, updates CI labels, and bumps a test submodule; it is a feature/test integration with no custody-relevant defect being repai",other
ethereumjs,https://github.com/ethereumjs/ethereumjs-monorepo/pull/4141,First-Time EST Osaka Blockchain Test Integration,0,0.05,none,"This is a CI/test integration change adding execution-spec-test blockchain tests and renaming test scripts, with no custody-relevant code or key/signing paths touched.",other
ethereumjs,https://github.com/ethereumjs/ethereumjs-monorepo/pull/3757,Use `inlineclient` in miner integration tests,0,0.02,none,"This is a test-only refactor replacing mocked miner integration test setup with an inline client, touching no wallet key/signing/approval paths.",other
ethereumjs,https://github.com/ethereumjs/ethereumjs-monorepo/pull/2729,Monorepo Wallet Library Integration,0,0.05,none,"This PR integrates an existing wallet library into the monorepo and updates package-lock.json with new dependency entries; it adds no guard, validation, or fix to any custody-relevant path.",other
ethereumjs,https://github.com/ethereumjs/ethereumjs-monorepo/pull/2667,Trie/Client: Add permanent Trie Node Cache + Client Integration,0,0.05,none,"This PR adds an LRU cache to the trie checkpoint DB purely for performance during block execution and sync; it does not touch key material, signing, approvals, or any custody-relevant path.",other
ethereumjs,https://github.com/ethereumjs/ethereumjs-monorepo/pull/1648,rlp: v3 updates from integration,0,0.25,none,"This is primarily a library refactor migrating Buffer to Uint8Array with added conversion utilities; the leading-zero check tightening in RLP decoding is a protocol-correctness improvement, not a cust",other
ethereumjs,https://github.com/ethereumjs/ethereumjs-monorepo/pull/1317,"Common: Reworked Custom Chain Instantiation, Polygon/Arbitrum Supported Chains Integration",0,0.05,none,"This is an API consolidation and feature addition for custom chain instantiation (Polygon/Arbitrum/xDai support), with no changes to key handling, signing, or custody-relevant paths.",other
ethereumjs,https://github.com/ethereumjs/ethereumjs-monorepo/pull/1034,Common: Custom Chain File Integration,0,0.05,none,"This PR adds a customChains feature and refactors chain initialization in the Common library; it does not touch key material, signing, approvals, or any custody-relevant path.",other
ethereumjs,https://github.com/ethereumjs/ethereumjs-monorepo/pull/869,Move EIP Integration to Common,0,0.05,none,"This is a refactoring/feature change adding EIP2537 support infrastructure to the Common library, touching consensus parameters (difficulty, gas limits) with no custody-relevant key, signing, approval",other
ethereumjs,https://github.com/ethereumjs/ethereumjs-monorepo/pull/876,Alternative EIP-based HF file format in Common as preparation for Yolo v2 integration,0,0.05,none,"This is a refactor of hardfork/EIP configuration file formats to support a new alternative structure for Yolo v2 testnet integration, with no changes to key material, signing, approvals, or any custod",other
ethereumjs,https://github.com/ethereumjs/ethereumjs-monorepo/pull/4150,Fusaka/Osaka Releases - v10.1.0,0,0.05,none,"The diff only updates package-lock.json dev/test dependencies (vitest, chai, playwright) with no changes to wallet key/signing/custody code.",other
ethereumjs,https://github.com/ethereumjs/ethereumjs-monorepo/pull/2493,Interop 4844 Docs Preparation & Alignment,0,0.05,none,"This change only adds interop testing documentation, devnet config files, and eslint ignore rules for devnet scripts, with no custody-relevant wallet source modifications.",other
ethereumjs,https://github.com/ethereumjs/ethereumjs-monorepo/pull/2492,Client and README Doc Updates,0,0.0,none,"This is a documentation-only change updating README files and reorganizing instructions; no wallet source, key, signing, or transport code is touched.",other
ethereumjs,https://github.com/ethereumjs/ethereumjs-monorepo/pull/2040,"Miscellaneous fixes/improvements for evm, client, consensus and crypto",0,0.2,none,"The diff is a dependency version bump in package-lock.json and package.json, which per the threat model is not a security fix even if the upstream library patched a CVE.",other
ethereumjs,https://github.com/ethereumjs/ethereumjs-monorepo/pull/1509,client: merge work continued,0,0.05,none,"The diff only updates typedoc config and package-lock.json dependency versions, with no changes to wallet custody, signing, or key-handling code.",other
ethereumjs,https://github.com/ethereumjs/ethereumjs-monorepo/pull/3394,blockchain: handle nil blockbodies for backward compatibility,0,0.15,none,"This is a blockchain protocol compatibility change handling nil block bodies with header validation, not a custody-relevant fix for keys, signing, approvals, or transport.",other
ethereumjs,https://github.com/ethereumjs/ethereumjs-monorepo/pull/2840,VM Browser Example and Various Browser Compatibility Fixes,0,0.05,none,"This is a browser compatibility and build tooling change (dependency rename, CI activation, Vite config, DEBUG guard to prevent browser crash, example HTML) with no custody-relevant key, signing, or t",other
ethereumjs,https://github.com/ethereumjs/ethereumjs-monorepo/pull/1834,"develop: ci fix, some last backwards compatibility removals",0,0.05,none,This is a CI/build config and dependency version adjustment change with no custody-relevant code paths touched.,other
ethereumjs,https://github.com/ethereumjs/ethereumjs-monorepo/pull/1149,Fix devp2p browser compatibility,0,0.05,none,"This adds a browser compatibility shim for Node's dns module in devp2p peer discovery, which is a feature/compatibility change with no custody-relevant impact.",other
ethereumjs,https://github.com/ethereumjs/ethereumjs-monorepo/pull/1138,Tx Renaming / Improve backwards-compatibility,0,0.05,none,"This is a pure rename/refactor of transaction class names for backwards-compatibility, with no added validation or guard on signing or key paths.",other
ethers,https://github.com/ethers-io/ethers.js/pull/681,add circleci integration,0,0.02,none,"This diff only adds CircleCI configuration and a Parity dev-chain test setup, which is CI/testing infrastructure with no custody-relevant code changes.",other
frame,https://github.com/floating/frame/pull/547,Fixes some Lattice integration issues,0,0.15,none,"The diff is a branding fix, UI flow tweak, connection state-management refactor, timeout increase, and dependency bump for the Lattice hardware wallet integration — none of these changes add or remove",other
freighter,https://github.com/stellar/freighter/pull/2702,API Integration + Integr. via SWK,0,0.05,none,"This is a documentation-only change adding an API integration guide and updating a markdown table, with no wallet source code or custody-relevant logic touched.",other
freighter,https://github.com/stellar/freighter/pull/684,add integration tests,0,0.15,none,"This is primarily an integration test infrastructure addition with minor UI/feature changes (SWAP button, account pre-loading) and a refactor of _activatePublicKey; no custody-relevant guard or valida",other
gdk,https://github.com/Blockstream/gdk/pull/45,integration testing,0,0.15,none,"This is an integration testing and build infrastructure change adding a Rust subproject wrapper and CI test jobs, with no custody-relevant guard or validation added.",other
gotham-city,https://github.com/ZenGo-X/gotham-city/pull/11,AWS Integration,0,0.15,none,"This is a refactoring/feature change that wraps reqwest::Client in a ClientShim abstraction and renames PrivateShares to PrivateShare for AWS integration; no new guards, validations, or security-relev",other
keyring-controller,https://github.com/MetaMask/KeyringController/pull/252,Restore compatibility with QR Keyring,0,0.3,none,This is a compatibility fix restoring the default options parameter from {} to undefined so the QR keyring's deserialize method works correctly; the added isObject guards are defensive but the change ,other
keystone3,https://github.com/KeystoneHQ/keystone3-firmware/pull/1057,Feat: stellar integration,0,0.05,none,"This diff adds a new Stellar integration feature including address generation, error handling, and CI workflows, rather than fixing an existing vulnerability.",other
keystone3,https://github.com/KeystoneHQ/keystone3-firmware/pull/936,Feat: ArConnect integration,0,0.15,none,"This PR adds a new Arweave/ArConnect wallet integration feature (new app module, deep hash implementation, CI workflow, images) rather than fixing an existing security defect.",other
keystone3,https://github.com/KeystoneHQ/keystone3-firmware/pull/755,ARweave integration,0,0.1,none,This diff introduces a new Arweave integration feature with AES and RSA key generation utilities rather than fixing an existing vulnerability.,other
keystone3,https://github.com/KeystoneHQ/keystone3-firmware/pull/935,Feat: Typhon wallet integration,0,0.05,none,"This PR adds a new wallet UI icon asset and bumps the build version; it touches no key, signing, approval, transport, or firmware paths.",other
lace,https://github.com/input-output-hk/lace/pull/173,[LW-6791] PostHog integration branch (new requirements),0,0.05,none,"This change adds PostHog analytics integration, renames analytics event helpers, and updates CSP/env config accordingly — a feature/telemetry change with no custody, key, or signing impact.",other
lace,https://github.com/input-output-hk/lace/pull/904,"feat(staking,extension,ui): StakePools Grid and List View integration, persistance adjustments [LW-9250, LW-9393, LW-9249, LW-9922]",0,0.05,none,"This is a feature/refactor PR adding staking grid/list views, renaming APY to ROS, and adjusting pagination persistence; it does not touch key material, signing, approvals, or transport paths.",other
lace,https://github.com/input-output-hk/lace/pull/1992,feat: lmp bundle integration [LW-13474],0,0.05,none,"This PR adds a new LMP bundle integration feature (new hook, menu item, and wallet rendering) with no changes to key material, signing, approval, or transport security paths.",other
lace,https://github.com/input-output-hk/lace/pull/1022,Fix post integration unit test run,0,0.02,none,"This is a CI workflow configuration fix adding environment variables for test runs, with no changes to wallet source code or any custody-relevant subsystem.",other
lace,https://github.com/input-output-hk/lace/pull/892,Lw 9170 multi wallet integration,0,0.05,none,"This is a multi-wallet UI integration feature adding dropdown/account management components and bumping SDK dependency versions, with no changes to key handling, signing, approval, or transport securi",other
lace,https://github.com/input-output-hk/lace/pull/905,fix(extension): fix trezor integration and DApp tx signing with Trezor,0,0.25,none,"This is a functional bug fix restoring broken Trezor integration (hardcoded WalletType.Ledger instead of using the actual connected device type, plus import path refactors); it does not add a security",other
lace,https://github.com/input-output-hk/lace/pull/1603,feat(nami): [lw-11879] dapp compatibility improvements,0,0.05,none,"This diff only adjusts UI layout, widths, padding, and adds descriptive text to a settings toggle for DApp compatibility mode, with no custody-relevant logic touched.",other
leather,https://github.com/leather-io/extension/pull/6135,fix: failing onboarding integration test,0,0.02,none,"This is a test-only change adding a default notifications flag to a test state object to fix a failing onboarding integration test, with no impact on custody, keys, or signing paths.",other
leather,https://github.com/leather-io/extension/pull/6027,Release/sbtc integration,0,0.05,none,"This is a feature release for sBTC integration consisting of config changes, dependency bumps, CI workflow adjustments, and README updates with no security guards or custody-relevant fixes.",other
leather,https://github.com/leather-io/extension/pull/5991,feat: sbtc integration,0,0.05,none,"This PR enables sBTC display and sponsorship features in wallet config and bumps internal @leather.io dependencies, with no added guards or removal of exploitable conditions on key/signing paths.",other
leather,https://github.com/leather-io/extension/pull/5459,fix: integration tests setup,0,0.02,none,"This is a test-only change adjusting wait timeouts and visibility checks in integration test page-object models, with no impact on wallet source or custody-relevant paths.",other
leather,https://github.com/leather-io/extension/pull/4349,feat: alex swaps integration,0,0.05,none,"This is a feature integration (Alex swaps SDK) with supporting refactors (txid→txId renaming), UI changes, and utility additions — no security guard, validation, or key/signing protection is added or ",other
leather,https://github.com/leather-io/extension/pull/2106,feat: activate okcoin fiat onramp integration,0,0.05,none,"This change activates a fiat onramp provider and refactors the buy-page UI; it touches no key, signing, approval, or custody-relevant code paths.",other
leather,https://github.com/leather-io/extension/pull/1425,"feat: improve CI, use matrix for integration tests",0,0.02,none,"This is a CI/test infrastructure change adding caching, matrix builds, and Node version bumps with no custody-relevant code touched.",other
leather,https://github.com/leather-io/extension/pull/745,Fixing integration tests for Stacks Wallet,0,0.05,none,"This PR only updates ESLint config, build/test scripts, dependency versions, and static assets to fix integration tests, with no changes to key material, signing, approval, transport, or any custody-r",other
ledger-live,https://github.com/LedgerHQ/ledger-live/pull/19900,[LWM] feat(LIVE-34467): add aleo mobile integration tests,0,0.05,none,"This change only adds integration tests and a changeset for Aleo add-account/send flows; no wallet source code guarding keys, signing, or transport is modified.",other
ledger-live,https://github.com/LedgerHQ/ledger-live/pull/20092,[LWDM] test(live-common): update cosmos integration snapshot for blockchain drift,0,0.02,none,"This is a test snapshot update to reflect normal on-chain activity (balance drift and new transactions) and contains no changes to wallet source code, key handling, or signing logic.",other
ledger-live,https://github.com/LedgerHQ/ledger-live/pull/19848,[LWDM] chore(errors): replace instanceof with .name checks (coin-integration files),0,0.05,none,"This is a refactor replacing instanceof error checks with .name string checks to decouple error identity from class references, with no change to custody, signing, or validation logic.",other
ledger-live,https://github.com/LedgerHQ/ledger-live/pull/19819,[LWM] refactor(mobile): migrate coin-integration screens to custom SafeAreaView (LIVE-34625),0,0.05,none,"This is a UI layout refactor migrating SafeAreaView imports to a custom component; it touches no key, signing, approval, or transport paths.",other
ledger-live,https://github.com/LedgerHQ/ledger-live/pull/19546,[LWD] refactor(desktop): reduce console.error in webview + bitcoin [coin-integration],0,0.05,none,"This change only downgrades console.error to console.warn in three logging sites without altering any validation, key handling, or signing logic.",other
ledger-live,https://github.com/LedgerHQ/ledger-live/pull/19454,"fix(codeowners): scope wallet-cli ownership, prevent coin-integration pings",0,0.02,none,"This only adjusts CODEOWNERS glob scoping to prevent unintended team notifications; it touches no wallet source, key, signing, or custody-relevant code.",other
ledger-live,https://github.com/LedgerHQ/ledger-live/pull/17994,[LWDM] docs(coin-integration): update EVM integration README,0,0.0,none,"This is a documentation-only change converting absolute GitHub URLs to relative paths in a README, with no impact on key material, signing, or custody paths.",other
ledger-live,https://github.com/LedgerHQ/ledger-live/pull/19600,[LWDM] feat(tezos): use same node url for integration tests and app,0,0.05,none,"This only updates the Tezos node URL in integration tests and docs to match the app's production node URL, with no custody-relevant code or guard changes.",other
ledger-live,https://github.com/LedgerHQ/ledger-live/pull/18444,[LWM] Add tezos integration tests,0,0.02,none,"This change only adds integration tests for the Tezos stake/unstake UI flows and does not modify any wallet source, key, signing, or transport code.",other
ledger-live,https://github.com/LedgerHQ/ledger-live/pull/18973,[LWD] revert(lld): drop @datadog/electron-sdk main-process integration,0,0.05,none,"This reverts a Datadog telemetry/observability integration due to boot-time issues, touching only build config, dependency removal, and test cleanup with no custody-relevant code paths.",other
ledger-live,https://github.com/LedgerHQ/ledger-live/pull/19080,[LWD] test(lld): fix flaky History export dialog integration test [LIVE-33397],0,0.02,none,"Test-only change replacing mock accounts with lighter generated ones to fix a flaky integration test; no wallet source, key, signing, or custody path is touched.",other
ledger-live,https://github.com/LedgerHQ/ledger-live/pull/18680,[LWDM] test(stellar): stabilize flaky integration test on mainnet,0,0.02,none,Test-only change stabilizing a flaky Stellar integration test by switching to mainnet and relaxing fee assertions; no custody-relevant code is touched.,other
ledger-live,https://github.com/LedgerHQ/ledger-live/pull/18656,[LWM] chore: add integration tests for the new send flow,0,0.02,none,"This is a test-only change adding integration tests for the send flow, with no modifications to wallet source code or custody-relevant paths.",other
ledger-live,https://github.com/LedgerHQ/ledger-live/pull/17739,[LWD] Add tezos integration tests,0,0.05,none,"This PR only adds integration test files and a changeset for Tezos staking UI flows, with no changes to wallet source, key, signing, or custody-relevant code.",other
ledger-live,https://github.com/LedgerHQ/ledger-live/pull/18441,[LWDM] feat(LIVE-31564): aleo getTvk and signOperation integration,0,0.05,none,"This is an explicitly labeled feature (changeset: minor) adding Aleo getTvk precomputation and streaming progress reporting to signOperation, with no guard, validation, or exploitable condition being ",other
ledger-live,https://github.com/LedgerHQ/ledger-live/pull/18405,[LWDM] feat(LIVE-31785): prepare aleo utils for incoming tokens integration,0,0.05,none,"This is a feature change preparing Aleo coin module for token integration, adding constants, i18n strings, and test fixtures with no custody-relevant guard or signing-path fix.",other
ledger-live,https://github.com/LedgerHQ/ledger-live/pull/18486,[LWDM] refactor(LIVE-31786): Aleo LWD preparation for tokens integration (part 1),0,0.05,none,"This is a UI refactor preparing Aleo wallet for token account integration, adding token-account support to self-transfer and balance summary components with no changes to key handling, signing, approv",other
ledger-live,https://github.com/LedgerHQ/ledger-live/pull/18470,[LWM] feat(mobile): Portfolio Stocks — section UI + integration [LIVE-31381/31382/31383],0,0.05,none,"This is a feature addition (Portfolio Stocks section UI) behind a feature flag with no changes to key material, signing, approval, transport, or any custody-relevant subsystem.",other
ledger-live,https://github.com/LedgerHQ/ledger-live/pull/17843,[LWDM] chore(llc): update Cosmos bridge integration test datasets,0,0.02,none,"This diff only updates integration test snapshot datasets (balances and transaction lists) for Cosmos bridge tests, with no changes to wallet source code, key handling, signing, or any custody-relevan",other
ledger-live,https://github.com/LedgerHQ/ledger-live/pull/16936,[LWDM] fix: integration tests,0,0.15,none,"This is a UX/feature change adding a pop-up to guide users through a Cardano staking undelegation flow, with no impact on key material, signing, or custody paths.",other
ledger-live,https://github.com/LedgerHQ/ledger-live/pull/18385,[LWDM] feat(LIVE-30371): aleo fixtures and constants before full public token integration (part 1),0,0.05,none,"This PR adds test fixtures, mocks, and fee constants for Aleo token integration — a feature/test scaffolding change with no custody-relevant guard or signing-path modification.",other
ledger-live,https://github.com/LedgerHQ/ledger-live/pull/17700,[LWDM] test: anticipate async bridge migration in unit/integration tests,0,0.0,none,"This is a test-only change adding jest mocks for an upcoming async bridge migration, with no production code or custody-relevant paths touched.",other
ledger-live,https://github.com/LedgerHQ/ledger-live/pull/16901,[LWM] fix(mobile): stabilize flaky QueuedDrawer integration test,0,0.02,none,"This is a test-only change wrapping drawer-closed assertions in waitFor to fix flaky CI; no production code, key material, signing, or custody-relevant paths are touched.",other
ledger-live,https://github.com/LedgerHQ/ledger-live/pull/16903,feat(ci): run ledger-wallet-framework integration test in github workflow,0,0.05,none,"This is a CI-only change adding integration test workflow steps for ledger-wallet-framework, with no modifications to wallet source code or custody-relevant subsystems.",other
ledger-live,https://github.com/LedgerHQ/ledger-live/pull/16086,[LWD] fix(canton): OnboardModal integration test fix,0,0.02,none,"This is a test-only change adjusting mocks in an integration test for the Canton OnboardModal, with no modification to wallet source or custody-relevant code.",other
ledger-live,https://github.com/LedgerHQ/ledger-live/pull/16897,feat(framework): remove integration test run from unit test on ledger-wallet-framework,0,0.0,none,"This is a CI/test infrastructure change that separates integration tests from unit tests in Jest configuration, with no impact on custody, key material, signing, or any security-relevant path.",other
ledger-live,https://github.com/LedgerHQ/ledger-live/pull/15722,[LWDM] fix(sui): get stakes integration tests,0,0.0,none,"This is a test-only change updating an account address in Sui integration tests, with no impact on wallet source, keys, signing, or custody paths.",other
ledger-live,https://github.com/LedgerHQ/ledger-live/pull/15889,[LWD] feat: canton onboarding integration tests desktop,0,0.05,none,"This PR adds integration tests for the Canton onboarding modal and contains no changes to wallet source, key, signing, or custody paths.",other
ledger-live,https://github.com/LedgerHQ/ledger-live/pull/15891,[LWM] feat: canton onbaording integration tests mobile,0,0.05,none,"This PR only adds integration tests and MSW mock handlers for Canton onboarding; no wallet source, key, signing, or transport code is changed.",other
ledger-live,https://github.com/LedgerHQ/ledger-live/pull/15783,[LWDM] Support/cardano undelegate integration test,0,0.15,none,"This adds a UX popup to inform users about an internal transaction when undelegating a Cardano staking account with rewards, plus test IDs and integration tests — it is a feature/UX improvement, not a",other
ledger-live,https://github.com/LedgerHQ/ledger-live/pull/15765,[LWDM] refactor(canton): hardware wallet integration & transaction encoding,0,0.05,none,"This is a test-only refactor and dependency cleanup for a new coin module, with no changes to production key/signing/custody paths.",other
ledger-live,https://github.com/LedgerHQ/ledger-live/pull/15869,[LWM] feat: canton offers integration tests for mobile,0,0.02,none,"This PR only adds integration tests for a new canton offers UI feature; no wallet source, key, signing, or transport code is changed.",other
ledger-live,https://github.com/LedgerHQ/ledger-live/pull/15868,[LWD] feat: canton pending offers integration tests for desktop,0,0.02,none,"This PR only adds integration tests for Canton pending offers UI; no wallet source, key, signing, or transport code is changed.",other
ledger-live,https://github.com/LedgerHQ/ledger-live/pull/16059,[LWD] fix(desktop): migrate canton OnboardModal integration test to withFlagOverrides,0,0.02,none,"This is a test-only migration from a removed settings API to a new test helper to fix a typecheck regression, with no impact on custody, keys, or signing paths.",other
ledger-live,https://github.com/LedgerHQ/ledger-live/pull/15958,[LWDM] fix(coin-evm): update import path in integration test,0,0.0,none,"This diff only updates an import path in an integration test file, which is a refactor/rename with no custody or signing impact.",other
ledger-live,https://github.com/LedgerHQ/ledger-live/pull/15615,[CONCORDIUM][LWM] Onboarding flow integration tests (2FA failures),0,0.05,none,This is a new integration test file verifying 2FA confirmation code UI behavior during Concordium onboarding; it adds no production guard or fix.,other
ledger-live,https://github.com/LedgerHQ/ledger-live/pull/15597,[LWDM] feat(aleo): encrypted prove integration in broadcast,0,0.15,none,"This is a feature addition integrating encrypted prove into Aleo broadcast, with config plumbing and test refactoring, not a fix to a custody-relevant defect.",other
ledger-live,https://github.com/LedgerHQ/ledger-live/pull/15560,[LWM] Onboarding flow component integration test (signature failures),0,0.02,none,This is a new integration test file covering signature failure/retry paths; it adds no production guard or validation and does not change wallet source code.,other
ledger-live,https://github.com/LedgerHQ/ledger-live/pull/15601,[CONCORDIUM][LWM] Onboarding flow integration tests (Wallet Connect communications),0,0.02,none,"This is a test-only refactor extracting mock setup into a shared module; no wallet source, key, signing, or transport code is changed.",other
ledger-live,https://github.com/LedgerHQ/ledger-live/pull/15532,[CONCORDIUM][LWM] Onboarding flow component integration test (happy path),0,0.05,none,"This change adds an integration test for the onboarding happy path and adds accessibility props to UI buttons; it does not touch key material, signing, approvals, or any custody-relevant path.",other
ledger-live,https://github.com/LedgerHQ/ledger-live/pull/14485,feat: lwd walletv4 tour slide integration,0,0.02,none,"This is a UI feature adding animated tour slide navigation to the desktop wallet; it touches no key, signing, approval, transport, or firmware paths.",other
ledger-live,https://github.com/LedgerHQ/ledger-live/pull/15278,[LWDM] chore(live-common): update snapshot for bridge integration test,0,0.02,none,"This is a test snapshot update for balance/rewards values in a Cardano bridge integration test, with no changes to wallet source, key, or signing logic.",other
ledger-live,https://github.com/LedgerHQ/ledger-live/pull/4607,vechain integration,0,0.05,none,"This diff adds native vechain/VTHO support and UI handling for unsupported token graphs, which is a feature addition with no custody-relevant security fix.",other
ledger-live,https://github.com/LedgerHQ/ledger-live/pull/14935,fix(algorand snapshot): :bug: add bridge integration test algorand,0,0.02,none,"The diff only adds test mock fixtures and Jest snapshots for an Algorand bridge integration test, with no changes to wallet source code or custody-relevant paths.",other
ledger-live,https://github.com/LedgerHQ/ledger-live/pull/12337,fix: noah integration,0,0.05,none,"This is a UI feature integration adding a 'noah' receive flow and modular drawers, with no custody-relevant key, signing, or transport changes.",other
ledger-live,https://github.com/LedgerHQ/ledger-live/pull/15171,fix(rename tests): :truck: rename bitcoin tests from integration to i…,0,0.0,none,"This is a pure rename of test files from .integration.test.ts to .integ.test.ts with no changes to wallet source, key, or signing code.",other
ledger-live,https://github.com/LedgerHQ/ledger-live/pull/11922,fix integration tests,0,0.05,none,"This PR only modifies integration tests, test mocks, and snapshots to stabilize CI; no wallet source code touching keys, signing, or custody paths is changed.",other
ledger-live,https://github.com/LedgerHQ/ledger-live/pull/11889,feat: hoodi integration,0,0.05,none,"This PR adds a new Ethereum Hoodi testnet currency integration (feature flag, currency registration, test fixtures) and is purely a feature addition with no custody-relevant guard or fix.",other
ledger-live,https://github.com/LedgerHQ/ledger-live/pull/8731,feat: zenrock integration,0,0.05,none,"This is a feature addition integrating a new Cosmos-family cryptocurrency (Zenrock/ROCK) into Ledger Live, with no changes to key handling, signing, approval, or transport security paths.",other
ledger-live,https://github.com/LedgerHQ/ledger-live/pull/8704,feat: xion integration,0,0.02,none,"This PR adds a new Cosmos-family currency (Xion) to the wallet's supported currencies list, UI feature flags, and test snapshots — a pure feature addition with no custody-relevant code changes.",other
ledger-live,https://github.com/LedgerHQ/ledger-live/pull/8205,feat: mantra integration,0,0.02,none,"This is a feature addition integrating a new 'mantra' (OM) Cosmos-family currency into Ledger Live, with no changes to key material, signing, approval, transport, or any custody-relevant path.",other
ledger-live,https://github.com/LedgerHQ/ledger-live/pull/7617,Feat/jetton integration,0,0.05,none,"This is a feature addition adding TON jetton (token) support with new test fixtures, i18n strings, and integration tests, not a fix for any custody-relevant defect.",other
ledger-live,https://github.com/LedgerHQ/ledger-live/pull/7405,Feat/ton integration,0,0.05,none,"This PR adds TON blockchain support (UI components, currency registration, operation details) as a new feature, not a fix to any custody-relevant defect.",other
ledger-live,https://github.com/LedgerHQ/ledger-live/pull/7394,Add TON integration,0,0.05,none,"This is a feature addition adding TON blockchain support to Ledger Live, introducing new UI components and currency registration rather than fixing any custody or signing defect.",other
ledger-live,https://github.com/LedgerHQ/ledger-live/pull/5830,[coin-integration] Linea,0,0.02,none,"This is a feature addition adding Linea/Linea Goerli chain support to the wallet via currency lists, feature flags, and test snapshots, with no changes to key, signing, approval, or transport security",other
ledger-live,https://github.com/LedgerHQ/ledger-live/pull/14939,fix: [LIVE-27104] cardano exclude balance sum from integration tests,0,0.02,none,"This change only modifies test datasets and snapshot files for Cardano integration tests, with no impact on custody, signing, or key material.",other
ledger-live,https://github.com/LedgerHQ/ledger-live/pull/14342,fix: [LIVE-25786] update integration tests,0,0.02,none,"This diff only updates test addresses and expected balance values in an integration test file, with no changes to wallet source code or custody-relevant paths.",other
ledger-live,https://github.com/LedgerHQ/ledger-live/pull/9929,feat: aptos token integration,0,0.05,none,"This is a feature addition for Aptos token integration plus a refactor of operation type classification; no custody-relevant key, signing, approval, or transport paths are modified.",other
ledger-live,https://github.com/LedgerHQ/ledger-live/pull/7672,Feat/ton jetton integration,0,0.05,none,"This PR adds TON jetton (token) support with UI fields, i18n strings, test fixtures, and a new dependency, which is a feature addition rather than a fix to any custody/key/signing path.",other
ledger-live,https://github.com/LedgerHQ/ledger-live/pull/7671,[WIP]Feat/jetton integration,0,0.05,none,"This is a feature PR adding Jetton (TON token) support with new UI fields, i18n strings, test fixtures, and a dependency, with no changes to key material, signing, approval, or transport security path",other
ledger-live,https://github.com/LedgerHQ/ledger-live/pull/6636,Revamp coin integration test,0,0.05,none,"This is a new test helper suite for coin integration tests, not a change to wallet custody, signing, or key-handling code.",other
ledger-live,https://github.com/LedgerHQ/ledger-live/pull/6067,Fix: cosmos integration test,0,0.0,none,"The diff only adds missing configuration setup in a test helper file to fix integration tests, without touching any custody-relevant code.",other
ledger-live,https://github.com/LedgerHQ/ledger-live/pull/11736,Feat: Large Mover integration test,0,0.02,none,"This PR only adds an integration test file for a Large Mover landing page UI feature, touching no key, signing, approval, transport, or custody-relevant code.",other
ledger-live,https://github.com/LedgerHQ/ledger-live/pull/11095,feat: Live-apps MAD integration,0,0.05,none,"This is a feature/UI refactor adding a ModularDrawer component for account selection in the live-app webview, with no changes to key handling, signing, or custody-relevant security controls.",other
ledger-live,https://github.com/LedgerHQ/ledger-live/pull/8931,✨ DMK Eth Signer integration,0,0.15,none,"This is a feature integration adding DMK (Device Management Kit) signer support with a new signer abstraction layer; the session refresher disable is a stability fix, not a custody-relevant vulnerabil",other
ledger-live,https://github.com/LedgerHQ/ledger-live/pull/8122,[Playwright][Speculos] Improve CLI integration,0,0.05,none,"This is a TypeScript typing/refactoring change to CLI testing tooling (Playwright/Speculos integration), adding explicit type definitions and dev dependencies with no custody-relevant guards or fixes.",other
ledger-live,https://github.com/LedgerHQ/ledger-live/pull/7740,Feat/LIVE-13502 Etherlink integration,0,0.02,none,"This PR adds a new EVM currency (Etherlink) to supported currency lists, UI feature flags, and test snapshots — a feature addition with no custody-relevant guard or fix.",other
ledger-live,https://github.com/LedgerHQ/ledger-live/pull/7300,LLD integration of Wallet Sync,0,0.05,none,"This is a feature integration of Wallet Sync (trustchain-based cloud sync) into Ledger Live Desktop, adding new React contexts, hooks, and Redux state wiring — not a fix for any existing custody-relev",other
ledger-live,https://github.com/LedgerHQ/ledger-live/pull/6899,Fix wallet sync integration test,0,0.02,none,"The diff only adjusts CSS border-radius values in UI components and adds a rendering test for the Wallet Sync settings screen, with no changes to key, signing, approval, or transport paths.",other
ledger-live,https://github.com/LedgerHQ/ledger-live/pull/5690,Bugfix/moonpay swap integration url,0,0.05,none,"Appends a partner query parameter to a MoonPay swap URL for integration purposes; no custody, key, signing, or transport path is affected.",other
ledger-live,https://github.com/LedgerHQ/ledger-live/pull/12899,fix: aptos bridge integration test (LIVE-23559),0,0.15,none,This refactors the Aptos max-spendable-balance estimation to correctly handle token vs main accounts and fixes an integration test; an incorrect estimate causes at worst a failed transaction or a subo,other
ledger-live,https://github.com/LedgerHQ/ledger-live/pull/10809,feat(LLD): add account integration tests,0,0.02,none,This PR only adds integration tests and mocks for the add-account UI flow; no custody-relevant source code is changed.,other
ledger-live,https://github.com/LedgerHQ/ledger-live/pull/9888,[LIVE-18045] Babylon mainnet light integration,0,0.05,none,"This is a feature addition integrating a new Cosmos-family currency (Babylon) with UI conditionals for disabling delegation display, not a fix to any custody-relevant key, signing, approval, or transp",other
ledger-live,https://github.com/LedgerHQ/ledger-live/pull/9078,[QAA] Improving Xray x Speculos intégration,0,0.02,none,"This is a test/CI infrastructure change improving Xray integration and deduplicating test results in a JSON reporter, with no custody-relevant code touched.",other
ledger-live,https://github.com/LedgerHQ/ledger-live/pull/9221,👷  SonarQube - Exclude integration tests from analysis,0,0.0,none,"This change only updates SonarQube and Jest configuration to exclude integration tests from static analysis, with no impact on key material, signing, or custody paths.",other
ledger-live,https://github.com/LedgerHQ/ledger-live/pull/8212,LLD - Fix LS QR Code integration test,0,0.15,none,"This is primarily a test fix for QR code integration tests plus a refactor making crypto.decrypt calls synchronous to match an updated API; no guard, validation, or exploitable condition is added or r",other
ledger-live,https://github.com/LedgerHQ/ledger-live/pull/10866,feat: send/receive HTS tokens - integration (part 3),0,0.05,none,"This is a feature addition adding Hedera HTS token send/receive and token association support to Ledger Live, with new UI components and operation details rendering — no custody-relevant guard, valida",other
ledger-live,https://github.com/LedgerHQ/ledger-live/pull/9660,feat(llc): bump wallet-api with sui integration,0,0.05,none,"This is a feature addition (Sui blockchain integration) consisting of dependency version bumps, a changeset, and test snapshot updates, with no changes to key/signing/approval/transport paths.",other
ledger-live,https://github.com/LedgerHQ/ledger-live/pull/8440,[SWAP] Add new functions for trusted service integration,0,0.05,none,"The diff only refactors and adds unit tests in Exchange.test.ts, touching no wallet source or custody-relevant code paths.",other
ledger-live,https://github.com/LedgerHQ/ledger-live/pull/7545,:sparkles:feat(llm): trustchain integration to qr code scan,0,0.05,none,"This is a feature addition that wires up QR code scanning to a trustchain sync flow; no existing guard, validation, or exploitable condition is added or removed.",other
ledger-live,https://github.com/LedgerHQ/ledger-live/pull/17578,[LWDM] fix(live-dmk-shared): handle node 22 interop for hw-transport default…,0,0.15,none,"This is a Node.js 22 ESM/CJS module interop compatibility fix for importing the hw-transport class, not a security guard or validation change affecting custody.",other
ledger-live,https://github.com/LedgerHQ/ledger-live/pull/19253,[LWDM] feat(coin-multiversx): add CoinModuleApi (Alpaca) createApi with ESDT + staking,0,0.15,none,"This is a feature addition (new CoinModuleApi factory) and refactor of existing MultiversX coin-module logic into a new API structure, not a fix for a custody-relevant defect.",other
ledger-live,https://github.com/LedgerHQ/ledger-live/pull/17653,[LWM] docs(device-intent): document Device Intent Executor and add LWM input helper,0,0.05,none,"Docs-only README/agent-skill additions plus a thin re-export helper that delegates to an already-tested function, with no new guard, validation, or custody-relevant defect repaired.",other
ledger-live,https://github.com/LedgerHQ/ledger-live/pull/18427,[LWM] chore(lwm): add a Hermes REPL to quickly check compatibilities,0,0.02,none,Adds a developer convenience script to launch the Hermes REPL for compatibility checks; touches no custody-relevant code paths.,other
ledger-live,https://github.com/LedgerHQ/ledger-live/pull/463,Better icons-ui subpath exports compatibility,0,0.05,none,"This is a package.json subpath exports compatibility fix for an icons UI library, touching only module resolution with no custody-relevant code paths.",other
ledger-live,https://github.com/LedgerHQ/ledger-live/pull/1811,LIVE-4546 Polkadot sidecar compatibility update,0,0.05,none,"This is a forward-compatibility update to Polkadot sidecar API query parameters for staking data retrieval, with no impact on key material, signing, approvals, or any custody-relevant security boundar",other
ledger-live,https://github.com/LedgerHQ/ledger-live/pull/1861,[LIVE-4605] Revert compatibility with old and new Bitcoin apps,0,0.15,none,"This is a revert of an API signature change in the hw-app-btc wrapper for compatibility with old/new Bitcoin Nano apps, not a fix for any custody-relevant defect.",other
ledger-sdk,https://github.com/LedgerHQ/ledger-secure-sdk/pull/170,Stax: Integration of partial waveforms into nbgl use case flows,0,0.05,none,"This change only modifies e-ink display refresh strategies (partial vs full waveform refresh) in the NBGL UI library, with no impact on key material, signing, approvals, or any custody-relevant path.",other
ledger-sdk,https://github.com/LedgerHQ/ledger-secure-sdk/pull/487,Fix ledger assert compatibility with DISABLE_UI,0,0.1,none,"This is a build/compile fix for UI compatibility when DISABLE_UI is set, not a custody-relevant security patch.",other
ledgerjs,https://github.com/LedgerHQ/ledgerjs/pull/48,Start integration of ledger-wallet-common,0,0.05,none,"This is initial scaffolding of a new @ledgerhq/common package (package.json, flow config, eslint/babel config, basic queries/mutations, currency utilities) with no security guards or custody-relevant ",other
ledgerjs,https://github.com/LedgerHQ/ledgerjs/pull/686,Fix compatibility issues with getWalletPublicKey,0,0.25,none,"This is a compatibility/documentation update adapting the JS library to the new hardware app's existing path restrictions; the security improvement is in the firmware, not in this wallet library code.",other
liana,https://github.com/wizardsardine/liana/pull/1086,GUI: Stateless remote backend integration,0,0.15,none,"This is a feature addition integrating a stateless remote backend (LianaLite) with corresponding UI state-management refactoring; no key material, signing, approval, or transport security paths are mo",other
librustzcash,https://github.com/zcash/librustzcash/pull/36,CI integration for librustzcash,0,0.02,none,"This diff only adds a GitLab CI configuration file for build/test/deploy pipelines and does not touch any wallet source, key, signing, or custody-relevant code.",other
magic,https://github.com/magiclabs/magic-js/pull/133,Add framework for extension compatibility checks,0,0.15,none,"This adds a new runtime extension compatibility-checking framework with semver version matching, which is a feature/refactor and does not touch key material, signing, approvals, or any custody-relevan",other
metamask,https://github.com/MetaMask/metamask-extension/pull/43666,release(runway): cherry-pick feat: arc network integration,0,0.15,none,"This is a feature integration for Arc network support, adding token constants, default token hooks, and hiding a display-duplicate USDC ERC20 token in the asset picker — not a fix for an existing expl",other
metamask,https://github.com/MetaMask/metamask-extension/pull/43509,feat: arc network integration cp-13.35.1 cp-13.36.0,0,0.05,none,"This is a feature addition for Arc network integration — renaming token symbols, adding icon URLs, hiding a duplicate display token, and importing default tokens — none of which touch key material, si",other
metamask,https://github.com/MetaMask/metamask-extension/pull/42905,feat: Add integration for new QR error handling,0,0.1,none,"This change introduces a new UI state for classifying and displaying hardware wallet QR scan errors, which does not alter the underlying cryptographic validation or custody paths.",other
metamask,https://github.com/MetaMask/metamask-extension/pull/42636,feat: enable advanced permissions flag integration and testing,0,0.15,none,This is a feature-flag integration refactor that moves permission-type enablement from build-time environment variables to a runtime LaunchDarkly flag; it adds no new guard or validation and does not ,other
metamask,https://github.com/MetaMask/metamask-extension/pull/42299,feat(passkey): TO-541 - settings passkey flows and change-password integration,0,0.15,none,"This is a feature PR adding passkey/biometrics settings UI flows and change-password integration, consisting of locale string additions and corresponding test updates — no guard, validation, or exploi",other
metamask,https://github.com/MetaMask/metamask-extension/pull/41429,feat: first time user integration,0,0.05,none,"This is a UI feature adding a first-time-user tutorial modal for the Perps trading interface, with no custody-relevant key, signing, approval, or transport changes.",other
metamask,https://github.com/MetaMask/metamask-extension/pull/41191,"fix: set Sentry user id in dedicated metametrics integration, rather than rewriteReport",0,0.05,none,"This change refactors Sentry/MetaMetrics telemetry integration and adds tests for state retrieval, with no impact on key material, signing, approvals, or any custody-relevant path.",other
metamask,https://github.com/MetaMask/metamask-extension/pull/40228,feat: new assets controllers integration,0,0.05,none,"This PR adds a new assets controller integration for hiding/importing tokens behind a feature flag, which is a feature addition with no custody-relevant key, signing, approval, or transport changes.",other
metamask,https://github.com/MetaMask/metamask-extension/pull/39971,Perps/poc controller integration  polish,0,0.05,none,"This PR adds i18n strings and a new Perps controller integration for a perpetual futures feature, which is a feature addition with no custody-relevant guard or fix.",other
metamask,https://github.com/MetaMask/metamask-extension/pull/39888,Perps/poc controller integration cleanup,0,0.05,none,"This PR adds a Perps controller feature with locale strings and stubbed logging/metrics/tracing infrastructure; it does not touch key material, signing, approvals, transport, or any custody-relevant p",other
metamask,https://github.com/MetaMask/metamask-extension/pull/39972,Perps/poc controller integration  limit order,0,0.05,none,"This diff adds i18n strings and a controller re-export wrapper for a new Perps (perpetual futures) trading feature, with no key, signing, approval, or transport guards added or removed.",other
metamask,https://github.com/MetaMask/metamask-extension/pull/39987,fix: flaky test `Shield Plan Stripe Integration Shield Claims displays error when transaction is not eligible`,0,0.02,none,"This is a test-only change that adds ignoredConsoleErrors to flaky e2e specs, touching no wallet source or custody-relevant code.",other
metamask,https://github.com/MetaMask/metamask-extension/pull/38838,feat: claims draft integration,0,0.05,none,"This PR adds a new claims-draft feature (controller bindings, UI hooks, routes, toasts, locale strings) with no custody-relevant guard, validation, or key/signing changes.",other
metamask,https://github.com/MetaMask/metamask-extension/pull/38885,feat: use multichain accounts state 2 in integration tests,0,0.05,none,This change only adds a test-only feature flag and refactors integration tests to use multichain account helpers; no custody-relevant source code is modified.,other
metamask,https://github.com/MetaMask/metamask-extension/pull/37683,feat: swaps tron integration,0,0.05,none,"This is a feature addition enabling Tron network support in the swaps/bridge flow, with no changes to key material, signing, approval, or transport security paths.",other
metamask,https://github.com/MetaMask/metamask-extension/pull/37597,feat: claims-controller integration,0,0.05,none,"This PR adds a new ClaimsController/ClaimsService integration with wiring and tests, which is a feature addition rather than a fix to any custody-relevant vulnerability.",other
metamask,https://github.com/MetaMask/metamask-extension/pull/38567,feat: add metrics for shield-rewards integration cp-13.13.0,0,0.05,none,"This change adds metrics/telemetry tracking for a shield-rewards onboarding feature, with no impact on key material, signing, approvals, or any custody-relevant path.",other
metamask,https://github.com/MetaMask/metamask-extension/pull/38578,release(runway): cherry-pick feat: add metrics for shield-rewards integration cp-13.13.0,0,0.05,none,"This change adds metrics/telemetry tracking for a shield-rewards onboarding feature and does not touch any key, signing, approval, or custody-relevant path.",other
metamask,https://github.com/MetaMask/metamask-extension/pull/35929,feat: subscription payment options integration,0,0.05,none,"This diff integrates a new SubscriptionController feature with its messenger wiring and tests; it does not touch key material, signing, approvals, or any custody-relevant path.",other
metamask,https://github.com/MetaMask/metamask-extension/pull/35951,feat: subscription shield settings integration,0,0.05,none,"This is a feature change integrating subscription/shield settings UI and locale strings with subscription controller APIs, with no custody-relevant key, signing, approval, or transport guards added or",other
metamask,https://github.com/MetaMask/metamask-extension/pull/36061,feat: client integration for `auxiliaryFunds` + `requiredAssets` support (EIP-7682),0,0.05,none,"This is a feature implementation for ERC-7682 auxiliaryFunds/requiredAssets capability reporting, adding new RPC capability checks and e2e tests with a dependency bump — no custody-relevant guard or s",other
metamask,https://github.com/MetaMask/metamask-extension/pull/35633,feat: `MultichainAccountService` discovery integration,0,0.1,none,"This PR adds a new multichain account discovery feature behind a feature flag, wiring up a new MultichainAccountService-based discovery flow; it introduces no security guard, validation, or removal of",other
metamask,https://github.com/MetaMask/metamask-extension/pull/35627,feat: Gator permissions controller integration,0,0.15,none,"This PR integrates a new Gator permissions controller as a feature addition with wiring and tests, not a fix to an existing custody-relevant defect.",other
metamask,https://github.com/MetaMask/metamask-extension/pull/33402,feat: bitcoin integration improvements,0,0.05,none,"This PR adds Bitcoin Signet network support, UI labels, block explorer URL configuration, and test constants — all feature/config changes with no impact on key material, signing, approvals, or transpo",other
metamask,https://github.com/MetaMask/metamask-extension/pull/29887,feat: SIP-26 Integration,0,0.15,none,This is a feature addition (SIP-26/Solana chain-agnostic permissions) that refactors the permission subsystem to support multiple namespaces rather than fixing an exploitable defect.,other
metamask,https://github.com/MetaMask/metamask-extension/pull/33545,feat: Add provisional Ocap Kernel integration,0,0.05,none,"This diff adds a new build-time feature flag and provisional Ocap Kernel integration (build scripts, manifest changes, static asset copying, and a new offscreen script) without adding or removing any ",other
metamask,https://github.com/MetaMask/metamask-extension/pull/32554,feat(snaps): Add integration for snap_trackEvent RPC method,0,0.05,none,"This adds a new analytics/metrics RPC method for Snaps, which is a feature addition that does not touch key material, signing, or custody paths.",other
metamask,https://github.com/MetaMask/metamask-extension/pull/27259,feat: Add redesign integration tests,0,0.02,none,"This PR only adds integration tests for redesigned confirmation screens and touches no wallet source, key, signing, or validation code.",other
metamask,https://github.com/MetaMask/metamask-extension/pull/27130,fix: UI transaction integration tests,0,0.05,none,"The diff only updates integration tests (chain IDs, rendering patterns) and removes a stray console.log, with no changes to key, signing, approval, or transport logic.",other
metamask,https://github.com/MetaMask/metamask-extension/pull/26365,fix: permit UI integration tests,0,0.05,none,"The diff only modifies integration test files and a test-environment patch to fix rendering and mocking in permit UI tests, with no changes to wallet source code or custody-relevant paths.",other
metamask,https://github.com/MetaMask/metamask-extension/pull/26366,feat: Add integration test for blockaid on contract interaction,0,0.05,none,This is a test-only change adding an integration test to verify that the existing Blockaid phishing alert UI displays correctly for malicious transactions; no wallet source code or custody-relevant lo,other
metamask,https://github.com/MetaMask/metamask-extension/pull/24278,feat: Snaps JSX integration,0,0.15,none,"This is a feature integration of a new JSX rendering system for Snaps UI, with test data updates and a patch file removal; no custody-relevant guard, validation, or key/signing path is modified.",other
metamask,https://github.com/MetaMask/metamask-extension/pull/22734,useDisplayName Hook and Integration into <Name/> Component,0,0.05,none,"This change introduces a new React hook for displaying token/contract names in the UI, which is a feature/refactor and does not touch any custody-relevant paths.",other
metamask,https://github.com/MetaMask/metamask-extension/pull/20554,[FLASK] Transaction Insights V2 Integration,0,0.15,none,"This PR implements the Transaction Insights V2 feature (SIP-11), adding warning UI components, analytics tracking, and feature flag plumbing — it is a new feature, not a fix for an existing vulnerabil",other
metamask,https://github.com/MetaMask/metamask-extension/pull/17344,Nit fixes for story-test integration,0,0.02,none,"This PR only moves test dependencies to devDependencies and adjusts lint comments in storybook files, with no changes to key, signing, approval, or transport code.",other
metamask,https://github.com/MetaMask/metamask-extension/pull/14557,Adding popular custom network integration,0,0.05,none,"This is a feature addition for adding popular custom networks, consisting of new localization strings and SVG icons, with no changes to key, signing, approval, or transport security paths.",other
metamask,https://github.com/MetaMask/metamask-extension/pull/14605,Snap notifications integration,0,0.05,none,"This is a feature addition integrating a Snap notifications system (NotificationController, UI, selectors, actions, tests) with no guards or fixes on any custody-relevant path.",other
metamask,https://github.com/MetaMask/metamask-extension/pull/12242,Lavamoat build system integration for WebApp,0,0.15,none,"This adds a build-time feature flag to optionally load LavaMoat runtime scripts, but explicitly does not enable LavaMoat on any page yet — it is groundwork/infrastructure for a future security hardeni",other
metamask,https://github.com/MetaMask/metamask-extension/pull/4405,Integration ENS with IPFS,0,0.05,none,"This diff adds static 404/error HTML pages and image assets for an ENS-to-IPFS resolution feature, with no changes to key, signing, approval, or transport security paths.",other
metamask,https://github.com/MetaMask/metamask-extension/pull/9835,Fix onboarding library integration,0,0.25,none,"This is an onboarding flow/state-management bug fix ensuring the user reaches the end-of-flow screen before onboarding state is cleared; it does not touch key generation, storage, signing, or any cust",other
metamask,https://github.com/MetaMask/metamask-extension/pull/41404,fix: update legacy tooltip icon color for Firefox compatibility,0,0.05,none,"This is a UI styling fix updating a legacy tooltip icon component for Firefox compatibility, with no impact on key material, signing, approvals, or any custody-relevant path.",other
metamask,https://github.com/MetaMask/metamask-extension/pull/30120,fix: (cherry-pick) use intl locale for compatibility with Intl.NumberFormat (#30113),0,0.05,none,"This is a UI locale compatibility refactor switching getLocale to getIntlLocale for Intl.NumberFormat, with no impact on key material, signing, approvals, or any custody-relevant path.",other
metamask,https://github.com/MetaMask/metamask-extension/pull/11867,Restore Firefox compatibility,0,0.15,none,"This is a Firefox compatibility restoration that incidentally tightens CSP by removing unsafe-eval, but the motivation is browser support and lint reactivation, not fixing a custody-relevant defect.",other
metamask,https://github.com/MetaMask/metamask-extension/pull/596,Edge compatibility,0,0.05,none,"This is a browser compatibility change adding Microsoft Edge support to the wallet extension (API shims, build targets, popup type changes, and forEach-to-for refactors), with no custody-relevant guar",other
metamask,https://github.com/MetaMask/metamask-extension/pull/700,Add Opera compatibility,0,0.15,none,"This is an Opera browser compatibility change adding icon sizes, adjusting a ChromeOS keyboard shortcut, and swapping manifest permissions for clipboard access — not a fix for any custody-relevant def",other
metamask-core,https://github.com/MetaMask/core/pull/9224,fix(perps-controller): add fetch timeout and prevent name downgrade in Terminal API integration,0,0.05,none,"This change adds a fetch timeout and prevents market-data name downgrades in a price/market display service, with no impact on keys, signing, approvals, or custody paths.",other
metamask-core,https://github.com/MetaMask/core/pull/7922,feat(ramps):  Add TransakService for native deposit flow integration,0,0.05,none,"This is a new feature adding a Transak native deposit flow integration (OTP auth, KYC, quoting, order lifecycle) with associated state and tests, not a fix to any custody-relevant defect.",other
metamask-core,https://github.com/MetaMask/core/pull/6862,feat: Swaps tron integration,0,0.05,none,"This is a feature addition extending bridge/swap controller to support Tron blockchain transactions, with no changes to key handling, signing validation, or security guards.",other
metamask-core,https://github.com/MetaMask/core/pull/4429,fix: disable some transaction controller integration tests,0,0.0,none,"This change only disables integration tests and adjusts coverage thresholds; it touches no wallet source, key, signing, or custody-relevant code.",other
metamask-core,https://github.com/MetaMask/core/pull/4687,feat: network-syncing and user storage controller integration,0,0.05,none,"This is a feature addition wiring up network-syncing to user storage behind a flag, with no guards or fixes to key/signing/approval/transport paths.",other
metamask-core,https://github.com/MetaMask/core/pull/4701,feat: add main network sync controller integration,0,0.05,none,"This diff adds tests and integration plumbing for a new network-sync feature in UserStorageController, with no changes to key material, signing, approval, transport, or any custody-relevant path.",other
metamask-core,https://github.com/MetaMask/core/pull/3789,Transaction multichain integration,0,0.05,none,"This diff only adds a dependency and reworks test mocks for a multichain transaction feature, with no changes to key, signing, approval, or transport security logic.",other
metamask-core,https://github.com/MetaMask/core/pull/3791,Add initial IncomingTransactionPolling integration spec,0,0.05,none,"This change only adds test specs and test mocks for incoming transaction polling along with dev dependencies in package.json; no wallet source, key, or signing paths are modified.",other
metamask-core,https://github.com/MetaMask/core/pull/3788,Fix first TransactionController Integration spec,0,0.05,none,"The diff only modifies test mocks and package.json devDependencies to fix an integration spec, with no changes to wallet source code or custody-relevant paths.",other
metamask-core,https://github.com/MetaMask/core/pull/1738,`eth-json-rpc-provider` migration - Integration into `packages/`,0,0.05,none,"This is a monorepo migration of eth-json-rpc-provider with package metadata, changelog URLs, tsconfig references, and a type-to-value export change — no guards, validations, or custody-relevant defect",other
metamask-core,https://github.com/MetaMask/core/pull/8703,feat(accounts-controller): use `KeyringV1Adapter` for `SnapKeyring` (v2) accounts,0,0.15,none,"This is a refactoring to wrap SnapKeyringV2 in a KeyringV1Adapter for interface compatibility with the KeyringController; it does not add or remove any security guard, and the worst case of the pre-fi",other
metamask-core,https://github.com/MetaMask/core/pull/6991,feat(json-rpc-engine): Permit passing middleware functions to compatibility adapters,0,0.05,none,"This is a convenience feature allowing middleware functions to be passed directly to compatibility adapters, with no added guards or removal of exploitable conditions in custody-relevant paths.",other
metamask-core,https://github.com/MetaMask/core/pull/5069,fix: check push notification compatibility before setting up firebase,0,0.05,none,"The diff only adds a test file for push-notification/Firebase initialization compatibility, which is unrelated to key material, signing, approvals, or any custody-relevant subsystem.",other
metamask-core,https://github.com/MetaMask/core/pull/3654,OpenSea V2 -> V1 compatibility,0,0.02,none,"The diff only updates test mocks to match the OpenSea V2 API response schema; no wallet source, key, signing, or custody-relevant code is changed.",other
metamask-core,https://github.com/MetaMask/core/pull/1693,Add EIP-1559 compatibility validation for transaction creation,0,0.2,none,"Adds EIP-1559 compatibility validation to prevent invalid transaction submissions, which is a correctness/UX guard rather than a custody-protecting security fix.",other
metamask-core,https://github.com/MetaMask/core/pull/1457,Fix EIP-1559 network compatibility check,0,0.1,none,"This change handles a null RPC response for block retrieval to correctly mark EIP-1559 compatibility as undefined rather than false, which is a network compatibility/UX bug fix and does not expose key",other
metamask-core,https://github.com/MetaMask/core/pull/1236,Update EIP-1559 compatibility during network lookup,0,0.05,none,"This change merely relocates the EIP-1559 compatibility check from provider configuration to network lookup for architectural alignment, with no impact on key material, signing, approvals, or custody ",other
metamask-core,https://github.com/MetaMask/core/pull/458,Restore ComposableController compatibility between different BaseControllers,0,0.15,none,"This is a compatibility refactor replacing an instanceof check with a duck-typed subscribe check to support mixing old and new BaseController versions; it touches controller plumbing, not key material",other
metamask-mobile,https://github.com/MetaMask/metamask-mobile/pull/31734,feat: init AUS watchlist integration,0,0.05,none,"This is a feature/refactor change wiring a perps watchlist UI to an authenticated user storage service and adjusting analytics tracking; it does not touch key material, signing, approvals, transport, ",other
metamask-mobile,https://github.com/MetaMask/metamask-mobile/pull/32078,feat: QrSyncController and integration to UI (new users flow),0,0.05,none,"This PR introduces a new QrSyncController and integrates it into the UI for a new device pairing flow, which is a feature addition rather than a fix for a custody-relevant vulnerability.",other
metamask-mobile,https://github.com/MetaMask/metamask-mobile/pull/31662,feat: arc network integration cp-7.82.0 cp-7.81.1,0,0.05,none,"This diff restructures default swap destination token configuration to support per-source-token overrides, which is a feature/data-structure change with no custody-relevant impact.",other
metamask-mobile,https://github.com/MetaMask/metamask-mobile/pull/28152,feat: Add fiat payment confirmation flow with headless ramp integration placeholder,0,0.05,none,"This PR adds a new fiat payment confirmation UI component and its tests, which is a feature addition with no custody-relevant guard, validation, or key/signing path changes.",other
metamask-mobile,https://github.com/MetaMask/metamask-mobile/pull/27548,feat: migrate Button (wallet-integration scope),0,0.02,none,"This is a UI component migration replacing a local Button with a design-system Button and adjusting label/variant props; it touches no key, signing, approval, transport, or validation logic.",other
metamask-mobile,https://github.com/MetaMask/metamask-mobile/pull/28334,fix: enhance multichain address sorting and block explorer integration,0,0.05,none,"This is a UI refactor fixing block explorer link resolution and multichain address sorting; it does not touch key material, signing, approvals, or any custody-relevant path.",other
metamask-mobile,https://github.com/MetaMask/metamask-mobile/pull/26465,feat: Advanced charts integration in token details page,0,0.05,none,"This is a test-only addition for a new advanced price chart UI feature, with no custody, key, signing, or transport relevance.",other
metamask-mobile,https://github.com/MetaMask/metamask-mobile/pull/27881,feat: Braze SDK integration [GE-107] cp-7.72.0,0,0.02,none,"This PR integrates the Braze marketing/push-notification SDK into the mobile app, adding build config, manifest entries, and Kotlin compatibility patches — none of which touch key material, signing, a",other
metamask-mobile,https://github.com/MetaMask/metamask-mobile/pull/26236,feat: add Homepage component with feature flag integration,0,0.02,none,"This PR adds a new placeholder Homepage UI component behind a feature flag with no changes to key material, signing, approvals, or any custody-relevant subsystem.",other
metamask-mobile,https://github.com/MetaMask/metamask-mobile/pull/26610,feat(e2e): add fixture validation and export specs with CI integration,0,0.05,none,"This is a CI/test infrastructure change adding E2E fixture validation reporting scripts and workflow integration, with no custody-relevant code paths touched.",other
metamask-mobile,https://github.com/MetaMask/metamask-mobile/pull/25358,feat: OmniSearch integration in WebBrowser,0,0.05,none,"This is a test-only change adding unit tests for a new OmniSearch URL autocomplete UI feature, with no custody-relevant key, signing, approval, or transport paths touched.",other
metamask-mobile,https://github.com/MetaMask/metamask-mobile/pull/21294,feat: Swaps tron integration,0,0.05,none,"This is a feature PR adding Tron network support to the swaps/bridge UI, including new token constants, fee display logic, and tests, with no changes to key material, signing, approval, or transport s",other
metamask-mobile,https://github.com/MetaMask/metamask-mobile/pull/21455,feat: card onboarding integration,0,0.05,none,"This is a UI feature change adding card onboarding navigation, signup buttons, and test coverage with no custody-relevant key, signing, or transport logic touched.",other
metamask-mobile,https://github.com/MetaMask/metamask-mobile/pull/19971,feat: Bitcoin+Tron BIP44 integration,0,0.15,none,"This is a feature addition for Bitcoin+Tron network support in the UI network selector, changing chain ID formatting logic to accommodate non-EVM chains, with no custody-relevant key/signing/approval ",other
metamask-mobile,https://github.com/MetaMask/metamask-mobile/pull/18760,feat(SDKConnectV2): UI integration,0,0.05,none,"This is a feature PR adding new Redux actions, state fields, and tests for the Mobile Wallet Protocol (MWP) UI integration, with no guard/validation/removal of an exploitable condition.",other
metamask-mobile,https://github.com/MetaMask/metamask-mobile/pull/19965,feat: client integration for `auxiliaryFunds` + `requiredAssets` support (EIP-7682),0,0.05,none,"This PR adds EIP-7682 auxiliaryFunds/requiredAssets feature support and bumps internal MetaMask dependencies, with no custody-relevant guard or fix.",other
metamask-mobile,https://github.com/MetaMask/metamask-mobile/pull/15389,feat: SIP-26 Integration,0,0.15,none,"This is a feature addition (SIP-26 Solana Dapp connectivity via Multichain API) that extends account connect/permissions UI to support non-EVM chains, not a fix for a custody-relevant defect.",other
metamask-mobile,https://github.com/MetaMask/metamask-mobile/pull/8759,feat: Accounts controller integration,0,0.15,none,"This is an architectural migration from PreferencesController to a new AccountsController for account management; no custody-relevant vulnerability is being repaired, and the added validation (throwin",other
metamask-mobile,https://github.com/MetaMask/metamask-mobile/pull/17160,feat: 2.11 Sentry error integration cp-7.52.0,0,0.15,none,"This PR adds user-consent-based Sentry error reporting and ErrorBoundary wrapping for OAuth password creation failures, which is a telemetry/UX feature and does not add any guard or validation protect",other
metamask-mobile,https://github.com/MetaMask/metamask-mobile/pull/18817,feat(perps): Add data lake API integration for order tracking,0,0.05,none,"This PR adds a new data lake API integration for order tracking and telemetry, which is a feature addition rather than a security fix.",other
metamask-mobile,https://github.com/MetaMask/metamask-mobile/pull/17797,feat: decoupling PerpsController error strings for Core Monorepo Integration,0,0.05,none,"This is a pure refactor replacing i18n error strings with error code constants to decouple the PerpsController for monorepo integration, with no changes to key handling, signing, approval, or any cust",other
metamask-mobile,https://github.com/MetaMask/metamask-mobile/pull/15761,feat: Earn Lending Base Layer - Earn Controller Integration and Mock Data Removal,0,0.05,none,"This is a feature/UI change integrating an Earn lending controller with styling adjustments, snapshot updates, and navigation additions; no key material, signing, approval, transport, or custody-relev",other
metamask-mobile,https://github.com/MetaMask/metamask-mobile/pull/17265,feat: add Hyperliquid perpetuals trading integration with deposit functionality,0,0.05,none,"This PR adds a new Hyperliquid perpetuals deposit feature (UI, navigation, styles, tests) rather than fixing any existing vulnerability in key handling, signing, or custody paths.",other
metamask-mobile,https://github.com/MetaMask/metamask-mobile/pull/15731,feat: Contentful banner integration,0,0.05,none,"This is a feature integration adding remote Contentful banner management to the mobile carousel, touching only UI components, test snapshots, and env config with no custody-relevant code paths.",other
metamask-mobile,https://github.com/MetaMask/metamask-mobile/pull/15209,feat(snaps): Add integration for new RPC method snap_trackEvent,0,0.1,none,"This change adds a new RPC method for Snaps to track analytics events, which is a feature addition rather than a fix for a custody-related vulnerability.",other
metamask-mobile,https://github.com/MetaMask/metamask-mobile/pull/14011,feat: new cicd integration changelog-check,0,0.0,none,"This adds a CI workflow to enforce changelog updates on PRs, with no changes to wallet source code or any custody-relevant subsystem.",other
metamask-mobile,https://github.com/MetaMask/metamask-mobile/pull/13966,feat(snaps): Add Snap UI Skeleton component integration and mapping,0,0.05,none,"This PR adds a Skeleton UI component and border-radius mapping for Snap custom UI, which is a feature addition with no custody, key, or signing impact.",other
metamask-mobile,https://github.com/MetaMask/metamask-mobile/pull/10249,Temp/notification integration sdk fixes,0,0.05,none,"This is a refactor/feature change to notification UI and push-notification service wrappers, with no custody-relevant key, signing, approval, or transport guards added or removed.",other
metamask-mobile,https://github.com/MetaMask/metamask-mobile/pull/10147,Temp/notification integration sdk fixes 2,0,0.05,none,"This diff only adds new TypeScript enums and interface definitions for a notifications feature; no custody-relevant key, signing, approval, or transport logic is touched.",other
metamask-mobile,https://github.com/MetaMask/metamask-mobile/pull/8246,feat: enable Ledger integration,0,0.1,none,"This PR re-enables a previously removed Ledger hardware wallet integration feature, adding UI navigation and keyring handling rather than fixing a custody-relevant vulnerability.",other
metamask-mobile,https://github.com/MetaMask/metamask-mobile/pull/8531,feat: sdk permissions system integration,0,0.25,none,"This is a feature PR adding SDK permissions/session management UI and multi-account selection flows, not a fix for a custody-relevant defect in key material, signing, approval scoping, or transport va",other
metamask-mobile,https://github.com/MetaMask/metamask-mobile/pull/8700,feat: Snaps new architecture mobile integration,0,0.2,none,"This is a feature/refactor PR integrating the new Snaps webview architecture into mobile; while it touches webview and transport-adjacent code, the changes are architectural relocation and initializat",other
metamask-mobile,https://github.com/MetaMask/metamask-mobile/pull/6944,chore: revert flipper integration,0,0.05,none,The diff only modifies a PR template and CHANGELOG.md as part of reverting Flipper integration; no custody-relevant source code is touched.,other
metamask-mobile,https://github.com/MetaMask/metamask-mobile/pull/5433,Add WebdriverIO test reports and Browserstack Integration,0,0.05,none,"This PR adds WebdriverIO/Browserstack test infrastructure and performs minor TypeScript import refactors; it touches no key, signing, approval, or transport paths.",other
metamask-mobile,https://github.com/MetaMask/metamask-mobile/pull/8085,fix: PPOMController related issues in blockaid integration,0,0.1,none,This is a third-party dependency version bump for ppom-validator with no changes to the wallet's own code.,other
metamask-mobile,https://github.com/MetaMask/metamask-mobile/pull/7942,feat: snaps controllers integration (Flask Only),0,0.15,none,"This PR adds new UI components and constants for a snap installation approval flow (feature gated to Flask), not a fix to an existing custody-relevant defect.",other
metamask-mobile,https://github.com/MetaMask/metamask-mobile/pull/7004,Feat/ledger integration,0,0.05,none,"This is a feature addition integrating Ledger hardware wallet support (Bluetooth permissions, UI components, navigation routes, signing modals), not a fix to an existing vulnerability in custody, sign",other
metamask-mobile,https://github.com/MetaMask/metamask-mobile/pull/6997,Feature/android nativesdk integration,0,0.05,none,"This is a feature addition integrating a new Android native SDK (new AAR libraries, new exported service, new deeplink action, new session management UI), not a fix for an existing vulnerability in cu",other
metamask-mobile,https://github.com/MetaMask/metamask-mobile/pull/6749,feat: PPOM integration with MetaMask mobile app,0,0.15,none,"This is a feature addition integrating Blockaid PPOM transaction/signature validation into MetaMask mobile, not a fix for an existing vulnerability in the wallet's own custody code.",other
metamask-mobile,https://github.com/MetaMask/metamask-mobile/pull/6380,[FEATURE] WalletConnect v2 Integration,0,0.15,none,"This is a feature integration (WalletConnect v2) with UI/onboarding wizard changes and a version bump; no security guard, validation, or exploitable-condition removal is present in the diff.",other
metamask-mobile,https://github.com/MetaMask/metamask-mobile/pull/6053,[Patch fix] Android build for snaps integration system,0,0.15,none,"This is a feature addition integrating Snaps UI/navigation/approval-modal into MetaMask mobile, not a fix to any existing custody-relevant defect.",other
metamask-mobile,https://github.com/MetaMask/metamask-mobile/pull/5812,[CONTENT] Ledger Integration english content,0,0.0,none,"This diff only adds English locale strings for Ledger integration UI, with no changes to key, signing, or transport logic.",other
metamask-mobile,https://github.com/MetaMask/metamask-mobile/pull/4922,[FEAT] Segment Integration,0,0.05,none,"This is a Segment analytics integration feature involving renaming analytics types, adding a useMetaMetrics hook, and new storage constants for metrics IDs — none of which touch key material, signing,",other
metamask-mobile,https://github.com/MetaMask/metamask-mobile/pull/4619,fix: various bugs in ledger integration,0,0.2,none,"This diff primarily adds Ledger hardware wallet integration (new navigation routes, Bluetooth permissions, Ledger signing modals, and routing logic for Ledger accounts), which is a feature addition ra",other
metamask-mobile,https://github.com/MetaMask/metamask-mobile/pull/3915,[FEAT] Keystone integration,0,0.05,none,"This diff introduces a new feature for Keystone QR hardware wallet integration, adding UI flows and handling for QR signing rather than fixing an existing security vulnerability.",other
metamask-mobile,https://github.com/MetaMask/metamask-mobile/pull/4038,Feature/onramp-agg-integration,0,0.05,none,"This diff adds Storybook stories, custom styling props, and new currency constants to a UI Keypad component — a feature/refactor with no custody, key, or signing relevance.",other
metamask-mobile,https://github.com/MetaMask/metamask-mobile/pull/3013,Swaps V2 Integration,0,0.15,none,"This is a Swaps V2 feature integration (API URL update, Polygon support, direct wrapping, UI/animation changes), not a custody-relevant security fix.",other
metamask-mobile,https://github.com/MetaMask/metamask-mobile/pull/143,Gaba assets controllers integration,0,0.25,none,This is a feature PR integrating asset auto-detection and token balance display; the visible changes are UI/feature work with no concrete security guard added or exploitable condition removed.,other
metamask-mobile,https://github.com/MetaMask/metamask-mobile/pull/131,GABA AssetsController integration,0,0.05,none,"This PR adds a new UI feature for collectible (NFT) support and refactors the AddAsset component to branch on assetType, with no changes to key material, signing, approval, transport, or any custody-r",other
metamask-mobile,https://github.com/MetaMask/metamask-mobile/pull/31206,feat(networking): integrate nitro-fetch with startup prefetching,0,0.15,none,"This PR integrates a new networking library (nitro-fetch) and adds startup prefetching of phishing lists and feature flags for performance; it does not fix a defect in key handling, signing, approval,",other
metamask-mobile,https://github.com/MetaMask/metamask-mobile/pull/29899,fix: add CMAKE_VERSION override to build.yml for RN 0.81 compatibility,0,0.0,none,"This is a CI build configuration change setting a CMake version override for React Native compatibility, with no impact on custody, keys, signing, or any wallet source code.",other
metamask-mobile,https://github.com/MetaMask/metamask-mobile/pull/8678,fix: fix metrics trackEvent compatibility with legacy events,0,0.05,none,"This is a metrics/analytics compatibility fix for legacy event tracking and has no impact on custody, keys, signing, or transport.",other
metamask-mobile,https://github.com/MetaMask/metamask-mobile/pull/6170,Upgrade to Jest 27 for improved performance and RN upgrade compatibility,0,0.05,none,"This is a Jest 27 upgrade with test config, mocks, and minor component refactors; no custody-relevant key, signing, approval, or transport paths are touched.",other
metamask-mobile,https://github.com/MetaMask/metamask-mobile/pull/6201,[FIX] [SDK] Missing redirect breaking backward compatibility,0,0.15,none,"This change fixes a backward-compatibility redirect bug in SDK navigation logic and refactors RPC queue management from module-level functions to a class instance; no key material, signing authority, ",other
metamask-mobile,https://github.com/MetaMask/metamask-mobile/pull/6327,feat(CI): Bitrise M1 Machine and React Native 0.71.6 compatibility upgrade,0,0.05,none,"This is a CI/build infrastructure upgrade for React Native 0.71.6 compatibility (bundler, Flow config, node/ruby versions, Gradle refactor) with no changes to custody-relevant key, signing, approval, ",other
metamask-mobile,https://github.com/MetaMask/metamask-mobile/pull/255,More provider compatibility fixes,0,0.15,none,"The changes are primarily web3.js provider compatibility fixes and postMessage handling adjustments to avoid breaking dapps, not explicit security fixes for custody paths.",other
metamask-mobile,https://github.com/MetaMask/metamask-mobile/pull/527,bugfix: restore web3@1.0.0 compatibility,0,0.15,none,"This is a compatibility fix for web3@1.0.0 dapps, normalizing RPC message formats and handling string payloads; it does not add guards against unauthorized callers, signing bypasses, or key leakage.",other
metamask-sdk,https://github.com/MetaMask/metamask-sdk/pull/1357,fix: integration with default transport,0,0.2,none,"The diff fixes transport integration issues by adding request timeouts, error handling for session creation, and notification callbacks, which are functional bug fixes rather than security vulnerabili",other
metamask-sdk,https://github.com/MetaMask/metamask-sdk/pull/1198,feat: add Next.js playground with turborepo integration,0,0.02,none,"This PR adds a new Next.js playground/demo package with boilerplate scaffolding and no changes to any custody-relevant wallet, key, or signing code.",other
metamask-sdk,https://github.com/MetaMask/metamask-sdk/pull/1080,feat: sdk integration improvements,0,0.15,none,"This is a feature/refactor PR adding typed SDK events, a headless option, deprecating old UI options, and re-using existing connections; no custody-relevant guard or exploitable condition is added or ",other
metamask-sdk,https://github.com/MetaMask/metamask-sdk/pull/1207,feat(sdk): rollback @metamask/providers to 16.1.0 due to Next.js compatibility issues,0,0.05,none,"This is a dependency version rollback for Next.js compatibility, not a fix for any custody-relevant defect in the wallet's own code.",other
metamask-sdk,https://github.com/MetaMask/metamask-sdk/pull/757,"fix: adapt the ""devreactnative"" DApp for compatibility with new ""metaMask/providers"" version",0,0.05,none,"This is a compatibility refactor adapting DApp code to a new provider API (method calls replacing property access) plus dependency version bumps, with no custody-relevant guard or validation added.",other
metamask-sdk,https://github.com/MetaMask/metamask-sdk/pull/471,feat: installmodal deeplink compatibility,0,0.15,none,"This is a feature change that adds deeplink compatibility to the install modal by switching the base URL based on a preference, with no impact on key material, signing, or custody paths.",other
metamask-sdk,https://github.com/MetaMask/metamask-sdk/pull/532,feat: add debug and rn compatibility to config provider,0,0.05,none,"This is a feature/refactor change adding a settings screen and SDK config provider to a dev demo app, with no custody-relevant guard or validation added.",other
metamask-sdk,https://github.com/MetaMask/metamask-sdk/pull/187,feat: add metamask-mobile platform-type for wallet compatibility,0,0.05,none,"This diff merely adds a new platform-type string literal ('metamask-mobile') to a type union for wallet compatibility; it introduces no guard, validation, or custody-relevant change.",other
metamask-sdk,https://github.com/MetaMask/metamask-sdk/pull/75,[FIX] sdk backward compatibility issue,0,0.15,none,The diff comments out a public-key reset line for SDK backward compatibility and fixes a CSS color — neither repairs a custody-relevant defect nor adds a guard against untrusted input.,other
metamask-sdk,https://github.com/MetaMask/metamask-sdk/pull/76,[FEAT] improved requestAccount response speed + backward compatibility issue,0,0.15,none,"The diff is primarily logging improvements (adding channelId to debug messages), dev-mode config toggles, backward-compatibility reconnection timing tweaks, and a provider state-management fix — none ",other
metamask-snaps,https://github.com/MetaMask/snaps/pull/1022,Add AVA test runner integration,0,0.05,none,"This PR adds AVA test runner integration and updates test snapshots/manifest shasums, with no changes to key material, signing, approval, or transport security paths.",other
metamask-snaps,https://github.com/MetaMask/snaps/pull/2451,Add files for `react-native` export compatibility,0,0.05,none,"This change merely adds React Native export compatibility shim files and build config; it does not touch any key, signing, approval, or custody-relevant path.",other
metamask-snaps,https://github.com/MetaMask/snaps/pull/1602,Changes to fix compatibility with extension E2E tests,0,0.02,none,"This is a test-only change to a test snap component that adds result/error rendering for E2E test compatibility, touching no custody-relevant code.",other
monero,https://github.com/monero-project/monero/pull/4241,[for review] TREZOR: initial integration proposal,0,0.05,none,"This is an initial Trezor hardware wallet integration feature, adding new device protocol interfaces, submodules, and cold-signing abstractions rather than fixing an existing custody defect.",other
monero,https://github.com/monero-project/monero/pull/4977,device/trezor: integration tests,0,0.25,none,"This PR primarily adds Trezor integration test infrastructure (debug link, device wipe/load/init for emulator) with all debug code gated behind compile-time flags, and the minor payment_id nonce check",other
monero,https://github.com/monero-project/monero/pull/9839,trezor: fix protobuf 30 compatibility,0,0.05,none,"This is a build/compatibility shim for Protobuf 30's abseil string_view API, adding an overload and a compile-time flag with no changes to key handling, signing, validation, or any custody-relevant lo",other
monero,https://github.com/monero-project/monero/pull/9850,trezor: fix protobuf 30 compatibility [0.18],0,0.05,none,"This diff only modifies CI/CD build workflow configuration and job-count heuristics, touching no wallet source, key, signing, or custody-relevant code paths.",other
monero,https://github.com/monero-project/monero/pull/8544,wallet2: check wallet compatibility with daemon's hard fork version [release],0,0.1,none,"The diff consists of release version bumps, documentation updates, CI changes, a submodule bump, and refactoring of LMDB transaction handling, none of which fix a custody-relevant defect.",other
monero,https://github.com/monero-project/monero/pull/7735,Fix boost 1.76.0 compatibility,0,0.05,none,"This is a build-compatibility fix adding a missing Boost header for compilation with Boost 1.76.0, not a custody-relevant vulnerability repair.",other
monero,https://github.com/monero-project/monero/pull/2703,subaddresses backwards compatibility,0,0.15,none,This is a backwards-compatibility refactor that reorders API parameters with defaults and converts out-of-bounds subaddress label throws into graceful error returns to prevent a crash when opening old,other
mycrypto,https://github.com/MyCryptoHQ/MyCrypto/pull/4183,GridPlus integration,0,0.15,none,"This diff adds GridPlus hardware wallet integration support (new SDK mock for tests, wallet icon SVG, dependency bump, and a test omit-list update), which is a feature addition rather than a fix for a",other
mycrypto,https://github.com/MyCryptoHQ/MyCrypto/pull/2293,Rsk Name Service integration,0,0.05,none,"This PR adds RSK Name Service (RNS) integration as a new feature, extending ENS-style domain resolution to support the .rsk TLD on RSK networks, with no custody-relevant security defect being repaired",other
mycrypto,https://github.com/MyCryptoHQ/MyCrypto/pull/564,Shapeshift Integration,0,0.05,none,"This diff adds Shapeshift swap provider integration with new action creators, types, and UI features; it does not touch key material, signing, approval, or transport security paths.",other
mycrypto,https://github.com/MyCryptoHQ/MyCrypto/pull/1413,Shepherd MVP Integration,0,0.15,none,"This is a refactor consolidating multiple node/RPC provider implementations into a single shepherd provider, with no added guards or fixes to key, signing, approval, or transport paths.",other
mycrypto,https://github.com/MyCryptoHQ/MyCrypto/pull/3153,Disable ShapeShift integration and show a warning to the user,0,0.2,none,"This is a product/feature change disabling ShapeShift integration, adding a beta announcement banner, extending domain resolution to .zil/.crypto, and updating analytics — none of which repair a custo",other
mycrypto,https://github.com/MyCryptoHQ/MyCrypto/pull/3226,Fix Trezor integration,0,0.15,none,"The diff is CI migration from Travis to GitHub Actions, README formatting, and dependency/test mock updates — no custody-relevant code defect is being repaired.",other
mycrypto,https://github.com/MyCryptoHQ/MyCrypto/pull/3024,ev/walletconnect integration,0,0.05,none,"This diff adds WalletConnect integration UI assets and refactors presentational components (Overlay, Button, EthAddress, QRCode), which is a feature/UI change with no custody-relevant security fix.",other
mycrypto,https://github.com/MyCryptoHQ/MyCrypto/pull/880,Sign Message v3 compatibility,0,0.15,none,"This is a field-renaming refactor for V3 cross-wallet message format compatibility (message→msg, signature→sig) with no changes to the actual signing or verification logic, plus UI label and test addi",other
mycrypto,https://github.com/MyCryptoHQ/MyCrypto/pull/1128,Fix compatibility with unknown Web 3 providers.,0,0.05,none,"This adds Cipher Browser provider support (icon, translations, detection) and fixes a null-reference crash on unknown web3 providers, with no impact on key material, signing, or custody paths.",other
mycrypto,https://github.com/MyCryptoHQ/MyCrypto/pull/2750,Refactor browser compatibility check,0,0.05,none,"This is a pure refactor of browser compatibility detection from custom checks to Modernizr, with no custody-relevant guards, key/signing paths, or security boundaries touched.",other
myetherwallet,https://github.com/MyEtherWallet/MyEtherWallet/pull/4934,Devop: Rootstock Testnet integration,0,0.05,none,"This PR adds Rootstock Testnet network integration (node config, chain type, ledger paths, name resolver) — a feature addition with no custody-relevant defect being repaired.",other
myetherwallet,https://github.com/MyEtherWallet/MyEtherWallet/pull/4454,Devop: 🔧 👷 Rootstock integration,0,0.15,none,"This is a feature addition integrating Rootstock network support (nodes, Ledger paths, TLDs, name resolution, EIP-1191 checksum handling) rather than a fix to an existing custody-relevant defect.",other
myetherwallet,https://github.com/MyEtherWallet/MyEtherWallet/pull/1609,XWallet Integration,0,0.05,none,"This diff adds a new XWallet hardware wallet option to the UI and updates the changelog/package-lock; it is a feature addition with no guard, validation, or key/signing-path fix.",other
myetherwallet,https://github.com/MyEtherWallet/MyEtherWallet/pull/96,Feature/metamask integration,0,0.15,none,"This is a feature change adding MetaMask/Web3 wallet integration with UI components and transaction polling, plus minor null-guard robustness in a data-fetching build script; no custody, key, signing,",other
myetherwallet,https://github.com/MyEtherWallet/MyEtherWallet/pull/2152,Tomasvrba feature/bitbox02 integration,0,0.05,none,"This is a new feature adding BitBox02 hardware wallet support (UI modals, dependency, config), not a fix to an existing custody defect.",other
myetherwallet,https://github.com/MyEtherWallet/MyEtherWallet/pull/1957,Feature/bitbox02 integration,0,0.05,none,"This is a feature PR adding BitBox02 hardware wallet integration (new modals, new dependency, new UI components); the only non-additive change is a null-safety guard in Blockie.vue to prevent a crash,",other
myetherwallet,https://github.com/MyEtherWallet/MyEtherWallet/pull/2163,Bitbox02 integration fix,0,0.15,none,This is a dependency bump (bitbox02-api 0.3.0→0.4.0) with corresponding API call adaptations and re-adding lost UI modals; the wallet's own code has no security defect being repaired.,other
myetherwallet,https://github.com/MyEtherWallet/MyEtherWallet/pull/938,devop/metamask-integration,0,0.15,none,"This is a refactor of MetaMask integration from polling intervals to event listeners, with no custody-relevant guard or validation added to protect keys, signing, or funds.",other
myetherwallet,https://github.com/MyEtherWallet/MyEtherWallet/pull/766,Chrome 72 compatibility for Secalot.,0,0.15,none,"This is a Chrome 72 compatibility update that adds firmware-version detection and improves error-message localization/toasts; it does not add or remove any custody-relevant guard on keys, signing, or ",other
near-wallet,https://github.com/near/near-wallet/pull/3001,Wallet selector integration on wallet migration [WEP-225],0,0.15,none,"This is a feature integration PR that swaps a custom migration modal for the @near-wallet-selector package and bumps related dependencies; no custody-relevant guard, validation, or key/signing defect ",other
near-wallet,https://github.com/near/near-wallet/pull/2890,Feature (MYNW-152): Add Transak top-up integration,0,0.05,none,"This PR adds a new fiat on-ramp provider (Transak) as a feature, with only UI/styling and provider-list changes and no custody-relevant key, signing, approval, or transport logic touched.",other
near-wallet,https://github.com/near/near-wallet/pull/2737,Fix UTORG integration. Added mandatory referrer param.,0,0.05,none,"This is a functional fix restoring UTORG fiat on-ramp integration by switching rel from noreferrer to noopener so the referrer header is passed for redirect authentication; no key, signing, or custody",other
near-wallet,https://github.com/near/near-wallet/pull/108,V0 for shell integration (adding key from a shell-generated url works),0,0.25,none,"This is a feature addition for shell integration that displays contract-specific permission lists in the login UI, not a fix for an exploitable vulnerability in an existing custody path.",other
onekey-app,https://github.com/OneKeyHQ/app-monorepo/pull/11138,"feat(send): multi-derive parallel query, badge integration, derive type auto-default (OK-52897, OK-52728, OK-52737, OK-52435)",0,0.15,none,"This is a feature adding parallel multi-derive xpub queries and badge merging for BTC/LTC send flow; it does not alter key handling, signing, approval, or transport security.",other
onekey-app,https://github.com/OneKeyHQ/app-monorepo/pull/10119,feat: add Perps tab to Market page with watchlist integration,0,0.05,none,"This is a feature addition adding a Perps tab and watchlist integration to the Market page; no custody-relevant key, signing, approval, or transport paths are touched.",other
onekey-app,https://github.com/OneKeyHQ/app-monorepo/pull/7936,feat: enhance KYC dialog to support Intercom integration and add tone property to action icon & Add popover demo,0,0.05,none,"This is a UI feature change adding Intercom integration and a tone property to a KYC dialog, plus a Popover demo component — none of it touches key material, signing, approvals, or any custody-relevan",other
onekey-app,https://github.com/OneKeyHQ/app-monorepo/pull/322,Engine integration with extension & background api,0,0.15,none,"The diff is primarily UI refactoring (Select component hooks, click-outside-to-close hook), build script adjustments, and a modal-close behavior tweak to avoid breaking approve promises on reload — no",other
onekey-app,https://github.com/OneKeyHQ/app-monorepo/pull/10289,feat: add React Native Harness with host-side snapshot verification,0,0.02,none,"This change adds a CI workflow and test harness infrastructure for running Jest suites on an Android emulator, with no custody-relevant code or guard added.",other
onekey-app,https://github.com/OneKeyHQ/app-monorepo/pull/11817,fix: prime transfer cross-version credential compatibility (OK-55405),0,0.2,none,This is a backward-compatibility fix ensuring cross-version credential transfer works when a v2-encryption sender targets a legacy receiver; credentials remain password-encrypted throughout and the wo,other
onekey-app,https://github.com/OneKeyHQ/app-monorepo/pull/10072,fix(web): use self.__WB_MANIFEST in service worker for Workbox compatibility,0,0.05,none,"This is a Workbox build compatibility fix replacing globalThis with self for the precache manifest injection token, plus JSX formatting changes; no custody-relevant code paths are touched.",other
onekey-app,https://github.com/OneKeyHQ/app-monorepo/pull/9616,fix: resolve TypeScript 5.x type compatibility issues,0,0.05,none,"This is a TypeScript 5.x type-compatibility migration consisting of type casts, type annotation additions, union expansions, and dependency bumps — no guards, validations, or signing/key-path logic ch",other
onekey-app,https://github.com/OneKeyHQ/app-monorepo/pull/9934,fix(ci): add explicit bash shell for cross-platform compatibility in cache-refresh workflow,0,0.02,none,"This is a CI workflow configuration change adding explicit shell directives for cross-platform compatibility, with no impact on wallet custody, keys, signing, or any security-relevant code path.",other
onekey-app,https://github.com/OneKeyHQ/app-monorepo/pull/9182,fix: improve style compatibility for foldable and tablet devices,0,0.02,none,"This is a UI/styling refactor adding tablet and dual-screen device detection for responsive layouts, with no changes to key material, signing, approvals, or any custody-relevant subsystem.",other
onekey-app,https://github.com/OneKeyHQ/app-monorepo/pull/8416,fix: enhance external wallet network compatibility and standardize perps network references,0,0.15,none,"This is a feature/refactor change that adds dynamic EVM chain discovery and automatic chain switching for external wallet compatibility, plus dependency version bumps; no custody-relevant defect is be",other
onekey-app,https://github.com/OneKeyHQ/app-monorepo/pull/3997,chore: deprecate plugins based on JS compatibility,0,0.05,none,"Build tooling, caching, and babel/yarn config changes with no custody-relevant code touched.",other
onekey-app,https://github.com/OneKeyHQ/app-monorepo/pull/1278,OK-11503: Improved WalletConnect compatibility,0,0.25,none,"This is a WalletConnect compatibility improvement that adds argument-order detection and V1/V4 typed-data format detection to eth_signTypedData; while it touches the signing path, the change corrects ",other
onekey-hw-sdk,https://github.com/OneKeyHQ/hardware-js-sdk/pull/724,feat(hd-cli): hardware wallet CLI for AI agent integration,0,0.05,none,"This diff adds a new CLI package, plugin marketplace config, and documentation for AI agent integration — a feature addition with no custody-relevant defect being repaired.",other
onekey-hw-sdk,https://github.com/OneKeyHQ/hardware-js-sdk/pull/674,feat(test-tools): device compatibility system with expected overrides,0,0.05,none,"This change extends test-tooling infrastructure with device compatibility overrides and documentation; it does not touch any custody-relevant key, signing, or transport path in the wallet itself.",other
openfort-js,https://github.com/openfort-xyz/openfort-js/pull/99,Get third party auth as function,0,0.15,none,This is a sample/example app with mostly formatting changes and a minor refactor of recovery method handling; the weak 4-character password check in example code does not constitute a custody-relevant,other
passport,https://github.com/Foundation-Devices/passport2/pull/497,SFT-3582: zeus integration,0,0.05,none,"This diff adds a new Zeus wallet integration by registering a wallet configuration that reuses existing export functions; it is a feature addition with no security guard, validation, or key/signing pa",other
phoenix,https://github.com/ACINQ/phoenix/pull/472,(ios) Keep-alive integration,0,0.2,none,This integrates a new keep-alive mechanism from lightning-kmp for managing iOS background tasks during payments and channel operations; it is a feature integration that improves background-processing ,other
phoenix,https://github.com/ACINQ/phoenix/pull/422,Compatibility with Xcode 15,0,0.05,none,"This is an Xcode 15 compatibility and refactoring change (deployment target bump, linker workaround, generic type renames, Cache restructuring, and a MempoolMonitor connectivity-logic fix) with no cus",other
rabby,https://github.com/RabbyHub/Rabby/pull/2831,NGRAVE ZERO brand import list integration,0,0.05,none,"This diff simply adds NGRAVE ZERO as a supported hardware wallet brand by registering new constants and UI import-list entries; no key, signing, validation, or transport logic is changed.",other
rabby,https://github.com/RabbyHub/Rabby/pull/887,fix: compatibility issue of safe with ledger and trezor,0,0.2,none,"This is a compatibility fix that bumps a trezor keyring dependency and adjusts a boolean flag in a Ledger waiting UI component, with no indication of a custody-relevant defect being repaired.",other
rainbow,https://github.com/rainbow-me/rainbow/pull/6969,Polymarket Integration Improvements,0,0.1,none,"This is a Polymarket UI/feature improvement (design updates, new components, live game scores, analytics fields, and a vendor patch removing tick-size caching) with no changes to key material, signing",other
rainbow,https://github.com/rainbow-me/rainbow/pull/4185,Ledger Nano X Integration: Add Navigation Foundation,0,0.05,none,"This PR adds UI navigation scaffolding and experimental flags for Ledger Nano X pairing screens without touching any key, signing, approval, or transport logic.",other
rainbow,https://github.com/rainbow-me/rainbow/pull/1529,Imgix Integration,0,0.05,none,"This is a feature integration migrating image rendering from FastImage to Imgix (a CDN image service with URL signing); it does not touch wallet key material, transaction signing, approvals, or any cu",other
rainbow,https://github.com/rainbow-me/rainbow/pull/1093,Uniswap V2 Integration,0,0.05,none,"This diff only updates version numbers and checksums in ios/Podfile.lock, which is a dependency bump with no change to the wallet's own custody-relevant code.",other
rainbow,https://github.com/rainbow-me/rainbow/pull/3953,Profiles: make hidden nfts work with profiles,0,0.02,none,"The diff only modifies e2e test specifications (selectors, test steps, and flow assertions) with no changes to wallet source code, key handling, signing, or any custody-relevant subsystem.",other
rainbow,https://github.com/rainbow-me/rainbow/pull/7332,fix: round zIndex value in useAnimatedTab for Fabric compatibility,0,0.05,none,"This change rounds a floating-point zIndex value to prevent a UI crash in the new React Native architecture, which does not affect key material, signing, or fund custody.",other
rainbowkit,https://github.com/rainbow-me/rainbowkit/pull/2385,feat: update mewWallet integration to use walletConnect,0,0.05,none,"This is a feature addition enabling WalletConnect support for MEW Wallet on mobile, including QR code instructions and connector wiring — no guard, validation, or exploitable condition is added or rem",other
reown-appkit,https://github.com/reown-com/appkit/pull/4560,feat: remove Coinbase Pay SDK integration (APKT-3100),0,0.05,none,"This PR simply removes the Coinbase Pay SDK onramp integration in favor of Meld, which is a feature/business logic change with no custody or signing impact.",other
reown-appkit,https://github.com/reown-com/appkit/pull/4220,feat: cloud auth solana integration,0,0.15,none,"This is a feature addition extending CloudAuthSIWX to support Solana networks alongside EVM, with changes to namespace handling and session data being functional requirements of the new multi-chain su",other
reown-appkit,https://github.com/reown-com/appkit/pull/2122,feat: WC Names integration,0,0.05,none,"This diff adds a new WC Names/ENS name registration and lookup feature with new controllers, API endpoints, and UI components — no custody-relevant guard, validation, or fix to an exploitable conditio",other
reown-appkit,https://github.com/reown-com/appkit/pull/1725,feat: solana integration,0,0.05,none,"This is a feature addition for Solana integration (new package, test components, dependencies) with no guard, validation, or fix for an exploitable custody-relevant defect.",other
reown-appkit,https://github.com/reown-com/appkit/pull/1487,feat: coinbase pay sdk integration,0,0.05,none,"This is a feature addition integrating a Coinbase Pay onramp SDK with new UI components, controllers, and types, with no changes to key material, signing, approval, or transport security paths.",other
reown-appkit,https://github.com/reown-com/appkit/pull/726,Fixes to Sequence connector integration,0,0.15,none,"This is a feature/refactor of a Sequence wallet connector integration, adding new configuration options and changing initialization logic, with no custody-relevant defect being repaired.",other
reown-appkit,https://github.com/reown-com/appkit/pull/508,web3modal integration with web3auth,0,0.05,none,"This PR adds Web3Auth as a new provider integration with docs and example updates, not a fix to any custody or signing defect.",other
reown-appkit,https://github.com/reown-com/appkit/pull/389,Add tally integration,0,0.05,none,"This change simply adds a new injected wallet provider (Tally) integration with logo, provider metadata, and docs update — a feature addition with no custody-relevant guard or fix.",other
reown-appkit,https://github.com/reown-com/appkit/pull/250,Walletlink (Coinbase wallet) integration,0,0.05,none,"This diff adds WalletLink (Coinbase wallet) as a new built-in provider option with connector code, docs, and a logo — a pure feature addition with no guard, validation, or fix to any custody-relevant ",other
reown-appkit,https://github.com/reown-com/appkit/pull/341,feat: add integration of xdefi wallet,0,0.05,none,"This diff simply adds a new injected wallet provider (XDEFI) configuration and logo, a feature addition with no custody-relevant guard or validation change.",other
reown-appkit,https://github.com/reown-com/appkit/pull/81,Torus Integration with web3Connect,0,0.05,none,"This PR adds a new Torus provider/connector integration to web3Connect (README docs, example app, dependency additions) — a feature addition, not a fix to any custody/key/signing defect.",other
rhinestone,https://github.com/rhinestonewtf/modulekit/pull/103,Feature/kernel7579 integration,0,0.05,none,"This diff adds a new dependency (zerodevapp/kernel) for a feature integration and updates gas calculation metrics and lockfile versions, with no security guards or custody-relevant fixes.",other
safe-contracts,https://github.com/safe-fndn/safe-smart-account/pull/840,Feature(v1.4.1): Zksync compatibility,0,0.05,none,"The diff only updates CI workflow configuration and environment samples for zksync testing compatibility, with no changes to wallet custody, signing, or key-handling code paths.",other
safe-contracts,https://github.com/safe-fndn/safe-smart-account/pull/572,"Fix: Remove `gasleft` in `setupModules`, add erc4337 compatibility test",0,0.25,none,"The core change replaces gasleft() with type(uint256).max in setupModules for ERC-4337 bundler gas-estimation compatibility, not to fix a custody-relevant defect; the require still reverts on failure ",other
safe-modules,https://github.com/safe-fndn/safe-modules/pull/262,Use production entrypoint in integration tests,0,0.1,none,"This is primarily a test infrastructure change replacing a mock EntryPoint with the production contract in integration tests, with a minor refactor of default value operators (|| to ??) that does not ",other
safe-react,https://github.com/5afe/safe-react/pull/65,Feature - Integration of transaction-history-service V1,0,0.05,none,"The diff only modifies CI/CD configuration and deployment scripts, with no changes to wallet source code or custody-relevant subsystems.",other
safe-react,https://github.com/5afe/safe-react/pull/2445,v1.3.0 smart contract compatibility,0,0.25,none,"This is a feature change adding Safe v1.3.0 contract compatibility (dynamic ABI/address loading, version-based contract selection), not a fix for a pre-existing custody vulnerability.",other
safe-react,https://github.com/5afe/safe-react/pull/184,Feature #141: Mainnet compatibility,0,0.05,none,"This is a feature/infra change adding mainnet build configurations, CI deployment scripts, and refactoring Etherscan link components to use the interface network rather than the connected wallet netwo",other
safe-sdk,https://github.com/safe-global/safe-core-sdk/pull/1216,feat(api-kit): Api keys integration,0,0.15,none,"This PR adds API key authentication to the Safe Transaction Service client as a new feature/requirement, not a fix for a custody, signing, or key-material vulnerability.",other
safe-sdk,https://github.com/safe-global/safe-core-sdk/pull/693,feat: 4337 integration,0,0.05,none,"This is a feature PR adding ERC-4337 account abstraction support (new Safe4337Pack, method renames, init code helpers) with no security guard or vulnerability fix.",other
safe-sdk,https://github.com/safe-global/safe-core-sdk/pull/740,feat(relay-kit): getEstimateFee inside createTransaction in the 4337 integration,0,0.05,none,"This is a refactor and feature addition for estimating fees and calculating predicted Safe addresses, with no changes to key material, signing, or custody protections.",other
safe-sdk,https://github.com/safe-global/safe-core-sdk/pull/556,feat(protocol-kit): EIP-1271 integration,0,0.15,none,"This is a feature addition for EIP-1271 off-chain message support (new API kit message endpoints, type definitions, and a method rename) rather than a fix for a custody/signing/key vulnerability.",other
safe-sdk,https://github.com/safe-global/safe-core-sdk/pull/372,feat(onramp-kit): Monerium integration,0,0.05,none,"This PR adds a new Monerium on-ramp integration feature with example client UI, routing, and dependency updates, with no changes to key material, signing, approval, or transport security paths.",other
safe-sdk,https://github.com/safe-global/safe-core-sdk/pull/1033,feat(protocol-kit): Add react native compatibility,0,0.1,none,"This is a feature change to add React Native compatibility for passkey signers, replacing standard APIs like TextDecoder with custom implementations and allowing custom credential retrieval functions,",other
safe-sdk,https://github.com/safe-global/safe-core-sdk/pull/836,feat(relay-kit): Add tx service compatibility to `Safe4337Pack`,0,0.15,none,"This is a feature addition that lets addSafeOperation accept SafeOperation objects from the relay-kit by converting them to props; it adds no security guard, removes no exploitable condition, and mere",other
safe-sdk,https://github.com/safe-global/safe-core-sdk/pull/285,Safe v1.0.0 and v1.1.1 compatibility,0,0.05,none,"This PR adds backward compatibility for older Safe contract versions (v1.0.0/v1.1.1) with new CI workflows, type definitions, and dependency bumps, not a custody-relevant guard or fix.",other
safe-sdk,https://github.com/safe-global/safe-core-sdk/pull/46,Add Web3 compatibility,0,0.02,none,"This is a documentation-only update to README.md illustrating new Web3/Ethers adapter usage; no wallet source, validation, or signing logic is changed.",other
safe-wallet,https://github.com/safe-global/safe-wallet-monorepo/pull/8312,[internal] verified squash source for Linear release integration,0,0.02,none,"This diff only adds GitHub Actions CI workflows for Linear release tracking; it touches no wallet source code, key material, signing, or custody-relevant paths.",other
safe-wallet,https://github.com/safe-global/safe-wallet-monorepo/pull/7493,feat: Add Tempo integration and fix: UI regression,0,0.05,none,"This PR adds Tempo chain feature flags and adjusts UI display logic for native token balances and fee text; it does not touch key material, signing, approvals, or transport.",other
safe-wallet,https://github.com/safe-global/safe-wallet-monorepo/pull/7352,feat: add Tempo chain integration (hide native token + fee token preference),0,0.05,none,"This is a UI feature adding Tempo chain support with feature flags to hide native token display and adjust fee estimation text; no custody-relevant key, signing, approval, or transport logic is touche",other
safe-wallet,https://github.com/safe-global/safe-wallet-monorepo/pull/6598,Feat(Hypernative): integration Milestone 1,0,0.05,none,"This PR adds a Hypernative Guardian integration feature plus CI/docs/test changes; it does not add or remove any custody-relevant guard, key, signing, or transport validation.",other
safe-wallet,https://github.com/safe-global/safe-wallet-monorepo/pull/6891,feat(Hypernative): assessment integration,0,0.05,none,"This is a feature integration of Hypernative threat-analysis API into the wallet store and UI, not a fix for an existing vulnerability in key/signing/custody paths.",other
safe-wallet,https://github.com/safe-global/safe-wallet-monorepo/pull/6788,feat: add Datadog RUM integration with error tracking,0,0.05,none,"This change adds Datadog RUM observability/telemetry integration and source map uploads to CI config, which is a feature addition with no impact on key material, signing, or custody paths.",other
safe-wallet,https://github.com/safe-global/safe-wallet-monorepo/pull/6614,feat: Add automated Storybook snapshot testing with CI integration,0,0.02,none,"This PR only adds Storybook snapshot test infrastructure, CI workflow, docs, and a test-generation script; it touches no wallet source, key, signing, or custody-relevant code.",other
safe-wallet,https://github.com/safe-global/safe-wallet-monorepo/pull/6624,feat(Hypernative): add Calendly integration to HubSpot form,0,0.05,none,"This change adds a Calendly/HubSpot marketing widget, CI env vars, pre-commit hooks, docs, and an SVG asset; it touches no key, signing, approval, or transport path.",other
safe-wallet,https://github.com/safe-global/safe-wallet-monorepo/pull/6008,feat(mobile): better analytics integration,0,0.05,none,"This PR adds Firebase Analytics integration and Redux middleware for event tracking, which is a feature addition with no changes to key material, signing, approval, transport, or any custody-relevant ",other
safe-wallet,https://github.com/safe-global/safe-wallet-monorepo/pull/4878,feat(mobile): add integration with gateway backend for notifications feature,0,0.15,none,"This is a feature PR adding Firebase push notification integration and gateway backend registration, with a crypto shim for ethers.js as supporting infrastructure, not a fix for any custody-relevant v",other
safe-wallet,https://github.com/safe-global/safe-wallet-monorepo/pull/4029,feat: blockaid integration,0,0.15,none,This is a feature integration replacing one third-party security-scanning provider (Redefine) with another (Blockaid); it adds a warning UI but does not fix a defect in the wallet's own key/signing/cu,other
safe-wallet,https://github.com/safe-global/safe-wallet-monorepo/pull/3869,Feat: design improvements for Roles integration,0,0.15,none,"This PR is a UI/UX redesign for Roles integration (adding an SVG asset and bumping a dependency), with no added guards or validation on key/signing/approval paths.",other
safe-wallet,https://github.com/safe-global/safe-wallet-monorepo/pull/1270,[EIP-1271] `communicator` integration,0,0.15,none,"The diff only adds CI install steps, new SVG assets, and switches a dependency to a fork URL for a feature integration; no custody-relevant guard or signing-path defect is repaired.",other
safe-wallet,https://github.com/safe-global/safe-wallet-monorepo/pull/7112,"Revert ""refactor(web): add shadcn, new theme vars, and Claude skills for Figma interop (#7100)""",0,0.02,none,"This reverts a UI component library and Figma design tooling integration, with no changes to key material, signing, approvals, transport, or any custody-relevant path.",other
safe-wallet,https://github.com/safe-global/safe-wallet-monorepo/pull/1947,Eip 1271 backward compatibility,0,0.2,none,"This is a backward-compatibility/feature change that selects on-chain vs off-chain EIP-1271 signing based on SDK version and adds a user-facing setting; it does not fix a defect where keys, signatures",other
safe-wallet,https://github.com/safe-global/safe-wallet-monorepo/pull/1417,fix: check for compatibility handler,0,0.25,none,"The change adds a null-check for a missing compatibility fallback handler to prevent runtime errors, plus CI config and SVG assets — it does not fix a defect in key handling, signature validation, or ",other
safe-wallet,https://github.com/safe-global/safe-wallet-monorepo/pull/1282,fix: get Compatibility Fallback Handler from SDK,0,0.2,none,"This is a refactor migrating from manual Contract instantiation to the safe-core-sdk's contract factory, replacing .address with .getAddress() to match the new SDK type — no guard, validation, or expl",other
sequence-js,https://github.com/0xsequence/sequence.js/pull/568,Client will unwrap json rpc response results if it encounters them for compatibility with older universal wallet versions,0,0.15,none,"This is a compatibility shim to unwrap JSON-RPC response envelopes from older wallet versions, not a fix for any custody-relevant defect.",other
solana-wallet-adapter,https://github.com/anza-xyz/wallet-adapter/pull/275,"Revert ""Polyfill Node APIs for compatibility with Webpack 5 and Create React App 5""",0,0.05,none,"This change reverts a build/compatibility polyfill patch that broke an example app, removing Node API polyfills and dependency aliases without touching any custody or signing logic.",other
solana-wallet-adapter,https://github.com/anza-xyz/wallet-adapter/pull/276,Polyfill Node APIs for compatibility with Webpack 5 and Create React App 5 (second try),0,0.05,none,"This is a build-compatibility change that polyfills Node APIs (Buffer, assert, stream) for Webpack 5/CRA 5 and reorganizes devDependencies; no custody-relevant guard, validation, or key/signing path i",other
specter,https://github.com/cryptoadvance/specter-desktop/pull/1981,Bugfix: Updating the auto-withdrawal in Swan integration could lead to an error,0,0.15,none,"This fixes a type-mismatch bug in Swan auto-withdrawal address reservation that caused an error when enough addresses were already reserved; it is a functional bugfix with no impact on key material, s",other
specter,https://github.com/cryptoadvance/specter-desktop/pull/1517,Initial Service integration: Swan,0,0.15,none,"This PR adds a new feature — third-party Service integrations (Swan Bitcoin) with encrypted storage for API keys — rather than fixing an existing vulnerability in key material, signing, or custody pat",other
specter,https://github.com/cryptoadvance/specter-desktop/pull/1247,Babel integration,0,0.05,none,"This diff adds a README documenting the Babel i18n/translation workflow for volunteers, which is a docs/feature change with no impact on key material, signing, or custody paths.",other
stack-wallet,https://github.com/cypherstack/stack_wallet/pull/1197,Feature: MimbleWimbleCoin (MWC) integration,0,0.05,none,"This diff adds MimbleWimbleCoin integration (new submodule, models, transaction status strings, slatepack data classes) as a feature, with no guard, validation, or fix to a custody-relevant defect.",other
stack-wallet,https://github.com/cypherstack/stack_wallet/pull/1016,mwc integration,0,0.05,none,"This is a feature integration adding MimbleWimbleCoin support to the wallet, including a new submodule, database migration logic, and transaction display formatting — no security defect is being repai",other
stack-wallet,https://github.com/cypherstack/stack_wallet/pull/1084,Initial Xelis integration,0,0.05,none,"This is a feature addition integrating a new Xelis cryptocurrency into the wallet, including address types, restore flows, and seed search, with no guard or validation added to protect existing custod",other
status-desktop,https://github.com/status-im/status-app/pull/21272,feat(new-keycard-approach): signing popup integration,0,0.25,none,"The diff only shows build-system changes (Makefile, .gitmodules, BUILDING.md) swapping the keycard library from status-keycard-go to status-keycard-qt; no wallet source code adding or removing a guard",other
status-desktop,https://github.com/status-im/status-app/pull/21231,feat(new-keycard-approach): authentication popup integration,0,0.15,none,"The diff only contains build-system changes (Makefile, .gitmodules, BUILDING.md) swapping the status-keycard-go submodule for status-keycard-qt as the keycard library; no application-level guard, vali",other
status-desktop,https://github.com/status-im/status-app/pull/21230,feat(new-keycard-approach): keycard settings section integration,0,0.15,none,"This is a build-system refactor switching the keycard library dependency from status-keycard-go to status-keycard-qt, not a fix for a custody-relevant defect.",other
status-desktop,https://github.com/status-im/status-app/pull/21281,feat(new-keycard-approach): integration of a new keycard approach into the wallet settings part,0,0.15,none,"This diff is a build-system/dependency swap from status-keycard-go to status-keycard-qt (Makefile, .gitmodules, docs) with no wallet source changes adding or removing any security guard, validation, o",other
status-desktop,https://github.com/status-im/status-app/pull/20214,StatusChatInput - initial integration of the new design,0,0.05,none,"This PR integrates a new chat input UI component and removes mobile UI scaling code; it touches no key material, signing, approval, transport, or custody-relevant paths.",other
status-desktop,https://github.com/status-im/status-app/pull/19899,EFP Integration Improvements (2nd),0,0.05,none,"The diff is a QML refactor renaming component ids and adding UI assets/popups for EFP integration, with no custody-relevant key, signing, or transport changes.",other
status-desktop,https://github.com/status-im/status-app/pull/19636,feat: Linea chain integration,0,0.05,none,"This is a feature change adding Linea chain support (chain IDs, icons, explorer links, i18n) with no custody-relevant guards or signing/key paths touched.",other
status-desktop,https://github.com/status-im/status-app/pull/17224,[Oboarding]: Biometrics integration for login screen,0,0.15,none,"This is a feature/refactor of the storybook Keychain mock and onboarding biometrics UI flow, adding a reason parameter and dismissal capability, with no guard or validation added against an exploitabl",other
status-desktop,https://github.com/status-im/status-app/pull/17330,Onboarding: Integration of biometrics for onboarding flows and login screen,0,0.15,none,This is a feature integration wiring biometrics/keychain save flows through the onboarding and privacy UI; it adds new signals and passes keyUid through the call chain rather than fixing an existing e,other
status-desktop,https://github.com/status-im/status-app/pull/17045,New onboarding integration (happy paths),0,0.15,none,"This PR integrates new onboarding happy-path flows and refactors routing between old/new startup modules; it adds no security guard, validation, or key/signing protection, and does not remove an explo",other
status-desktop,https://github.com/status-im/status-app/pull/16219,feat: fees update integration after calculating the initial route,0,0.05,none,"This is a feature/refactor change adding a stop-cancellation method for async route calculations and renaming V2-suffixed methods, with no custody-relevant guard or validation added.",other
status-desktop,https://github.com/status-im/status-app/pull/16083,[CHERRY-PICK] wallet connect keycard integration,0,0.15,none,"This is a cherry-pick feature integration (WalletConnect keycard, dApp permission signals, metrics, CI reorganization) with no guard/validation removal or custody-path defect repair.",other
status-desktop,https://github.com/status-im/status-app/pull/16064,fix: keycard signing integration into wallet connect flows,0,0.25,none,"This is a feature integration adding keycard (hardware wallet) signing support into WalletConnect flows, not a fix for an existing exploitable vulnerability in custody/signing paths.",other
status-desktop,https://github.com/status-im/status-app/pull/15388,fix(@desktop/wallet): fix swap in routerV2 integration,0,0.15,none,"This PR fixes broken swap/routerV2 integration by adapting signal parsing and route DTO conversion to backend API changes, with no added guards on key material, signing, approvals, or untrusted input ",other
status-desktop,https://github.com/status-im/status-app/pull/15046,"feat(@desktop/wallet): initial integration for swap proposal, approve…",0,0.05,none,"This is a feature PR adding initial swap proposal integration (suggested routes, approve/swap transaction types) with new plumbing methods and refactored return types, not a fix for any custody-releva",other
status-desktop,https://github.com/status-im/status-app/pull/13127,Activity dynamic updates integration,0,0.05,none,"This is a refactor switching the wallet activity/transaction-history display to a new session-based incremental-update API; it touches no key material, signing, approval, or transport paths.",other
status-desktop,https://github.com/status-im/status-app/pull/13886,feat(ProfileShowase): Save action with the new backend and integration with backend,0,0.05,none,"This is a UI feature change for saving profile showcase preferences and adding new Qt models; it does not touch key material, signing, approvals, transport, or any custody-relevant path.",other
status-desktop,https://github.com/status-im/status-app/pull/13472,test(wallet) sql integration tests for activity incremental update,0,0.02,none,"The diff only refactors test helper utilities for wallet event waiting in integration tests, touching no production key/signing/transport paths.",other
status-desktop,https://github.com/status-im/status-app/pull/13263,test(wallet) add dev integration tests for incremental activity updates,0,0.05,none,"This is a test-only change adding integration tests for activity updates, updating test README commands, and bumping test-module dependencies (go.mod/go.sum) with no wallet source code defect being re",other
status-desktop,https://github.com/status-im/status-app/pull/12625,Feat/shards backend integration,0,0.05,none,"This PR adds community sharding feature support (new fields, event handlers, and UI state) with no changes to key material, signing, approval, transport, or any custody-relevant subsystem.",other
status-desktop,https://github.com/status-im/status-app/pull/12333,feat(wallet) Wallet Connect integration prototype,0,0.05,none,"This is a feature prototype adding WalletConnect SDK integration via WebView, including build config, entitlements, and storybook UI; it introduces no guard or validation and does not repair an existi",other
status-desktop,https://github.com/status-im/status-app/pull/11806,Allure and TestRail integration,0,0.02,none,"This is a test infrastructure change integrating Allure/TestRail reporting and updating test config/docs, with no custody-relevant code touched.",other
status-desktop,https://github.com/status-im/status-app/pull/8728,feat(@wallet): cbridge integration,0,0.05,none,"This adds a new cbridge cross-chain bridge integration to the wallet's transaction routing, which is a feature addition rather than a fix for any custody-relevant defect.",other
status-desktop,https://github.com/status-im/status-app/pull/8138,feat: add wallet token integration,0,0.05,none,"This is a performance/refactor change to token balance calculation that passes chain IDs to balance methods for faster display updates, with no custody-relevant guards or signing/key/approval protecti",other
status-desktop,https://github.com/status-im/status-app/pull/8356,feat(Storybook): Basic Figma integration,0,0.0,none,"This PR adds a Storybook feature for browsing Figma designs and only introduces a static QML ListModel of Figma URLs, with no impact on keys, signing, approvals, or any custody-relevant path.",other
status-desktop,https://github.com/status-im/status-app/pull/96,onboarding generate new account + refactor + integration,0,0.1,none,"This diff implements a new onboarding and account generation feature, adding UI views and models rather than fixing a custody-relevant vulnerability.",other
status-go,https://github.com/status-im/status-go/pull/7052,feat: add EFP (Ethereum Follow Protocol) integration for wallet,0,0.05,none,"This is a new feature adding Ethereum Follow Protocol (EFP) read-only social graph integration with no custody, signing, or key material impact.",other
status-go,https://github.com/status-im/status-go/pull/6912,feat!: a new token list approach - wallet sdk token lists integration,0,0.15,none,"This is a refactor/feature change replacing the token list fetching logic with wallet SDK packages and reorganizing bridge address mappings; no custody-relevant guard, validation, or signing/key path ",other
status-go,https://github.com/status-im/status-go/pull/6640,refactor(account-management)_: update keystore integration and introduce new common utilities,0,0.15,none,"This is a refactoring PR that abstracts go-ethereum keystore dependencies and reorganizes account management code without adding or removing any security-relevant guard, validation, or key-handling lo",other
status-go,https://github.com/status-im/status-go/pull/5940,feat: testing discovery and dialing with nwaku integration,0,0.05,none,"This is a feature/integration change for nwaku DNS discovery and peer dialing, involving code commenting, submodule addition, and shard type refactoring with no custody-relevant guard or validation ad",other
status-go,https://github.com/status-im/status-go/pull/5426,Router v2 integration,0,0.25,none,"This is a feature PR integrating Router v2 (async route calculation, event signal restructuring, hexutil fee serialization, and cross-chain swap field additions); the incidental JSON tag fix and Build",other
status-go,https://github.com/status-im/status-go/pull/5428,feat(ci)_: add Jenkinsfil for RPC integration tests,0,0.15,none,"This PR adds CI infrastructure (Jenkinsfile, Dockerfiles, Makefile changes) and test-support plumbing for HTTPVirtualHosts configuration to enable RPC integration tests; no custody-relevant guard or v",other
status-go,https://github.com/status-im/status-go/pull/5334,test(integration)_: separate anvil from tests,0,0.05,none,"This is a test infrastructure refactor that separates anvil RPC setup from integration tests and adds Docker/make targets; no wallet source, key handling, or signing paths are modified.",other
status-go,https://github.com/status-im/status-go/pull/5302,test(wallet)_: status-go integration tests,0,0.02,none,"This diff adds integration test infrastructure (pytest config, docker-compose, README, test fixtures with well-known Anvil test keys) and does not modify any wallet source code or fix a custody-releva",other
status-go,https://github.com/status-im/status-go/pull/4348,Chore/integration test messages tracking,0,0.0,none,"This diff only adds an integration test file for message tracking and does not modify any wallet source, key, or signing paths.",other
status-go,https://github.com/status-im/status-go/pull/3725,feat: add fourbyte github integration,0,0.05,none,"This is a feature addition that introduces a new GitHub-hosted 4byte signature lookup source with fallback to the existing client for transaction calldata decoding; it does not fix any key, signing, a",other
status-go,https://github.com/status-im/status-go/pull/3281,nimbus-verified-proxy integration,0,0.15,none,"This diff adds a new nimbus light-client verified proxy feature for balance fetching behind a build tag, introducing a new dependency and RPC handler rather than fixing an existing custody-relevant de",other
status-go,https://github.com/status-im/status-go/pull/2534,Communities encryption integration,0,0.15,none,"The diff only shows auto-generated bindata metadata changes (file mode 0664→0644 and modTime updates) for database migration assets, with no actual custody-relevant code changes visible.",other
status-go,https://github.com/status-im/status-go/pull/2247,go-waku integration,0,0.05,none,"This is a feature integration of go-waku (Waku v2 messaging protocol) with new fleet configs, service wiring, and example configs; the path_decoder.go change is a cosmetic error-message formatting fix",other
status-go,https://github.com/status-im/status-go/pull/5325,chore_: use the old name for backward compatibility,0,0.05,none,"This is a backward-compatibility fix for a JSON serialization field name (restoring the `bridgeName` JSON tag after a struct field rename), not a custody-relevant security change.",other
status-mobile,https://github.com/status-im/status-legacy/pull/13928,"Revert ""[13857] Extend integration tests to recover multiaccount from seed phrase""",0,0.05,none,"This reverts an integration test that caused a segfault in status-go; it removes test-only code and mock helpers, not a custody-relevant defect.",other
status-mobile,https://github.com/status-im/status-legacy/pull/19965,fix: use go 1.19 only for integration tests on Darwin,0,0.05,none,"This is a build/CI fix to pin Go 1.19 for macOS integration tests due to missing symbols, with no impact on custody, keys, or signing paths.",other
status-mobile,https://github.com/status-im/status-legacy/pull/5388,Extensions integration,0,0.05,none,"This is a feature addition introducing an extensions system (pluto dependency, command hooks, remote extension loading) and NFT asset rendering, all behind a feature flag — no existing custody-relevan",other
status-mobile,https://github.com/status-im/status-legacy/pull/2481,Integration tests: Basic Whisper version test and disable old,0,0.05,none,"The diff only modifies test files, adding a Whisper version test and updating test node setup, with no changes to wallet source or custody-relevant paths.",other
status-mobile,https://github.com/status-im/status-legacy/pull/3750,Add docker integration tests,0,0.05,none,"This change adds Docker-based integration test infrastructure and refactors a test helper signature; it does not touch key material, signing, approvals, or any custody-relevant path.",other
status-mobile,https://github.com/status-im/status-legacy/pull/5580,Feature/qtbreakpad integration,0,0.05,none,"This integrates Google Breakpad crash reporting and a reportApp helper into the desktop build; it adds a feature and build/packaging changes, touching no key, signing, approval, or transport paths.",other
status-mobile,https://github.com/status-im/status-legacy/pull/2483,Feature: refactor discover events,0,0.05,none,"This is a re-frame refactor of discover message storage/retrieval logic with no custody-relevant key, signing, or approval paths touched.",other
status-mobile,https://github.com/status-im/status-legacy/pull/5472,Use the same mailservers for Rinkeby as for Mainnet.,0,0.05,none,"This is a configuration change to reuse Mainnet mailserver nodes for Rinkeby to enable cross-network chat interoperability, with no impact on key material, signing, or custody paths.",other
status-mobile,https://github.com/status-im/status-legacy/pull/8488,[android] Restore compatibility with Android 6.x,0,0.05,none,"This is a dependency bump to fix an Android 6.x compatibility crash in the UI layer, with no custody-relevant key, signing, or transport changes.",other
status-mobile,https://github.com/status-im/status-legacy/pull/6089,Ensure version compatibility,0,0.15,none,"This is a chat message transit serialization compatibility fix between app versions, not a custody/key/signing path change.",other
status-mobile,https://github.com/status-im/status-legacy/pull/4262,update status-go to use the latest commit with wallet-compatibility,0,0.05,none,"This is a dependency version bump for status-go plus a refresh of test fixture credentials/passphrases in appium tests, with no change to the wallet's own custody-relevant code.",other
status-mobile,https://github.com/status-im/status-legacy/pull/4263,add decision 0006-wallet-compatibility,0,0.05,none,This diff only adds a markdown decision document describing a future key-derivation compatibility change; it does not modify wallet source code or fix any existing vulnerability.,other
subwallet,https://github.com/Koniverse/SubWallet-Extension/pull/4749,[OpenGov][Extension] Other issues for OpenGov Integration,0,0.02,none,"The diff only refactors UI string literals into namespaced i18n translation keys across governance confirmation screens, with no changes to key handling, signing, validation, or custody logic.",other
subwallet,https://github.com/Koniverse/SubWallet-Extension/pull/4436,Fix some UI bugs after Bitcoin integration (Round 3),0,0.05,none,"This is a UI refactoring change adding an autoSelectFirstItem prop, renaming CSS classes, and extracting a new AccountSelectorItem component, with no custody-relevant key, signing, approval, or transp",other
subwallet,https://github.com/Koniverse/SubWallet-Extension/pull/4384,[Issue-4316] Extension - Improve UI after Bitcoin integration,0,0.05,none,"This is a UI improvement change for Bitcoin integration, adding token info, sorting logic, and display components with no impact on key material, signing, or custody paths.",other
subwallet,https://github.com/Koniverse/SubWallet-Extension/pull/1504,[Issue-538] Integration Ledger EVM account,0,0.1,none,"This diff implements a feature to integrate Ledger EVM accounts, including a dependency bump, a migration script, and UI/state refactors, rather than fixing a custody-relevant vulnerability.",other
subwallet,https://github.com/Koniverse/SubWallet-Extension/pull/565,[Issue-564] Integration Ledger Acala account,0,0.05,none,"This change adds Acala network support to the Ledger integration and adjusts UI filtering by originGenesisHash, which is a feature addition rather than a fix for any custody/security defect.",other
sui,https://github.com/MystenLabs/sui/pull/25360,registry/display: JSONRPC integration,0,0.15,none,This change adds Display v2 JSONRPC support along with new E2E tests and test fixtures; it is a feature/test addition with no custody-relevant guard or fix.,other
sui,https://github.com/MystenLabs/sui/pull/25242,registry/display: GraphQL integration,0,0.05,none,"This change adds GraphQL display registry integration with error classification helpers and e2e tests; it does not touch any custody-relevant subsystem such as keys, signing, approvals, or transport.",other
sui,https://github.com/MystenLabs/sui/pull/25359,registry/display: JSONRPC-alt integration,0,0.05,none,"This is a test-only change replicating a display integration for JSONRPC-alt, updating Move test sources and snapshot files with no custody-relevant code paths touched.",other
sui,https://github.com/MystenLabs/sui/pull/25240,registry/display: complete integration with genesis and execution layer,0,0.05,none,"This diff adds documentation for a new Display Registry feature and a destroy function in the Sui framework, with no changes to key material, signing, approval, transport, or any custody-relevant subs",other
sui,https://github.com/MystenLabs/sui/pull/24090,[3/n][indexer-framework] add grpc streaming integration and unit tests,0,0.02,none,"This change adds integration and unit tests for gRPC streaming in the indexer framework; it does not touch key material, signing, approvals, or any custody-relevant path.",other
sui,https://github.com/MystenLabs/sui/pull/22874,CoinRegistry/GRPC Integration,0,0.05,none,"This is a feature integration adding CoinRegistry gRPC API support with a dependency rev bump and new test fixtures, not a fix for any custody-relevant defect.",other
sui,https://github.com/MystenLabs/sui/pull/22561,[indexer-alt-framework] Implement integration tests for pipeline/concurrent,0,0.05,none,"This PR adds integration tests and minor refactors (moving a constant to a trait for test override, switching MockStore to DashMap) for an indexer pipeline; it does not touch any custody-relevant key,",other
sui,https://github.com/MystenLabs/sui/pull/19422,[suiop][incidents] add notion integration,0,0.05,none,"This adds a Notion integration feature for incident tracking in an internal CLI tool, with no changes to key material, signing, approvals, or any custody-relevant path.",other
sui,https://github.com/MystenLabs/sui/pull/19266,feat: Cookbook Onboard (AI Assistant) integration,0,0.05,none,"This adds a third-party AI assistant widget to a Docusaurus documentation site; it does not touch any wallet custody, signing, key, or transport code paths.",other
sui,https://github.com/MystenLabs/sui/pull/17290,[suiop] integration test for `suiop service init`,0,0.05,none,"This change adds integration tests and improves error context messages for a service scaffolding CLI tool; it touches no key material, signing, approval, or custody-relevant paths.",other
sui,https://github.com/MystenLabs/sui/pull/16867,[bridge 64/n] the first integration test,0,0.05,none,"This diff adds integration test infrastructure (Foundry CI setup, test dependencies, local deployment configs) and updates generated ABIs, which does not fix a custody-related vulnerability.",other
sui,https://github.com/MystenLabs/sui/pull/16279,[Consensus] add a small integration test with a committee of authorities,0,0.05,none,"This is a test-only change adding an integration test for consensus authorities, along with minor refactoring and debug logging additions.",other
sui,https://github.com/MystenLabs/sui/pull/14851,Create an integration test to test object pruning,0,0.05,none,"This PR adds an integration test for object pruning and flips a default config flag for tombstone pruning; it touches no key/signing/approval paths and is a test/feature change, not a custody-relevant",other
sui,https://github.com/MystenLabs/sui/pull/14810,"Import exchange integration doc and add redirects (DOCS-110, too)",0,0.0,none,"This is a documentation-only change importing an exchange integration guide and updating redirects, with no wallet source code or custody-relevant logic touched.",other
sui,https://github.com/MystenLabs/sui/pull/14098,[graphql][pg-integration] indexerv2 refactor pg db provider,0,0.05,none,"This is a pure refactor reorganizing PgManager methods and moving GraphQL type conversions out of type files, with no custody-relevant key, signing, approval, or transport changes.",other
sui,https://github.com/MystenLabs/sui/pull/13486,Execution version to rework integration with the MoveVM,0,0.1,none,"This is a dependency/workspace restructuring that versions the Move execution layer crates, with no changes to key material, signing, approval, or transport paths.",other
sui,https://github.com/MystenLabs/sui/pull/10869,[explorer][wallet] suins integration,0,0.05,none,"This adds SuiNS name-service resolution and display features to the explorer/wallet UI, with no changes to key handling, signing, approval, or any custody-relevant path.",other
sui,https://github.com/MystenLabs/sui/pull/11223,wallet-ext: qredo integration UI flow,0,0.15,none,"This diff adds the Qredo connection UI feature from a placeholder, and while it touches approval/origin flows it is a new feature implementation rather than a fix to an existing exploitable defect.",other
sui,https://github.com/MystenLabs/sui/pull/11914,[wallet-ext] remove the Ledger integration feature flag,0,0.05,none,"This is a routine cleanup that removes a feature flag so the Ledger integration is always enabled; it adds no guard, validation, or key/signing protection.",other
sui,https://github.com/MystenLabs/sui/pull/10766,New topic for Sui Wallet - Ledger integration,0,0.0,none,"The diff only deletes an outdated documentation FAQ file and touches no wallet source, key, signing, or custody-relevant code.",other
sui,https://github.com/MystenLabs/sui/pull/9744,fix transaction integration test,0,0.02,none,"This is a test-only refactor of a SuiTransactionResponseBuilder and its integration tests, with no changes to key handling, signing, or custody-relevant code.",other
sui,https://github.com/MystenLabs/sui/pull/9598,Update exchange-integration-guide.md,0,0.0,none,"This is a documentation update changing a storage requirement from 1 TB to 2 TB SSD, with no custody or security relevance.",other
sui,https://github.com/MystenLabs/sui/pull/10230,Fixed authority_tests and move_integration_tests,0,0.05,none,"This is a test-only change updating gas-budget values and expected balances in Sui transactional test fixtures, with no wallet custody, key, or signing code touched.",other
sui,https://github.com/MystenLabs/sui/pull/8998,[indexer] - CI integration test,0,0.15,none,"This is a CI/test infrastructure change adding PostgreSQL integration tests, migration cleanup helpers, and minor refactors to indexer read APIs; none of it touches key material, signing, approval, or",other
sui,https://github.com/MystenLabs/sui/pull/8721,Adding new Exchange Integration Guide,0,0.0,none,"This is a documentation-only change that adds an exchange integration guide and merges an FAQ topic, with no wallet source code or custody-relevant logic touched.",other
sui,https://github.com/MystenLabs/sui/pull/9646,[wallet-ext] do some design polish for the Ledger integration,0,0.02,none,"Pure UI/design polish (spacing, button sizes, link underline, colors) with no changes to key handling, signing, transport, or custody logic.",other
sui,https://github.com/MystenLabs/sui/pull/8891,"[wallet-ext] build ""connect to ledger"" modal for our ledger integration",0,0.05,none,"This diff adds a new UI modal and button for a future Ledger integration behind a feature flag, with no key, signing, approval, or transport logic touched.",other
sui,https://github.com/MystenLabs/sui/pull/8788,[ledger integration] add ledgerjs-hw-app-sui library as an SDK,0,0.05,none,"This PR adds a new Ledger Sui SDK library and updates lockfile dependencies; it is a feature/vendor import, not a fix to any custody-relevant defect.",other
sui,https://github.com/MystenLabs/sui/pull/1670,[node] Follow latest & Safe client integration test,0,0.1,none,"This is a protocol-level change to the node follower/gossip API and batch request handling, not a custody-relevant fix to keys, signing, approvals, or transport.",other
sui,https://github.com/MystenLabs/sui/pull/26947,Fall back to newest public version in protocol compatibility check,0,0.05,none,"This is a CI/operations shell script fix to make protocol compatibility checks robust during private releases; it touches no wallet source, keys, signing, or custody-relevant code.",other
sui,https://github.com/MystenLabs/sui/pull/26894,[graphql] Thread `alpha_ledger_grpc_reader` to optionally support bitmap stream apis with backward compatibility 1/n,0,0.05,none,"This adds a new alpha gRPC ledger reader for a Sui indexer GraphQL service; it is a data-ingestion feature with no custody, key, signing, or transport-security relevance.",other
sui,https://github.com/MystenLabs/sui/pull/25971,Enable coin reservation compatibility layer for testnet,0,0.05,none,"This change enables feature flags for a coin reservation compatibility layer on testnet/devnet and updates benchmarks/tests accordingly; it is a protocol feature rollout, not a custody-relevant securi",other
sui,https://github.com/MystenLabs/sui/pull/24830,Fix protocol compatibility check against testnet,0,0.05,none,"This is a test snapshot file update adding a metadata field, with no changes to key material, signing, approval, or any custody-relevant code path.",other
sui,https://github.com/MystenLabs/sui/pull/24509,[static ptb] Automatically convert compatibility withdrawals to coins,0,0.05,none,"This adds a new backward-compatibility feature (converting withdrawals to coins in PTBs) behind a disabled protocol feature flag, with no guard or fix for an exploitable custody path.",other
sui,https://github.com/MystenLabs/sui/pull/24508,verify compatibility locally by default,0,0.15,none,"This is a CLI UX change flipping a package-upgrade compatibility check from opt-in to opt-out; it does not touch key material, signing, approvals, or any custody-relevant path.",other
sui,https://github.com/MystenLabs/sui/pull/24331,Fixing rosetta backwards compatibility for rolling deployments.,0,0.15,none,"This is a backwards-compatibility shim for rolling deployments that re-populates a deprecated metadata field alongside the new one; it does not fix a key, signing, approval, or transport vulnerability",other
sui,https://github.com/MystenLabs/sui/pull/23110,[sui-framework] Update snapshot compatibility test,0,0.05,none,"This is a test infrastructure change that updates snapshot compatibility tests to limit the backtest window and fix framework injection behavior for simulation tests, with no impact on custody, key ma",other
sui,https://github.com/MystenLabs/sui/pull/19671,graphql: add flag to skip db compatibility,0,0.05,none,"This change adds a developer-facing flag to skip DB migration compatibility checks and refactors CLI config structs; it does not touch any custody-relevant key, signing, approval, or transport path.",other
sui,https://github.com/MystenLabs/sui/pull/19156,[indexer] Compatibility check using migration records,0,0.15,none,"This change refactors database schema compatibility checking in an indexer/GraphQL service to use migration records instead of column-existence queries, with no impact on key material, signing, approv",other
sui,https://github.com/MystenLabs/sui/pull/18860,[GraphQL] Fix pruning compatibility issues,0,0.15,none,"The diff consists of CI workflow changes and Cargo.lock dependency bumps to fix GraphQL pruning compatibility, with no wallet source code changes touching key material, signing, or custody-relevant pa",other
sui,https://github.com/MystenLabs/sui/pull/18862,[main][GraphQL] Fix pruning compatibility issues,0,0.05,none,"This is a GraphQL data-access refactor switching from the checkpoints table to chain_identifier for pruned-DB compatibility, with no custody-relevant key, signing, approval, or transport impact.",other
sui,https://github.com/MystenLabs/sui/pull/18261,[GraphQL] Ensure single source of truth for compatibility check,0,0.05,none,"This is a refactor of the GraphQL schema compatibility check to use a shared macro instead of duplicated table lists, with no custody-relevant impact.",other
sui,https://github.com/MystenLabs/sui/pull/18283,[pick #18261][GraphQL] Ensure single source of truth for compatibility check,0,0.05,none,"This is a refactor of GraphQL compatibility-check table enumeration to use a shared macro instead of duplicated lists, plus CI and test updates — no custody-relevant key, signing, approval, or transpo",other
sui,https://github.com/MystenLabs/sui/pull/17046,Making protocol compatibility script more verbose,0,0.0,none,"This change only modifies a CI compatibility shell script to improve logging and remove hacky commit substitutions, with no impact on wallet custody, keys, or signing.",other
sui,https://github.com/MystenLabs/sui/pull/16763,Fix testnet compatibility check,0,0.05,none,"This is a CI/compatibility-check shell script change that adjusts commit substitution logic for testnet vs mainnet snapshot tests, with no custody-relevant code paths touched.",other
sui,https://github.com/MystenLabs/sui/pull/17014,[test] Make graphql compatibility test for getLatestCheckpointSequenc…,0,0.02,none,"This is a test-only change that loosens GraphQL compatibility assertions and bumps a Move compiler version in a test lock file, with no impact on custody, keys, signing, or any security-relevant path.",other
sui,https://github.com/MystenLabs/sui/pull/15052,[Framework] Explain why we prevent breaking entry compatibility,0,0.05,none,"The diff only adds explanatory comments about why entry linkage compatibility is checked; no code logic, guard, or validation is added or removed.",other
sui,https://github.com/MystenLabs/sui/pull/13730,Improve zklogin nodejs compatibility,0,0.15,none,This is a Node.js compatibility change swapping one CSPRNG source (crypto.getRandomValues) for another (noble's randomBytes) in nonce generation; both are equally secure and no vulnerability is being ,other
sui,https://github.com/MystenLabs/sui/pull/13009,Fix and reenable test_upgrade_compatibility,0,0.15,none,"This is a validator/consensus infrastructure bug fix (batch-to-single insert for pending consensus transactions and epoch change handling) plus test re-enabling, not a wallet custody change affecting ",other
sui,https://github.com/MystenLabs/sui/pull/10675,[package-upgrade-compatibility-testing] First batch of compatibility tests,0,0.05,none,"This change adds a new test-only crate with upgrade compatibility test fixtures and a test runner; it touches no wallet key, signing, approval, or transport code.",other
sui,https://github.com/MystenLabs/sui/pull/11601,Move compatibility workflow to sui-operations,0,0.0,none,"This diff only deletes a CI workflow file to move it to another repo, with no changes to wallet source code or custody-relevant subsystems.",other
sui,https://github.com/MystenLabs/sui/pull/10618,Framework compatibility tests,0,0.15,none,"This PR adds framework bytecode compatibility test infrastructure and refactors compare_system_package into a shared module; it does not fix a custody-relevant defect in key handling, signing, approva",other
sui,https://github.com/MystenLabs/sui/pull/10832,[Compatibility] Increase execution timeouts,0,0.05,none,"This change only increases CI/CD job timeouts and a monitoring script checkpoint timeout, with no impact on key material, signing, or custody-relevant code paths.",other
sui,https://github.com/MystenLabs/sui/pull/10931,[Compatibility] Use snapshots to shard,0,0.02,none,"This diff only modifies CI workflow files for compatibility testing sharding and scheduling, touching no wallet source, key, signing, or custody-relevant code.",other
sui,https://github.com/MystenLabs/sui/pull/10785,[Compatibility] A few small tweaks,0,0.0,none,"The diff only modifies CI workflow and shell scripts for build compatibility and debugging, with no custody-relevant code changes.",other
sui,https://github.com/MystenLabs/sui/pull/10547,[Compatibility] Introduce monitor_synced script,0,0.05,none,"This adds a new infrastructure monitoring script to track fullnode sync progress; it does not touch any wallet custody, key, signing, approval, or transport code.",other
sui,https://github.com/MystenLabs/sui/pull/10868,[Compatibility] Fix clean mode default value,0,0.05,none,"This is a CI workflow configuration change to fix default boolean logic for cleaning up disk space, not a wallet source code or custody-relevant security fix.",other
sui,https://github.com/MystenLabs/sui/pull/10697,Introduce backwards compatibility (from genesis) nightly workflow,0,0.0,none,"This diff adds a CI/CD workflow and a testing shell script for fullnode sync, which is an ordinary test/infra change with no custody-relevant code.",other
sui,https://github.com/MystenLabs/sui/pull/10409,[loader] Fix linker/loader backward compatibility,0,0.15,none,"This is a Sui fullnode protocol/compatibility fix for package ID resolution during backward-compatible transaction execution, not a wallet custody defect touching keys, signing, approvals, or transpor",other
sui,https://github.com/MystenLabs/sui/pull/10757,[ts-sdk][ci] re-enable backward compatibility test,0,0.02,none,"This is a CI/test infrastructure change re-enabling backward compatibility e2e tests and adding a composite GitHub Action; no wallet source, key, signing, or custody-relevant code is touched.",other
sui,https://github.com/MystenLabs/sui/pull/10888,[Compatibility] Run against latest binary build that passed CI,0,0.05,none,"This is a CI workflow change to download a pre-built binary for compatibility testing instead of building it from source, with no impact on custody, keys, or signing.",other
sui,https://github.com/MystenLabs/sui/pull/10789,[Compatibility] Fix debug log level selection logic; Increase ssh ttl,0,0.05,none,"This is a CI/compatibility-checker infrastructure change (log level renaming, SSH TTL increase, epoch timeout options, verbose flag) with no custody, key, or signing relevance.",other
sui,https://github.com/MystenLabs/sui/pull/8334,[RPC backward compatibility] - RPC method routing base on client version,0,0.15,none,"This PR adds RPC method routing based on client version headers for backward compatibility — a feature addition, not a fix for any custody-relevant defect in key handling, signing, approval, or transp",other
taho,https://github.com/tahowallet/extension/pull/2854,Transactions nonce integration tests,0,0.05,none,"This PR only adds integration tests for transaction nonce handling without modifying any production code, so it is a test-only change.",other
taho,https://github.com/tahowallet/extension/pull/2712,playwright integration for e2e tests,0,0.02,none,"This change only adds Playwright e2e tests and a CI workflow to run them, with no modifications to wallet custody, signing, or transport code.",other
taho,https://github.com/tahowallet/extension/pull/2416,RSK Integration,0,0.05,none,"This is a feature addition integrating the RSK network (RBTC/RIF support) into the wallet, adding network constants, provider endpoints, and UI strings rather than fixing any custody or signing defect",other
taho,https://github.com/tahowallet/extension/pull/1792,Fix Quickswap Integration,0,0.25,none,"This is a dapp compatibility fix for Quickswap integration (jsonrpc version, proxy caching, chain ID tracking) with no guard preventing fund loss, key leakage, or signing bypass.",other
taho,https://github.com/tahowallet/extension/pull/820,Move swap provider integration to background script,0,0.15,none,"This is a refactor moving swap provider integration to the background script and updating JTD validation schemas to accept new fillData fields, not a fix for a custody-relevant defect.",other
taho,https://github.com/tahowallet/extension/pull/701,👽  First Contact: Fix keep integration and onboard connect,0,0.15,none,"This is an EIP-1193 provider compatibility fix changing chainId formatting to hex strings and adjusting event emission timing; it does not touch key material, signing validation, approval logic, or tr",other
taho,https://github.com/tahowallet/extension/pull/357,Ring in the New Keys: Add keyring service integration tests,0,0.15,none,This PR adds integration tests and migrates to a newer hd-keyring dependency with accompanying API renames; no custody-relevant defect is being repaired.,other
talisman,https://github.com/TalismanSociety/talisman/pull/2198,feat: Yield integration for DeFi,0,0.05,none,"This diff adds a new Earn/yield.xyz feature tab with UI components, routes, localization, and API subscriptions; it does not touch any key, signing, approval, transport, or custody-relevant path.",other
talisman,https://github.com/TalismanSociety/talisman/pull/2472,Improve EVM provider dapp compatibility,0,0.15,none,"The visible diff is a feature change (multi-account dapp compatibility) with cosmetic EIP-1193 error constant renames and accompanying tests; no guard, validation, or signing-path defect is being repa",other
talisman,https://github.com/TalismanSociety/talisman/pull/2406,feat: added Keyring methods for mobile app compatibility,0,0.15,none,"This is a feature addition (labeled 'feat') that adds three new convenience wrapper methods around existing password-checking functionality for mobile app compatibility, not a fix for any pre-existing",other
thirdweb-js,https://github.com/thirdweb-dev/js/pull/8338,Add Solana wallet balance endpoint and UI integration,0,0.05,none,"This is a feature addition that fetches and displays Solana wallet balances via a new API endpoint, with no changes to key handling, signing, approval, or custody-relevant paths.",other
thirdweb-js,https://github.com/thirdweb-dev/js/pull/8225,Refactor ProjectFTUX API key integration section,0,0.05,none,"This is a UI refactor that removes multi-language code example tabs and replaces them with a single cURL example; no custody, signing, key, or transport logic is touched.",other
thirdweb-js,https://github.com/thirdweb-dev/js/pull/8023,[Dashboard] Update analytics API integration and improve number formatting,0,0.05,none,"This PR only refactors analytics API query parameters, error messages, and number formatting in dashboard UI code, with no custody-relevant key, signing, approval, or transport paths touched.",other
thirdweb-js,https://github.com/thirdweb-dev/js/pull/8001,[Dashboard] Update analytics API integration and add error logging,0,0.05,none,"This is an ordinary analytics dashboard refactor adjusting API query parameters, response field names, and error logging with no custody-relevant impact.",other
thirdweb-js,https://github.com/thirdweb-dev/js/pull/7987,Refactor wallet user API integration to use tw api,0,0.05,none,"This is a refactor migrating dashboard user-search API calls from manual fetch to a generated client, with no changes to key material, signing, approval, or custody-relevant paths.",other
thirdweb-js,https://github.com/thirdweb-dev/js/pull/7946,[MNY-131] Add Pay Modal integration in useSendAndConfirmTransaction hook,0,0.05,none,"This PR adds a Pay Modal feature to a transaction hook and reorganizes exports; it does not add or remove any custody-relevant guard, validation, or signing-path protection.",other
thirdweb-js,https://github.com/thirdweb-dev/js/pull/7852,[Playground] integration guide link in chat ai footer,0,0.02,none,"This PR simply adds an external link to an integration guide in a chat footer, with no custody, key, signing, or transport relevance.",other
thirdweb-js,https://github.com/thirdweb-dev/js/pull/7525,Remove Plausible analytics integration,0,0.05,none,"This PR simply removes the Plausible analytics integration (dependency, script tags, and proxy config) and does not touch any key material, signing, approval, transport, or custody-relevant code paths",other
thirdweb-js,https://github.com/thirdweb-dev/js/pull/7406,[Dashboard] Replace Sentry Replay with PostHog integration,0,0.05,none,"This is a telemetry/analytics integration swap from Sentry Replay to PostHog Sentry in the dashboard, with no custody-relevant code paths touched.",other
thirdweb-js,https://github.com/thirdweb-dev/js/pull/7166,[Wallet] Move 7702 batch transaction test to integration tests,0,0.05,none,This PR only reorganizes and moves integration tests for EIP-7702 batch transactions without changing any wallet source code or adding security guards.,other
thirdweb-js,https://github.com/thirdweb-dev/js/pull/6475,add Stripe integration for team invoices,0,0.02,none,"This PR adds a Stripe billing/invoices feature to the dashboard, including new UI routes and server actions, with no custody-relevant key, signing, approval, or transport changes.",other
thirdweb-js,https://github.com/thirdweb-dev/js/pull/692,[Wallets] Cleanup paper wallet integration,0,0.15,none,"This is a rename/cleanup of the email-wallet integration to paper-wallet plus a minor null-check in metadata fetching, none of which touches key material, signing, or custody-relevant paths.",other
thirdweb-js,https://github.com/thirdweb-dev/js/pull/1038,[unity-js-bridge] MagicLink bridge integration,0,0.05,none,"This is a feature addition integrating MagicLink (email-based) wallet support into the Unity bridge, not a fix for any custody or signing vulnerability.",other
thirdweb-js,https://github.com/thirdweb-dev/js/pull/2112,[Wallets] simple integration test for smart wallets,0,0.15,none,"This is a refactor that removes @account-abstraction SDK dependencies in favor of local implementations, improves userOp gas estimation, and adds test infrastructure — none of which fixes a custody-re",other
thirdweb-js,https://github.com/thirdweb-dev/js/pull/2146,[Wallets] skip integration test if no secret key,0,0.0,none,This is a test-only change that conditionally skips integration tests when an environment variable is missing.,other
thirdweb-js,https://github.com/thirdweb-dev/js/pull/791,"[auth, react-core, react] - clean up auth integration",0,0.1,none,"This is a refactor that moves wallet integrations to a shared package and removes unused dependencies, not a fix for a custody-relevant vulnerability.",other
thirdweb-js,https://github.com/thirdweb-dev/js/pull/4198,feat(adapters): add documentation for wagmi and privy integration,0,0.0,none,This is a documentation-only change adding adapter integration guides and sidebar navigation entries.,other
thirdweb-js,https://github.com/thirdweb-dev/js/pull/3181,Headless WalletConnect Integration,0,0.05,none,"This PR adds new headless WalletConnect session management functions, types, constants, and storage helpers — a pure feature addition with no guard, validation, or fix to any custody-relevant path.",other
thirdweb-js,https://github.com/thirdweb-dev/js/pull/3629,[Feature] Add CustomPayEmbed component to pay page for chain integration,0,0.05,none,"This PR adds a new payment embed UI component to the dashboard pay page; it is a feature addition with no custody-relevant guard, validation, or key/signing path changes.",other
thirdweb-js,https://github.com/thirdweb-dev/js/pull/2901,fix: switch to base sepolia for sw legacy integration tests,0,0.02,none,"This is a test-only change updating chain and contract addresses in an integration test file, with no impact on wallet custody, signing, or key material.",other
thirdweb-js,https://github.com/thirdweb-dev/js/pull/559,[Wallet] Email wallet integration,0,0.05,none,"This diff introduces a new email wallet connector feature using the Paper SDK, adding new files and wiring up package exports — it is a feature addition, not a fix to any existing custody-relevant def",other
thirdweb-js,https://github.com/thirdweb-dev/js/pull/569,"[react, react-core] chain integration",0,0.05,none,"This is a feature/refactor change that adds a default API key constant and removes hardcoded chain configurations to enable passing apiKeys to the provider, with no custody-relevant guard or fix.",other
thirdweb-js,https://github.com/thirdweb-dev/js/pull/474,[SDK] marketplace v3 integration,0,0.05,none,"This change introduces marketplace v3 SDK hooks and bumps a contracts dependency version; it adds new features and query helpers with no custody-relevant guard, validation, or key/signing protection.",other
thirdweb-js,https://github.com/thirdweb-dev/js/pull/458,[SDK] Fixes for latest wallet package integration,0,0.15,none,"The diff refactors RPC URL construction to accept a custom API key, hardcodes an API key in the Unity bridge, and adds optional-chaining null-safety to chain RPC URL arrays — none of which touch key m",other
thirdweb-js,https://github.com/thirdweb-dev/js/pull/6325,Interop module support,0,0.05,none,"This diff adds a new feature for cross-chain token bridging via a Superchain interop module, including UI components and transaction preparation, rather than fixing a custody-related vulnerability.",other
thirdweb-js,https://github.com/thirdweb-dev/js/pull/2997,feat: `createWalletAdapter` for interop with other libraries,0,0.05,none,"This PR adds a new createWalletAdapter helper function and generic UI icon for cross-library interoperability, which is a feature addition rather than a fix for a custody-related vulnerability.",other
thirdweb-js,https://github.com/thirdweb-dev/js/pull/2996,Version Packages,0,0.02,none,"This is an automated changesets release PR bumping package versions and changelogs for minor features (shortenAddress util, createWalletAdapter helper) and a UI icon fix, with no custody-relevant defe",other
thirdweb-js,https://github.com/thirdweb-dev/js/pull/8314,[SDK] Enhance compatibility with third party x402 libs,0,0.25,none,"This is a compatibility refactor of x402 network/chainId matching logic to work better with third-party libraries, not a fix for a custody-relevant vulnerability.",other
thirdweb-js,https://github.com/thirdweb-dev/js/pull/4653,Improve getNFTs compatibility for ERC1155 contracts,0,0.05,none,"This change improves read-only NFT enumeration compatibility for ERC1155 contracts by gracefully handling a failed totalCount call, with no impact on key material, signing, approvals, or custody paths",other
thirdweb-js,https://github.com/thirdweb-dev/js/pull/2867,Enable single phase drop compatibility,0,0.05,none,"This PR adds read-only ABI bindings and exports for fetching claim conditions from single-phase drop contracts, which is a feature/compatibility addition with no custody-relevant defect being repaired",other
torus,https://github.com/torusresearch/torus-website/pull/701,ENS integration in wallet transfer page,0,0.0,none,"The diff only adds editor config settings and a dapp logo SVG asset, with no changes to custody, signing, or transport code.",other
trezor-connect,https://github.com/trezor/connect/pull/412,EOS integration,0,0.15,none,"This diff adds documentation and test specs for a new EOS integration feature, with no changes to wallet source code that add or remove a security guard.",other
trezor-connect,https://github.com/trezor/connect/pull/969,fix(cardano): fix catalyst reward address backwards compatibility,0,0.35,none,"This is a backwards-compatibility fix for Catalyst registration field naming (path vs stakingPath) across firmware versions, causing a functional failure with older firmware rather than a fund-loss or",other
trezor-connect,https://github.com/trezor/connect/pull/650,fix previous rules for Casa compatibility,0,0.3,none,This is a Casa-compatibility fix that skips unimplemented multisig output script validation and guards against a crash when scriptA is undefined; it removes validation rather than repairing an exploit,other
trezor-firmware,https://github.com/trezor/trezor-firmware/pull/4635,add Tropic01 HAL integration and basic production tests,0,0.05,none,"This PR adds new Tropic01 secure element HAL integration and production test commands (reading chip ID and firmware versions) — it is a feature/integration addition, not a fix for any existing vulnera",other
trezor-firmware,https://github.com/trezor/trezor-firmware/pull/2332,Make Rust buildable without Micropython,0,0.05,none,"This is a build-system refactor introducing feature flags (micropython/protobuf) and moving code modules around to allow Rust compilation without Micropython; no custody-relevant guards, key/signing p",other
trezor-firmware,https://github.com/trezor/trezor-firmware/pull/1325,trezorlib 0.13 backwards compatibility,0,0.15,none,"This PR adds backwards-compatibility shims and deprecation warnings for trezorlib's API migration (sign_tx details argument, protobuf positional args), which is an ordinary refactor/compatibility chan",other
trezor-suite,https://github.com/trezor/trezor-suite/pull/25825,feat: add MCP server for AI agent integration with Trezor,0,0.05,none,"This is a new feature adding an MCP server for AI agent integration with Trezor; it introduces new functionality rather than fixing an existing vulnerability in key material, signing, or custody paths",other
trezor-suite,https://github.com/trezor/trezor-suite/pull/5277,"fix(integration-tests): adapt to tenv changes, fix flaky test",0,0.05,none,"This is a test-only change adapting integration test fixtures and selectors to tenv changes, with no production wallet, key, or signing code touched.",other
trezor-suite,https://github.com/trezor/trezor-suite/pull/4144,Cardano Integration - UI,0,0.05,none,"This is a feature PR adding Cardano UI integration (coin logos, routing, webpack WASM config, test fixture renames, and a minor ConfirmOnDevice refactor) with no custody-relevant guards or key/signing",other
trezor-suite,https://github.com/trezor/trezor-suite/pull/5029,tests(rollout): fix integration after wallet deprecation,0,0.05,none,"This is a test-only change that updates integration tests to use local firmware release JSON files instead of a deprecated remote wallet.trezor.io endpoint, with no changes to wallet source code or cu",other
trezor-suite,https://github.com/trezor/trezor-suite/pull/4847,fixup: blockchain-link (electrum) integration tests,0,0.1,none,"The diff refactors the Electrum client's keep-alive interval to use an arrow function for correct 'this' binding, which is an ordinary bugfix unrelated to custody or key material.",other
trezor-suite,https://github.com/trezor/trezor-suite/pull/3627,Cardano Integration - Blockchain Link,0,0.05,none,"This is an initial feature PR adding Cardano/Blockfrost backend support (types, build config, README, test config) with no custody-relevant guard or fix.",other
trezor-suite,https://github.com/trezor/trezor-suite/pull/4192,Feat/crowdin integration,0,0.05,none,"This change replaces a legacy translations-manager with the Crowdin CLI tooling and updates docs/config/translation JSON files, with no custody-relevant code paths touched.",other
trezor-suite,https://github.com/trezor/trezor-suite/pull/4180,Enable eslint for integration-test package,0,0.02,none,This change only enables eslint and reformats integration-test code for style consistency; no custody-relevant logic is touched.,other
trezor-suite,https://github.com/trezor/trezor-suite/pull/3880,fix(rollout): fix integration test after 1.10.1 FW release,0,0.05,none,"This is a CI/test-only change updating hardcoded firmware versions and re-enabling skipped e2e tests, with no modification to wallet source code or custody-relevant paths.",other
trezor-suite,https://github.com/trezor/trezor-suite/pull/3430,"Fix tx.amount without fee, totalSpent part 2 (suite integration)",0,0.15,none,"This is a data-correctness fix for how historical transaction amounts are displayed and aggregated (subtracting fee from amount, adding totalSpent field), not a custody/signing/key protection change.",other
trezor-suite,https://github.com/trezor/trezor-suite/pull/327,Fix integration tests in CI,0,0.02,none,"This change only updates CI configuration and bumps the Cypress testing dependency, with no impact on key material, signing, or custody paths.",other
trezor-suite,https://github.com/trezor/trezor-suite/pull/1609,improve integration tests,0,0.0,none,"The diff only updates CI, Docker setup, and integration test controllers, with no changes to wallet custody, key, or signing code.",other
trezor-suite,https://github.com/trezor/trezor-suite/pull/28829,fix(e2e): replace ts-node/register with tsx/cjs in Jest reporter to fix ERR_REQUIRE_ESM,0,0.05,none,"This is a test-infrastructure fix swapping a TypeScript loader in a Jest reporter to resolve an ESM/CJS module loading crash, with no custody-relevant code paths touched.",other
trezor-suite,https://github.com/trezor/trezor-suite/pull/30141,fix(connect): cardanoGetPublicKey response v9 backward compatibility,0,0.1,none,"This change adds a backward-compatibility shim for the cardanoGetPublicKey API response shape between Connect v9 and v10, which is an ordinary compatibility fix rather than a custody security vulnerab",other
trezor-suite,https://github.com/trezor/trezor-suite/pull/28012,test(utxo-lib): cover scriptSignature.toDER and noble-compatibility guards,0,0.05,none,"The diff adds only test coverage for existing signature/DER and noble-compatibility guards, with no changes to wallet source code.",other
trezor-suite,https://github.com/trezor/trezor-suite/pull/26620,fix(connect-explorer): nextra patch for worktree compatibility,0,0.02,none,"This is a build/dev-environment patch to the Nextra documentation tool to skip git-log loading inside worktrees; it has no relation to custody, keys, signing, or any wallet security path.",other
trezor-suite,https://github.com/trezor/trezor-suite/pull/19798,fix(transport-bridge): compatibility with trezorctl (and electrum) when using bundled node-bridge version,0,0.05,none,"This is a compatibility/refactor change that passes the bundled bridge version as a separate field instead of concatenating it into the version string, with no custody-relevant guard or validation add",other
trezor-suite,https://github.com/trezor/trezor-suite/pull/10543,Remove Cardano `<2.4.3` compatibility branches,0,0.05,none,"This change only removes legacy firmware compatibility branches from e2e test fixtures, which is a test cleanup, not a custody-relevant code fix.",other
tron-wallet-cli,https://github.com/tronprotocol/wallet-cli/pull/940,Configure npm packages for Ledger compatibility,0,0.05,none,"This diff only adds a new architecture planning markdown document under docs/archive, with no changes to wallet source code or security-relevant logic.",other
trust-provider,https://github.com/trustwallet/trust-web3-provider/pull/346,Fix personal_sign compatibility issues,0,0.2,none,"This is a compatibility fix for ambiguous personal_sign parameter ordering (message vs address), not a custody-relevant defect — the user still sees and approves the message in the UI regardless of wh",other
trust-provider,https://github.com/trustwallet/trust-web3-provider/pull/105,Improve personal_sign compatibility,0,0.25,none,"This is a personal_sign compatibility fix ensuring non-hex string messages are properly hex-encoded before being sent to the native signing layer; it does not address a key leak, signing bypass, or an",other
trust-provider,https://github.com/trustwallet/trust-web3-provider/pull/103,Improve iframe compatibility,0,0.15,none,"This change adds iframe callback routing and standard WKWebView JS alert/confirm dialog handlers for compatibility, plus cosmetic quote/semicolon style fixes — none of which repair a defect that could",other
turnkey,https://github.com/tkhq/sdk/pull/651,Feat: Add Coinbase & MoonPay Fiat On Ramp Integration,0,0.05,none,"This is a feature addition for fiat onramp integration (Coinbase & MoonPay) with only a changeset and a token/network data JSON file, touching no key material, signing, approval, or transport paths.",other
uniswap-interface,https://github.com/Uniswap/interface/pull/5093,feat: de-148- Analytics package integration,0,0.05,none,"This is a feature change integrating a new analytics package and removing old analytics instrumentation code, with no impact on custody, keys, signing, or transport.",other
uniswap-interface,https://github.com/Uniswap/interface/pull/273,crude walletconnect integration,0,0.05,none,"This diff adds WalletConnect integration as a new feature, comments out broken tests, and bumps LedgerHQ dependencies — none of which repair a custody-relevant defect in the wallet's own code.",other
uniswap-interface,https://github.com/Uniswap/interface/pull/757,Connect integration tests,0,0.02,none,"This is a test-only change wiring a mock EIP-1193 provider into Cypress integration tests; no wallet source, key handling, or signing paths are modified.",other
viem,https://github.com/wevm/viem/pull/4597,feat(op-stack): Add support for super root games,0,0.05,none,"This PR adds a new feature supporting OP Stack super-root dispute games in withdrawal prove flows, not a fix to any existing custody/signing/key defect.",other
wagmi,https://github.com/wevm/wagmi/pull/5028,fix(vue): add eventemitter3 to optimizeDeps for Nuxt compatibility,0,0.05,none,"This is a build-tooling fix for CJS/ESM interop in Vite/Nuxt, adding a dependency pre-bundling config with no custody or signing relevance.",other
wallet-core,https://github.com/trustwallet/wallet-core/pull/2828,Native Injective integration,0,0.05,none,"This is a new feature adding Native Injective (Cosmos) blockchain support with coin type registration, address derivation, and signing tests — no existing custody defect is being repaired.",other
wallet-core,https://github.com/trustwallet/wallet-core/pull/385,Nano integration,0,0.05,none,"This is a feature addition integrating Nano blockchain support (address derivation, signing, coin config) into wallet-core, not a fix for an existing vulnerability.",other
wallet-core,https://github.com/trustwallet/wallet-core/pull/276,Add support for Viacoin [chain-integration],0,0.05,none,"This is a new-chain integration adding Viacoin support (coin type, HRP, address prefixes, derivation paths, and tests) with no guard or fix to any custody-relevant path.",other
wallet-core,https://github.com/trustwallet/wallet-core/pull/76,Add support for Aion [chain integration],0,0.05,none,"This is a new chain integration feature adding Aion address/signer support and JNI bindings, not a fix for any existing custody defect.",other
wallet-core,https://github.com/trustwallet/wallet-core/pull/802,[Terra] Integration Update,0,0.15,none,"This is a feature update adding Terra blockchain support by allowing custom message type prefixes in Cosmos serialization, not a fix for any custody-relevant defect.",other
wallet-core,https://github.com/trustwallet/wallet-core/pull/2934,[Kotlin] Removed :generateCinterop task,0,0.05,none,"This is a build-system refactor moving C interop configuration from a generated task into build.gradle.kts, with no custody-relevant code or guard changes.",other
wallet-core,https://github.com/trustwallet/wallet-core/pull/4752,fix(scrypt): allow empty or missing salt for backward compatibility and improve hex parsing validation,0,0.25,none,"This is a backward-compatibility and robustness improvement for keystore salt parsing, not a fix for an exploitable vulnerability that could lead to loss of funds, key material, or signing authority.",other
walletconnect,https://github.com/WalletConnect/walletconnect-monorepo/pull/1506,feat: implements first pass of pairing API sign integration,0,0.15,none,"This is a first-pass feature implementation of the pairing API sign integration, adding new controllers, constants, and pairing logic rather than fixing an existing custody-relevant defect.",other
wasabi,https://github.com/WalletWasabi/WalletWasabi/pull/14685,Integration tests,0,0.02,none,"This PR reorganizes and adds integration tests by renaming namespaces and adding test configuration parameters, with no changes to wallet custody, signing, or key-handling code.",other
wasabi,https://github.com/WalletWasabi/WalletWasabi/pull/13781,Remove full integration,0,0.05,none,"This PR removes the built-in Bitcoin Core P2P integration and renames RPC namespaces, which is a feature removal/refactor with no impact on key material, signing, or custody paths.",other
wasabi,https://github.com/WalletWasabi/WalletWasabi/pull/11671,Improve amount decomposer fail condition for Trezor integration tests,0,0.25,none,"Adds a guard against an empty denominations list to prevent an InvalidOperationException crash in the WabiSabi coinjoin client; this is a robustness/bug fix with no direct path to fund, key, or signin",other
wasabi,https://github.com/WalletWasabi/WalletWasabi/pull/11715,"Revert ""Improve amount decomposer fail condition for Trezor integration tests""",0,0.15,none,"This reverts a test-oriented guard (`!denoms.Any()`) in the WabiSabi coinjoin amount decomposer; removing it at worst causes a crash on empty denominations, not loss of funds, keys, or signing authori",other
wasabi,https://github.com/WalletWasabi/WalletWasabi/pull/10091,Affiliate server integration,0,0.05,none,"This is a feature addition integrating an affiliate server into the WabiSabi coordinator backend, adding HTTP client plumbing and round-state data; it does not fix any custody, key, or signing vulnera",other
wasabi,https://github.com/WalletWasabi/WalletWasabi/pull/5767,[WabiSabi] GetStatus API and End-to-End integration test as template.,0,0.15,none,"This adds a new GetStatus API endpoint, an exception-translation filter, async refactoring of an idempotency filter, and test helpers — none of which touch key material, signing, approval, or custody-",other
wasabi,https://github.com/WalletWasabi/WalletWasabi/pull/4108,Add Hardware Wallet integration guidance,0,0.02,none,"This diff only adds a new Markdown documentation guide for hardware wallet manufacturers; it changes no wallet source code, adds no guard or validation, and does not repair any custody-relevant defect",other
wasabi,https://github.com/WalletWasabi/WalletWasabi/pull/2321,Introduce github actions - Continuous integration,0,0.0,none,This diff only adds a GitHub Actions CI workflow file for build/test automation and does not touch any wallet source code or custody-relevant subsystem.,other
wasabi,https://github.com/WalletWasabi/WalletWasabi/pull/2328,"Revert ""Introduce github actions - Continuous integration""",0,0.0,none,"This diff simply removes a GitHub Actions CI workflow file, touching no wallet source code or custody-relevant subsystems.",other
wasabi,https://github.com/WalletWasabi/WalletWasabi/pull/81,TypeScript integration,0,0.05,none,"This is a JavaScript-to-TypeScript migration adding type annotations and casts; no guards, validations, or security-relevant logic changes are introduced.",other
wasabi,https://github.com/WalletWasabi/WalletWasabi/pull/1341,Hardware Wallet Integration to Wasabi Wallet,0,0.15,none,"This PR adds hardware wallet integration as a new feature (HWI signing support, UI for hardware wallets), not a fix for an existing vulnerability in key handling, signing, or custody paths.",other
wasabi,https://github.com/WalletWasabi/WalletWasabi/pull/1905,Hardware Wallet Integration,0,0.25,none,"This PR reimplements HWI integration as a feature/refactor using TDD practices, adding PIN pad unlock and display-address-on-device functionality rather than fixing an existing vulnerability in key ha",other
wasabi,https://github.com/WalletWasabi/WalletWasabi/pull/11229,[VDG] Fixes NullReferenceException exception in ContextFlyoutWorkaroundBehavior,0,0.05,none,"This is a UI crash fix adding null checks to a context flyout behavior; it does not touch key material, signing, approvals, or any custody-relevant path.",other
wasabi,https://github.com/WalletWasabi/WalletWasabi/pull/10428,Exception when closing the wallet fast,0,0.1,none,"This change fixes a crash during wallet shutdown by handling an empty collection, which is not reachable from untrusted input nor does it touch key material or signing paths.",other
wasabi,https://github.com/WalletWasabi/WalletWasabi/pull/8305,[VDG] AutoPaste - fix NRE when trimming,0,0.15,none,"This is a null-reference crash fix in a UI paste-button behavior; it does not touch key material, signing, approvals, or any custody-relevant path, so it is an ordinary robustness fix rather than a se",other
wasabi,https://github.com/WalletWasabi/WalletWasabi/pull/5539,Fix RegTest,0,0.05,none,"This fixes a runtime crash (InvalidCastException) during RegTest initialization by skipping Tor setup for that network mode, with no custody-relevant path involved.",other
wasabi,https://github.com/WalletWasabi/WalletWasabi/pull/868,Fix NRE when clipboard is empty,0,0.05,none,"This is a simple null-check fix for a crash when the clipboard is empty, touching only UI paste behavior with no custody-relevant path.",other
wasabi,https://github.com/WalletWasabi/WalletWasabi/pull/13857,Ensure compatibility with BtcPayServer coordinators,0,0.15,none,"This adds PascalCase JSON field-name fallback parsing for interoperability with BtcPayServer coordinators; the pre-fix behavior was a parse failure, not a fund/key/signing loss path.",other
wasabi,https://github.com/WalletWasabi/WalletWasabi/pull/8850,Compatibility update 2,0,0.0,none,"Documentation-only change adding a device to a compatibility list; no wallet source, key, signing, or transport code is touched.",other
wasabi,https://github.com/WalletWasabi/WalletWasabi/pull/9704,Remove backward compatibility code,0,0.05,none,"This PR removes legacy backward-compatibility migration code for transaction and index stores, which is a refactor/cleanup with no impact on key material, signing, or custody paths.",other
web3-react,https://github.com/Uniswap/web3-react/pull/443,don't use .cjs extension to fix CRA compatibility,0,0.05,none,"This is a build/packaging change switching CommonJS output extension from .cjs to .js for CRA compatibility, with no custody-relevant code or guard added.",other
web3-react,https://github.com/Uniswap/web3-react/pull/111,Fix compatibility with ethers.js buildEip1193Fetcher,0,0.15,none,"This is a provider/RPC compatibility fix ensuring params are correctly passed through, not a custody-relevant guard on keys, signing, approvals, or transport authorization.",other
web3-react,https://github.com/Uniswap/web3-react/pull/71,MetaMask Mobile compatibility fix,0,0.25,other,"This is a compatibility workaround for a typo bug in MetaMask Mobile where chainId uses capital 'O' instead of zero; while chainId is custody-relevant, the malformed value would cause parsing failures",other
web3j,https://github.com/LFDT-web3j/web3j/pull/1294,Fix Integration Tests,0,0.05,none,"This PR only fixes integration tests by adjusting build configuration and test setup; no custody-relevant key, signing, approval, or transport code is touched.",other
web3j,https://github.com/LFDT-web3j/web3j/pull/618,"Make ""crypto"" module less dependent on 3rd party libraries (ease Android integration)",0,0.15,none,"This is a refactoring to ease Android integration (moving classes between modules, swapping crypto providers, parameterizing SecureRandom for testability) with only minor defensive hardening like maki",other
web3j,https://github.com/LFDT-web3j/web3j/pull/1717,Fix Android compatibility for API < 26,0,0.05,none,"This is an Android API-level compatibility shim replacing Type.getTypeName() with a fallback implementation, with no custody-relevant guard or validation added.",other
web3js,https://github.com/web3/web3.js/pull/7338,fix: correctly close ws connection in web3-eth-contract integration tests,0,0.02,none,"The diff only modifies integration test files and package.json scripts to properly close WebSocket connections after tests, with no changes to wallet source, key, signing, or custody-relevant code.",other
web3js,https://github.com/web3/web3.js/pull/6071,transaction integration tests,0,0.15,none,"This change adds an optional fillGasPrice flag to transaction building and changes default gas-pricing behavior, which is a functional/UX fix rather than a custody-relevant guard against key, signing,",other
web3js,https://github.com/web3/web3.js/pull/5876,5066 - fault tolerance websocket integration tests,0,0.15,none,"This is a provider event-handling refactor and integration test migration (deprecating 'close' for 'disconnect'), with no custody-relevant key, signing, or approval path changes.",other
web3js,https://github.com/web3/web3.js/pull/5926,Nikos/5883/4x integration fail test,0,0.02,none,"This is a test-only refactor replacing try/catch assertions with rejects.toThrow in integration tests, touching no wallet source or custody-relevant code.",other
web3js,https://github.com/web3/web3.js/pull/5799,4.x Adding github CI ACTION coverage tests for Integration/Unit tests,0,0.02,none,"This change only adds GitHub Actions coverage CI jobs and renames test scripts in package.json files; no wallet source, key, signing, or transport logic is modified.",other
web3js,https://github.com/web3/web3.js/pull/5585,Nikos/5096/improve the integration test for contracts default attributes,0,0.05,none,"This change adds an integration test file and adjusts test runner scripts; it does not touch any key, signing, approval, or transport code path.",other
web3js,https://github.com/web3/web3.js/pull/5056,`web3-eth` Integration Tests (#4880),0,0.15,none,"This PR adds integration tests, introduces a local-wallet-index feature for sendTransaction, and fixes hanging-promise/event-listener issues in sendSignedTransaction — none of which add security guard",other
web3js,https://github.com/web3/web3.js/pull/5093,:white_check_mark: Add integration tests for contract defaults,0,0.05,none,This change refactors config types from null to undefined and adds static default getters/setters to the Contract class; it is a feature/refactor with no custody-relevant guard or signing-path hardeni,other
web3js,https://github.com/web3/web3.js/pull/5024,Create ERC20 and ERC721 integration tests for web3-eth-contract,0,0.05,none,"This adds compiled contract fixture JSON files for new ERC20/ERC721 integration tests; it is a test-only change with no wallet custody, key, or signing path touched.",other
web3js,https://github.com/web3/web3.js/pull/4864,integration test: request,0,0.05,none,"This change adds integration test infrastructure (Dockerfile, CI e2e workflows, karma config, test scripts) and does not touch any custody-relevant code paths.",other
web3js,https://github.com/web3/web3.js/pull/4945,:white_check_mark: Add integration tests for web3-eth-contract,0,0.05,none,"This change adds test fixtures (a Solidity contract and its ABI) for integration testing of web3-eth-contract, with no custody-relevant code or guard/validation changes.",other
web3js,https://github.com/web3/web3.js/pull/3497,Add string event integration tests,0,0.05,none,"This is a test-only change adding integration tests for string event decoding with invalid UTF-8 and emoji; no wallet source, key, signing, or custody-relevant code is modified.",other
web3js,https://github.com/web3/web3.js/pull/5614,Fix Provider Compatibility with EIP 1193,0,0.15,none,"This is a TypeScript API compatibility fix to conform the EIP1193Provider request method signature to the EIP-1193 standard (removing requestOptions, widening types); it changes no validation, origin ",other
web3js,https://github.com/web3/web3.js/pull/5416,Fix typing compatibility when linking a contract to a context,0,0.05,none,"This is a TypeScript typing compatibility refactor in web3.js core context/plugin classes, changing generic defaults from any to unknown and adding a registerPlugin method with no custody-relevant imp",other
web3js,https://github.com/web3/web3.js/pull/5221,ensure backward compatibility for Web3 constructor,0,0.05,none,"The diff only changes import/export syntax for backward compatibility and updates comments and test imports; it does not touch key material, signing, approvals, or any custody-relevant path.",other
web3js,https://github.com/web3/web3.js/pull/5190,4.x compatibility issues with 1.x,0,0.15,none,"This is a type-system refactoring and compatibility change (renaming Receipt to ReceiptInfo, adding type guards, JSDoc fixes, variable renaming) with no custody-relevant guards or fixes to key/signing",other
web3py,https://github.com/ApeWorX/web3.py/pull/3727,Use geth ``v1.16.0`` for integration tests:,0,0.02,none,"This is a test infrastructure update bumping integration test geth fixtures from v1.15.11 to v1.16.0 and adjusting test assertions accordingly, with no changes to wallet source code or custody-relevan",other
web3py,https://github.com/ApeWorX/web3.py/pull/3440,Attempt to address some of the consistently flaky integration tests,0,0.05,none,"This change adds a RequestTimedOut exception and test flakiness decorators; it touches RPC error handling and test infrastructure, not key material, signing, approvals, or any custody-relevant path.",other
web3py,https://github.com/ApeWorX/web3.py/pull/2630,[v6] Update integration test fixture to use geth v1.10.23,0,0.05,none,"This is a CI/test fixture and dependency version bump for integration tests, with no changes to wallet key/signing/approval code paths.",other
web3py,https://github.com/ApeWorX/web3.py/pull/2631,[v5] Update integration test fixture to use geth v1.10.23,0,0.02,none,"This change only updates CI config, test fixtures (geth version), version bumping, and docs formatting; no wallet custody/signing/key code is touched.",other
web3py,https://github.com/ApeWorX/web3.py/pull/3170,Run flaky async integration tests,0,0.02,none,"This is a CI/test-only change adding flaky async Geth integration tests to CircleCI and tox, with no custody-relevant source code modified.",other
web3py,https://github.com/ApeWorX/web3.py/pull/2544,Add black to tests/integration and tests/utils.py,0,0.0,none,"This is a purely cosmetic formatting change (running the black formatter) on test integration files, with no changes to wallet key, signing, or custody logic.",other
web3py,https://github.com/ApeWorX/web3.py/pull/2454,[v6] Update integration test fixture to use geth v1.10.17,0,0.02,none,"This is a CI/test-infrastructure change bumping the geth integration-test fixture version and adjusting flaky test markers, with no custody-relevant code touched.",other
web3py,https://github.com/ApeWorX/web3.py/pull/2245,Increase timout on IPC and WS providers for Geth Integration tests,0,0.02,none,"This change only increases timeouts in integration test files to fix flaky tests, touching no custody-relevant wallet code.",other
web3py,https://github.com/ApeWorX/web3.py/pull/2154,Remove Parity integration tests and references & update Parity API docs,0,0.02,none,"This change removes deprecated Parity integration tests, fixtures, and documentation references; it touches no key, signing, approval, or transport code.",other
web3py,https://github.com/ApeWorX/web3.py/pull/1815,Remove unused bufsize argument from integration test setup,0,0.0,none,"This is a test-only change removing an unused bufsize argument to silence a subprocess RuntimeWarning, with no impact on wallet source, keys, signing, or custody paths.",other
web3py,https://github.com/ApeWorX/web3.py/pull/281,Piper/ethereum tester library integration,0,0.05,none,"This change adds an ethereum-tester provider and integration test infrastructure, which is a feature/test-only change with no custody-relevant defect being repaired.",other
web3py,https://github.com/ApeWorX/web3.py/pull/331,Piper/integration test improvements,0,0.05,none,"This is a test/CI improvement change adding integration tests, fixture generation scripts, and dependency version bumps; it does not touch any custody-relevant wallet source code or fix a defect in ke",other
web3py,https://github.com/ApeWorX/web3.py/pull/606,Parity integration testing,0,0.02,none,"This change adds Parity integration tests, CI configuration, and test fixtures to web3.py; it is a test-only change with no custody-relevant defect being repaired.",other
web3py,https://github.com/ApeWorX/web3.py/pull/710,Refactored integration tests to support all providers,0,0.05,none,"This is a test/CI refactor that splits integration tests across HTTP and IPC providers and reorganizes test files, with no changes to wallet key, signing, or custody-relevant code.",other
web3py,https://github.com/ApeWorX/web3.py/pull/897,Lay down initial framework for ethpm integration,0,0.05,none,"This adds a new ethpm package manager module with docs, tests, and a dependency — a feature addition with no custody-relevant key, signing, or transport changes.",other
web3py,https://github.com/ApeWorX/web3.py/pull/875,Fix CircleCI Parity integration failures,0,0.02,none,"This is a CI/test-infrastructure change fixing Parity integration test failures by pinning Debian image versions, bumping the Parity test client version, and marking flaky tests; no wallet source, key",other
web3py,https://github.com/ApeWorX/web3.py/pull/1301,Update geth version for integration tests,0,0.05,none,"This is a CI/test infrastructure update bumping the geth version and adjusting integration tests, with no changes to production wallet code or custody-relevant subsystems.",other
web3py,https://github.com/ApeWorX/web3.py/pull/1277,Implement and add web3.eth.signTransaction test to integration tests,0,0.05,none,"This diff adds a new eth_signTransaction RPC wrapper method with tests and docs; it is a feature implementation, not a fix for any custody-relevant defect.",other
web3py,https://github.com/ApeWorX/web3.py/pull/616,eth-utils v1 compatibility across all dependencies,0,0.05,none,"This is a dependency version bump for eth-utils v1 compatibility and a docs date fix, with no change to wallet key/signing/approval paths.",other
webauthn4j,https://github.com/webauthn4j/webauthn4j/pull/1347,Add fido-integration-bdd: BDD integration test suite for WebAuthn protocol,0,0.05,none,"This change adds a new BDD integration test suite and its test-only dependencies for WebAuthn flows; it does not modify any wallet source, key, signing, or validation code.",other
yoroi,https://github.com/Emurgo/yoroi-frontend/pull/84,trezor integration base,0,0.05,none,"This diff adds Trezor hardware wallet integration as a new feature (new action types, wallet types, and wallet creation flow) rather than fixing any existing custody-relevant defect.",other
yoroi,https://github.com/Emurgo/yoroi-frontend/pull/2174,Release / 4.5.5 (Tokens metadata integration v1),0,0.05,none,"This adds a new token metadata fetching feature for display purposes; it does not touch key material, signing, approvals, or any custody-relevant path.",other
yoroi,https://github.com/Emurgo/yoroi-frontend/pull/1660,Ledger integration,0,0.15,none,"This is a feature implementation that uncomments and wires up previously disabled Ledger hardware wallet signing support, not a fix for an existing vulnerability in custody/signing paths.",other
yoroi,https://github.com/Emurgo/yoroi-frontend/pull/281,[spec] Ledger Integration,0,0.02,none,"The diff only adds documentation/specification markdown files for Ledger integration setup and firmware updates, with no changes to wallet source code or custody-relevant logic.",other
yoroi,https://github.com/Emurgo/yoroi-frontend/pull/178,"show notification message on new wallet creation, restoration and  Trezor Integration",0,0.05,none,"This change adds UI notification messages for wallet creation/restoration/Trezor integration and adjusts styling; it touches no key material, signing, approval, or transport paths.",other
yoroi,https://github.com/Emurgo/yoroi-frontend/pull/348,Fixes and improvements of Ledger Integration,0,0.05,none,"This diff only renames and adds i18n translation strings and help-link labels for the Ledger connect UI, with no changes to key handling, signing, transport, or any custody-relevant logic.",other
yoroi,https://github.com/Emurgo/yoroi-frontend/pull/560,Explorer integration (1/3),0,0.05,none,"This PR adds blockchain explorer links to the receive page UI; it introduces new presentational components and styling with no custody, key, signing, or transport-relevant logic.",other
yoroi,https://github.com/Emurgo/yoroi-frontend/pull/565,Explorer integration (2/3),0,0.05,none,"This is a UI feature change adding explorer links and adjusting address display styling, with no impact on key material, signing, approvals, or any custody-relevant path.",other
zcash,https://github.com/zcash/zcash/pull/4403,Additional librustzcash integration,0,0.3,none,"This is a build/test infrastructure change adding Rust test runners and release profile configs; while panic=abort prevents FFI UB, the diff does not repair a concrete custody-relevant defect in walle",other
zcash,https://github.com/zcash/zcash/pull/5971,Integrate `cxx` crate for safe interop between Rust and C++,0,0.15,none,"This is a build-system integration of the cxx crate for Rust/C++ interop with packaging and vendoring scripts; no specific custody-relevant vulnerability is being fixed, and no guard, validation, or e",other
zeus,https://github.com/ZeusLN/zeus/pull/3576,feat: Mint review system with Nostr integration (NIP-87),0,0.05,none,"This PR adds a new Nostr-based mint discovery/review feature and refactors a toast UI component; it does not touch any key, signing, approval, or custody-relevant path.",other
zeus,https://github.com/ZeusLN/zeus/pull/1259,Point of Sale: Square integration,0,0.05,none,"This PR adds a new Point of Sale feature with Square integration, including new views, stores, navigation routes, and UI components, with no custody-relevant guard or fix.",other
zeus,https://github.com/ZeusLN/zeus/pull/2533,LND: coin control backwards compatibility,0,0.15,none,"This is a backwards-compatibility change for LND coin control across versions and adds capability gates for account features, not a fix for a custody-relevant vulnerability.",other
zeus,https://github.com/ZeusLN/zeus/pull/1749,"Updated some scripts for Windows compatibility, added 'ra' and 'gradlew'",0,0.02,none,"This is a build/dev-tooling change to package.json scripts for Windows compatibility and convenience, with no impact on key material, signing, approvals, or any custody-relevant path.",other
zeus,https://github.com/ZeusLN/zeus/pull/1465,Fix compatibility issues with CLN 23.05 in activity,0,0.15,none,"This fixes a display-layer crash caused by calling .replace() on a numeric msat field from CLN 23.05; it affects activity rendering, not key material, signing, or fund custody.",other
eclair,https://github.com/ACINQ/eclair/commit/e8ec148951b873bf3c96a71d9193db759209720c,Add high-S signature Bolt 11 test vector (#3163),0,0.35,none,"The diff is test-only, adding a high-S signature test vector to Bolt11InvoiceSpec without modifying any production signature verification or key recovery code.",other
electrum,https://github.com/spesmilo/electrum/commit/7ebff5616e81e75542ee0d8570a5b54bcc023755,ecc.py: _MyVerifyingKey.from_signature is raising low level exception,0,0.2,none,"This is a robustness/exception-handling fix in the ECC module that converts a low-level exception into a domain-specific one, preventing a crash but not addressing a fund/key/signing-authority loss ve",other
ethereumjs,https://github.com/ethereumjs/ethereumjs-monorepo/commit/0f8741660ac99cbc61b9d0d4fe42d0b715338bdb,signature: add support for very high recovery IDs,0,0.35,signing,"This is a compatibility fix switching recovery-ID arithmetic from JS numbers to BN to handle very high chainIds, where the worst case is signature verification failure (not bypass) rather than fund lo",other
gdk,https://github.com/Blockstream/gdk/commit/e189aeab0936af08fdf5841eea8da7f0f5aa958c,tx: estimate using low-s signatures for non-grinding signers.,0,0.15,none,This is a fee estimation accuracy refinement (adjusting dummy signature size from 72 to 71 bytes to account for mandatory Low-S) plus function renaming; the pre-fix code only slightly overestimated fe,other
gdk,https://github.com/Blockstream/gdk/commit/a207fbe28a29897c6ba4965aeab2d285b7c2d926,script: further improve fee estimation for non-low-r signers,0,0.15,none,"This change fixes fee estimation accuracy for multisig dummy scripts by correctly assuming the backend always produces low-R signatures; it touches only transaction size calculation, not actual key ha",other
gdk,https://github.com/Blockstream/gdk/commit/10844babbc7409da92b066e15e29d327d333d457,Don't advertise low-r support if our HW supports anti-exfil,0,0.35,none,"This is a feature-compatibility fix to prevent signature size estimation bugs when anti-exfil and low-r are both advertised; it does not repair a path that leaks keys, produces invalid signatures, or ",other
keyring-controller,https://github.com/MetaMask/KeyringController/pull/296,devDeps: depcheck@^1.4.5->@^1.4.7,0,0.05,none,"This is a devDependency bump for depcheck to resolve a CVE in a build-time tool, not a fix to the wallet's own custody-relevant code.",dependency-supply-chain
lace,https://github.com/input-output-hk/lace/commit/963e9eac1e6ac473ab9db9b6eda2d2a1bca149ac,"fix: bump and dedupe vulnerable packages [LW-12987, LW-12986] (#1890)",0,0.25,none,"This is a dependency bump to remediate upstream CVEs in axios and openpgp, with a minor API adaptation in the wallet's PGP helper; per the threat model, bumping third-party dependencies is not a secur",dependency-supply-chain
leather,https://github.com/leather-io/extension/pull/5708,chore: force resolution of fast-xml-parser,0,0.15,none,"This is a forced dependency resolution bump of fast-xml-parser to patch a third-party CVE, not a fix to the wallet's own custody-relevant code.",dependency-supply-chain
leather,https://github.com/leather-io/extension/pull/3825,[Snyk] Security upgrade alpine from 3.15.3 to 3.15.8,0,0.05,none,"This is an automated Snyk base-image bump in the Dockerfile, not a fix to the wallet's own custody-relevant code.",dependency-supply-chain
ledger-live,https://github.com/LedgerHQ/ledger-live/commit/f83e878b806b7fa2abaf24caca7988dad6a27a19,Elrond fees to high warning (#1389),0,0.15,none,"Adds a UI warning when estimated fees exceed 10% of the transaction amount, which is a user-facing feature rather than a guard against fund/key/signing loss.",other
ledger-sdk,https://github.com/LedgerHQ/ledger-secure-sdk/commit/6ffd5da99d0855a19dd54b5e58d863c809968d3f,Add ML-DSA low-RAM optimization primitives,0,0.15,none,"This adds new ML-DSA low-RAM optimization primitives (compressed polynomial buffers, schoolbook multiplication, fused expansion) as a performance/feature addition for constrained firmware targets, not",other
liana,https://github.com/wizardsardine/liana/commit/65c9e389bb89197c2e9066b82789cec63b18d2d1,Cargo: bump rusqlite to 0.30,0,0.15,none,This is a third-party dependency bump (rusqlite/SQLite) with no changes to the wallet's own custody-relevant code.,other
librustzcash,https://github.com/zcash/librustzcash/commit/84ccf38bea0e368e195d9d637245f629eb1c5f16,Note Orchard soundness fix (GHSA-2x4w-pxqw-58v9) in CHANGELOGs,0,0.05,none,"This diff only adds CHANGELOG entries documenting an upstream Orchard soundness fix; it changes no wallet source code, key/signing paths, or validation logic.",other
librustzcash,https://github.com/zcash/librustzcash/commit/39201f8af78bd994ab7ca88626c7e9967be54d8e,"pczt: Add high-level Ironwood methods to the Signer, Verifier, and Updater",0,0.15,none,"This adds new high-level Ironwood signing/verifying/updating API methods mirroring existing Orchard methods — a feature addition, not a fix to an existing exploitable defect in key handling, signing, ",other
librustzcash,https://github.com/zcash/librustzcash/commit/5264dbc6be362b712de317a4f6d5c99817ceb54e,pczt: preverified signing parse for the low-level Signer,0,0.25,none,This is a performance/reliability optimization that skips expensive FVK derivation during signing (signatures remain byte-identical) and refactors parsing into a bounded loop to avoid stack overflow o,other
metamask-core,https://github.com/MetaMask/core/commit/60fd0bdf10ede323dc99448e34a87d6ce56aca6c,security: upgrade json5 (#1226),0,0.15,supply_chain,"This is a third-party dependency bump in yarn.lock for json5/minimist, which the rules explicitly classify as not a security fix since the wallet's own code has no defect.",other
metamask-mobile,https://github.com/MetaMask/metamask-mobile/commit/faa146dcfa1bf6f970834468715fd42f3d5e0ccb,fix: mm_pay_time_to_complete_s is logging incorrect (too low) values (#27862),0,0.05,none,"This change fixes a metrics timing calculation for mm_pay_time_to_complete_s telemetry and does not touch any key, signing, approval, or custody-relevant path.",other
metamask-mobile,https://github.com/MetaMask/metamask-mobile/commit/a8220d3d14eed968aa99bfc41ce9bccb266bcc9d,[FIX] Nonce Too Low for Approve Transaction (#5718),0,0.2,none,This fixes a 'nonce too low' transaction-failure UX bug by fetching the current network nonce when custom nonce display is enabled; a too-low nonce causes the transaction to be rejected by the network,other
metamask-mobile,https://github.com/MetaMask/metamask-mobile/commit/1f3a1a028205193d968938b7d65c6eec2ce5b5c7,fix: Nonce too low error on Approve ERC20 and ERC721 transactions (#6592),0,0.15,none,"This fixes a 'nonce too low' transaction broadcast failure by correcting a destructuring/property reassignment bug; a stale nonce causes the transaction to be rejected by the network, not loss of fund",other
metamask-mobile,https://github.com/MetaMask/metamask-mobile/commit/a6fa898d646f648d0a3f489c479b00b85526b884,fix: fix stuck after `nonce too low` error (#10049),0,0.05,none,"This is a UI flow fix that resets the send screen and pops navigation after a 'nonce too low' error to avoid a stuck state, with no custody-relevant key, signing, approval, or transport changes.",other
metamask-mobile,https://github.com/MetaMask/metamask-mobile/pull/16629,chore(runway): cherry-pick chore: bump pbkdf,0,0.15,none,"This is a third-party dependency bump (pbkdf2/react-native-crypto) to pick up an upstream advisory fix, with no change to the wallet's own code.",other
metamask-mobile,https://github.com/MetaMask/metamask-mobile/pull/7575,upgrade: react dev tools core,0,0.15,supply_chain,"This is a third-party dependency version bump for react-devtools-core, which the guidance explicitly classifies as not a security fix since the wallet's own code has no defect.",other
metamask-mobile,https://github.com/MetaMask/metamask-mobile/pull/7351,fix: Add chaijs/get-func-name resolution,0,0.15,supply_chain,"This is a yarn.lock resolution bumping a test-only chaijs utility dependency to fix a CI advisory, not a defect in the wallet's own custody-relevant code.",other
metamask-mobile,https://github.com/MetaMask/metamask-mobile/pull/4559,Add resolution for shell-quote & got,0,0.1,none,"The diff only bumps third-party dependencies via package resolutions, which is explicitly excluded from being a security fix in the threat model.",dependency-supply-chain
metamask-mobile,https://github.com/MetaMask/metamask-mobile/pull/4134,Feature/remove bitmask,0,0.05,none,"This is a CI/audit-script and dependency-version bump change (axios/follow-redirects) with no modification to wallet custody, signing, or key-handling code.",dependency-supply-chain
metamask-mobile,https://github.com/MetaMask/metamask-mobile/pull/3445,patch json schema via resolution,0,0.1,supply_chain,"This is a third-party dependency bump for a CVE, which the instructions explicitly classify as an ordinary change since the wallet's own code has no defect.",dependency-supply-chain
metamask-mobile,https://github.com/MetaMask/metamask-mobile/pull/1704,Use lodash@4.17.19,0,0.05,none,"This is a third-party dependency bump in yarn.lock; per the threat model, bumping a dependency (even for a CVE) is not a security fix in the wallet's own code.",dependency-supply-chain
metamask,https://github.com/MetaMask/metamask-extension/commit/5d2c4c143a2908313805cf6a1b28a4f4dfcc6b15,devdeps: mocha@7.2.0->9.2.2 (#18195),0,0.05,none,"This is a dev-dependency bump (mocha, eslint-plugin-mocha, ansi-regex) and corresponding LavaMoat policy updates; it touches only test/build tooling, not the wallet's runtime key, signing, or custody ",dependency-supply-chain
metamask,https://github.com/MetaMask/metamask-extension/commit/5cdc44494543a1362fb737f542c157930d5a2ec8,"fix(deps,cherry-pick): @solana/web3.js 1.91.6 (#24108)",0,0.15,none,"This is a third-party dependency bump in yarn.lock to address an upstream CVE, not a fix to the wallet's own custody-relevant code.",dependency-supply-chain
metamask,https://github.com/MetaMask/metamask-extension/commit/7ee9d5618d9fbc5a9b8c9184e03265c107705ecf,bump: lodash and lodash-es to fix audit (#41434),0,0.05,none,"This is a third-party dependency bump (lodash/lodash-es) to satisfy an audit, not a fix to the wallet's own custody-relevant code.",dependency-supply-chain
metamask,https://github.com/MetaMask/metamask-extension/commit/d50eaa49a9cab7b4da4622148774ff56587ab5e7,fix: audit in patched lodash and @babel/runtime cp-13.16.0 (#39573),0,0.15,none,"This is a third-party dependency bump (lodash and @babel/runtime) with regenerated patches, which the rules explicitly classify as non-security since the wallet's own code has no defect.",dependency-supply-chain
metamask,https://github.com/MetaMask/metamask-extension/pull/43511,release(runway): cherry-pick chore(43459): audit @grpc/grpc-js to 1.14.4,0,0.15,none,"This is a third-party dependency bump (@grpc/grpc-js) to address upstream CVEs, which the wallet's own code has no defect for.",dependency-supply-chain
metamask,https://github.com/MetaMask/metamask-extension/pull/43189,release(runway): cherry-pick bump(43178): audit react-router-dom cp-13.34.0,0,0.15,none,This is a third-party dependency bump for react-router-dom to pick up an upstream CVE fix; the wallet's own code has no defect here.,dependency-supply-chain
metamask,https://github.com/MetaMask/metamask-extension/pull/41792,release(runway): cherry-pick fix: audit follow-redirects,0,0.15,supply_chain,"This is a third-party dependency bump via Yarn resolution to address a CVE in follow-redirects; per the threat model, bumping a dependency is not a security fix because the wallet's own code has no de",dependency-supply-chain
metamask,https://github.com/MetaMask/metamask-extension/pull/40392,release(runway): cherry-pick chore: resolve audit of minimatch with ID: 1113459 cp-13.20.0,0,0.05,none,This change merely ignores a dev/build-time npm audit advisory for minimatch (ReDoS) that is not shipped to users and does not touch any wallet custody or signing code.,dependency-supply-chain
metamask,https://github.com/MetaMask/metamask-extension/pull/36608,release(runway): cherry-pick chore: update tar-fs to 2.1.4 cp-13.5.0 cp-13.4.1,0,0.15,supply_chain,"This is a third-party dependency version bump in yarn.lock, which the rules explicitly classify as not a security fix since the wallet's own code has no defect.",dependency-supply-chain
metamask,https://github.com/MetaMask/metamask-extension/pull/33995,fix: tiny-secp256k1 audit,0,0.35,none,"This is a third-party dependency version bump (tiny-secp256k1 1.1.6→1.1.7) to clear a yarn audit; per the triage rules, bumping a dependency is not a security fix even when the dep fixed a CVE, becaus",dependency-supply-chain
metamask,https://github.com/MetaMask/metamask-extension/pull/32183,chore: Ignore ses advisory GHSA-h9w6-f932-gq62,0,0.05,none,This PR merely adds an advisory ignore to CI config (.yarnrc.yml) for a ses advisory that the team explicitly verified does not affect the wallet; no wallet source code defect is being repaired.,other
metamask,https://github.com/MetaMask/metamask-extension/pull/28530,[cherry-pick] Update `cross spawn`,0,0.05,none,This is a third-party dependency bump for cross-spawn to address an advisory that the maintainers explicitly state does not impact their usage; the wallet's own code has no defect.,dependency-supply-chain
monero,https://github.com/monero-project/monero/commit/78b076c7f2731911346978fd5a481a82190b3b8e,Windows: enable high-entropy ASLR where available,0,0.2,other,Adding a linker flag for high-entropy ASLR is a general build hardening measure rather than a fix for a specific custody-relevant defect in the wallet's own code.,other
monero,https://github.com/monero-project/monero/commit/c2095fc27baa2a94589f01f3600c7ef0e392da4a,miner: use verification mode for low diff one block nonce searches,0,0.05,none,"This is a performance/testing optimization that switches to single-threaded block hash computation for low-difficulty mining, with no custody-relevant impact on keys, signing, or funds.",other
monero,https://github.com/monero-project/monero/commit/4e2b2b942daa4206ec44c66e59863670dfe3fde4,"low risk, potentially varint overflow bug patched thanks to BBR",0,0.25,other,"This is a protocol/consensus-level fix to transaction blob-size calculation in the cryptonote daemon's mempool code, not a custody-relevant change to wallet key/signing/approval paths.",other
monero,https://github.com/monero-project/monero/pull/7164,Update vers Ubuntu OpenSSL ZMQ ReadLine Cmake,0,0.05,none,"This is a Dockerfile build-environment update bumping base OS and third-party dependency versions, not a fix to the wallet's own custody-relevant code.",other
myetherwallet,https://github.com/MyEtherWallet/MyEtherWallet/commit/b7b63ec4e198ae2d7b34d2881f988d9286e1c956,fail build on high severe npm package vulnerability,0,0.2,supply_chain,"This is a CI/build hardening change that fails the build on high-severity npm vulnerabilities, not a fix to the wallet's own code or custody-relevant paths.",other
myetherwallet,https://github.com/MyEtherWallet/MyEtherWallet/pull/5326,"chore(deps): bump node-forge, @vue/cli-plugin-babel, @vue/cli-service, @vue/cli-plugin-eslint, @vue/cli-plugin-pwa and @vue/cli-plugin-unit-jest",0,0.05,none,"This is a routine dependency bump in package-lock.json (node-forge and Vue CLI plugins), not a fix to the wallet's own custody-relevant code.",dependency-supply-chain
myetherwallet,https://github.com/MyEtherWallet/MyEtherWallet/pull/5177,chore(deps): bump on-headers and compression,0,0.1,none,This is a routine third-party dependency bump in package-lock.json; the wallet's own code has no defect being repaired.,dependency-supply-chain
myetherwallet,https://github.com/MyEtherWallet/MyEtherWallet/pull/4777,"chore(deps): bump postcss, @vue/cli-service, postcss-import and postcss-url",0,0.05,none,"This is a routine third-party dependency bump in package-lock.json, which the threat model explicitly classifies as an ordinary change.",dependency-supply-chain
near-wallet,https://github.com/near/near-wallet/pull/1669,[Security] Bump ssri from 6.0.1 to 6.0.2,0,0.15,supply_chain,"This is an automated dependency version bump in yarn.lock, not a fix to the wallet's own code, so per the threat model it is an ordinary change.",other
near-wallet,https://github.com/near/near-wallet/pull/1263,[Security] Bump highlight.js from 10.4.0 to 10.4.1,0,0.05,none,"This is a third-party dependency bump for a syntax highlighting library, which the rules explicitly classify as non-security even if the dependency fixed a CVE.",other
onekey-app,https://github.com/OneKeyHQ/app-monorepo/commit/7ce4886c33c50a1f69b2bf5f80d7e02f7ec893cc,chore: add snyk policy to ignore glob CLI vulnerability CVE-2025-64756 (#9271),0,0.05,none,"This adds a Snyk policy file to ignore a CLI-only vulnerability in a third-party dependency, which does not fix any defect in the wallet's own custody-relevant code.",other
onekey-app,https://github.com/OneKeyHQ/app-monorepo/commit/8f65366d171e8c58969d9728659e9a09f1052dd9,"fix(send): high priority send UI fixes (OK-52548, OK-52679, OK-52553, OK-52676, OK-52680) (#11064)",0,0.15,none,"These are UI/UX fixes for the send flow (layout, false validation errors, display formatting, validation triggering) that do not address any path where an attacker could cause loss of funds, keys, or ",other
onekey-firmware,https://github.com/OneKeyHQ/firmware/commit/b4eaf7dbafbe66b8f0de1c6a292c7b4271b94697,timer: Fix non-critical integer overflow (#129),0,0.1,none,"The diff fixes a non-critical integer overflow in timer logic that only causes an early screen lock or skipped second, explicitly posing no threat to brute-force protection or key material.",other
openfort-js,https://github.com/openfort-xyz/openfort-js/pull/286,chore(deps): bump the npm_and_yarn group across 4 directories with 2 updates,0,0.05,none,"This is a routine dependency version bump for next and vitest in example apps and the SDK, with no changes to the wallet's own custody-relevant code.",other
rabby,https://github.com/RabbyHub/Rabby/commit/6551f8d1afefe44e74f70d63cc87be7a78a19cf0,feat: use warning for very low popularity dapps (#2958),0,0.1,none,"The diff bumps a dependency and fixes an L2 gas estimation condition, neither of which fixes a custody-relevant defect in the wallet's own code.",other
rainbow,https://github.com/rainbow-me/rainbow/pull/3071,the auditoooor,0,0.05,none,"This only updates an audit-ci CI config to allowlist an advisory ID, not a fix to wallet custody/signing/key code.",other
rainbowkit,https://github.com/rainbow-me/rainbowkit/pull/2328,fix: pin elliptic for GHSA-vjh7-7g9h-fjfh,0,0.3,none,"This is a third-party dependency version pin to mitigate an upstream CVE, and per the triage rules bumping a dependency (even one that fixed a CVE) is not a security fix in the wallet's own code.",other
reown-appkit,https://github.com/reown-com/appkit/commit/2a5cebff821aaadc607d14ec1480dfaa1f60ba96,fix: complete CVE-2025-55182 security fix for React and Next.js (#5390),0,0.15,supply_chain,"The diff only bumps third-party dependency versions (react, react-dom, next) in package.json files without changing the wallet's own code, which per the threat model is an ordinary dep bump even if th",other
reown-appkit,https://github.com/reown-com/appkit/pull/1397,fixed @babel/traverse vulnerability CVE-2023-45133,0,0.05,supply_chain,"This is a third-party dependency version bump in package-lock.json to address a CVE in @babel/traverse, not a fix to the wallet's own custody-relevant code.",other
safe-contracts,https://github.com/safe-fndn/safe-smart-account/commit/e9b7de97803ff287f218d055dd06fae31ccf251d,Bump undici (#906),0,0.05,none,"This is a third-party dependency version bump in package-lock.json; per the threat model, bumping a dependency—even one that fixed a CVE—is not a security fix because the wallet's own code has no defe",other
safe-wallet,https://github.com/safe-global/safe-wallet-monorepo/pull/5467,Chore(deps): Bump the npm_and_yarn group with 2 updates,0,0.05,none,"This is a routine dependency version bump in yarn.lock for @babel/helpers and @babel/runtime, not a change to the wallet's own custody-relevant code.",other
samourai,https://github.com/Samourai-Wallet/samourai-wallet-android/commit/5747dfd05ebade80ebb71678a9fe5cccc397ddd7,fix #199: validation checkbox not visible on low-res,0,0.05,none,"This is a UI layout change wrapping content in a ScrollView and fixing GridView height to ensure a checkbox is visible on low-res screens, with no custody or signing impact.",other
samourai,https://github.com/Samourai-Wallet/samourai-wallet-android/commit/2ff71ea5e190dc5739398e40436a892f5b9d8958,Fix #69: QRCode causes crash on low-res devices,0,0.05,none,"This change clamps QR code image width to a minimum of 150px to prevent a crash on low-resolution devices; it is a UI/display bug fix with no impact on key material, signing, or fund custody.",other
samourai,https://github.com/Samourai-Wallet/samourai-wallet-android/commit/0769ecc7e53de92345a750941ff8d9ce73a56c0b,"Fix #68: ""Restore backup"" buttons not visible on low-res devices",0,0.05,none,"This is a UI layout tweak reducing the number of lines in a backup text view so buttons fit on low-resolution screens, with no impact on key material, signing, or custody paths.",other
solana-web3js,https://github.com/solana-foundation/solana-web3.js/pull/3842,chore: bump the npm_and_yarn group across 1 directory with 5 updates,0,0.05,none,This is a routine dependency version bump in the lockfile with no changes to the wallet's own code.,other
sparrow,https://github.com/sparrowwallet/sparrow/pull/363,logback vuln,0,0.2,none,"This is a third-party dependency version bump in build.gradle; per the threat model, bumping a dependency—even one that fixed a CVE—is not a security fix because the wallet's own code has no defect.",other
specter,https://github.com/cryptoadvance/specter-desktop/commit/2c8e5533a0450322c90014a7cb15d0d27b854163,Patched Fix Electron vulnerable to out-of-package code execution when launched with arbitrary cwd (#2380),0,0.35,supply_chain,"This is a third-party dependency bump (electron 22.1.0 to 22.3.21) to pick up an upstream CVE fix, not a defect in the wallet's own code.",other
specter,https://github.com/cryptoadvance/specter-desktop/pull/2587,"chore: migrate PyInstaller 5.2 → 6.x, bump setuptools to 78.1.1",0,0.15,none,"This is a dependency migration (PyInstaller 5.2→6.x, setuptools bump) with CI/spec refactoring; the wallet's own custody-relevant code has no defect being repaired, and per the threat model dependency",other
specter,https://github.com/cryptoadvance/specter-desktop/pull/1671,security: fix minimist vulnerability,0,0.15,none,"This is a third-party dependency version bump (minimist ^1.2.5 → ^1.2.6) in lockfiles; per the threat model, bumping a dependency—even to fix a CVE—is not a security fix because the wallet's own code ",other
station,https://github.com/stationmoney/station-extension/pull/290,chore(deps): bump postcss and react-scripts,0,0.05,none,This is a routine dependency bump of postcss and react-scripts in package-lock.json; the wallet's own code has no custody-relevant defect being repaired.,other
station,https://github.com/stationmoney/station-extension/pull/44,"build(deps): bump json5, react-scripts and webpack",0,0.05,supply_chain,"This is a routine dependency version bump in package-lock.json (json5, react-scripts, webpack) with no changes to the wallet's own custody-relevant code.",other
station,https://github.com/stationmoney/station-extension/pull/24,build(deps): bump node-forge and react-scripts,0,0.05,none,"This is a third-party dependency bump in package-lock.json, which the threat model explicitly excludes as not a security fix.",other
status-desktop,https://github.com/status-im/status-app/pull/19240,chore(deps): bump on-headers and compression in /ui/app/AppLayouts/Wallet/services/dapps/sdk,0,0.05,none,"This is a third-party dependency version bump in package-lock.json, which the threat model explicitly classifies as an ordinary change regardless of upstream CVEs.",other
status-go,https://github.com/status-im/status-go/commit/9459dbb047d335093d15d1c2a3b8d430c32b8501,"test_: critical flow RecoverAndLogin with 12,15,24 words mnemonic",0,0.05,none,"This is a test-only change adding fixture accounts/mnemonics for functional tests, with no modification to wallet source code or custody-relevant logic.",other
status-go,https://github.com/status-im/status-go/pull/7037,chore: cleanup pip packages,0,0.05,none,"This is a dependency version bump in test-only requirements.txt, not a fix to the wallet's own custody-relevant code.",other
status-go,https://github.com/status-im/status-go/pull/5577,[Snyk] Security upgrade golang from latest to 1.23rc2,0,0.05,none,"This is an automated Snyk PR bumping a Docker base image in a vendored third-party library's Dockerfile, which does not touch any wallet custody/signing code.",other
status-go,https://github.com/status-im/status-go/pull/5450,[Snyk] Security upgrade alpine from 3.18 to 3,0,0.05,supply_chain,"This is an automated Docker base image bump from alpine:3.18 to alpine:3, not a fix to the wallet's own custody-relevant code.",other
status-go,https://github.com/status-im/status-go/pull/5055,[Snyk] Security upgrade golang from 1.14 to 1.22.2,0,0.05,none,"This is an automated Snyk PR bumping the Go base image version in a vendored dependency's Dockerfile, not a fix to the wallet's own custody-relevant code.",other
status-go,https://github.com/status-im/status-go/pull/4634,[Snyk] Security upgrade alpine from latest to 3.19.1,0,0.05,supply_chain,"This is an automated base-image bump in a vendored dependency's Dockerfile, not a fix to the wallet's own custody-relevant code.",other
status-mobile,https://github.com/status-im/status-legacy/commit/5e9738bb7de179ad95967b9e99eb35fe719cef0c,e2e refactoring: added test_deeplink_chat_profile medium group,0,0.05,none,This change only adds Appium end-to-end test cases and TestRail ID mappings for deeplink/chat/profile flows; it does not modify wallet source code or any custody-relevant path.,other
status-mobile,https://github.com/status-im/status-legacy/pull/12415,[Security] Bump tar from 4.4.13 to 4.4.15,0,0.05,none,"This is a third-party dependency bump in yarn.lock, which the threat model explicitly classifies as an ordinary change rather than a wallet security fix.",other
status-mobile,https://github.com/status-im/status-legacy/pull/12326,[Security] Bump react-native from 0.63.4 to 0.64.1,0,0.05,none,"This is a third-party dependency bump (react-native) to fix a ReDoS CVE, which the rules explicitly classify as an ordinary change since the wallet's own code has no defect.",other
status-mobile,https://github.com/status-im/status-legacy/pull/12168,[Security] Bump browserslist from 4.12.0 to 4.16.6,0,0.1,none,"This is a third-party dependency bump in yarn.lock, which is explicitly excluded from the custody threat model even if the dependency fixed a CVE.",other
status-mobile,https://github.com/status-im/status-legacy/pull/12099,[Security] Bump hosted-git-info from 2.8.8 to 2.8.9,0,0.1,none,"This is a third-party dependency version bump in yarn.lock, which the threat model explicitly classifies as an ordinary change rather than a wallet-code security fix.",other
sui,https://github.com/MystenLabs/sui/commit/7ebaecc69bb590916863234c5056bfbe20f3fe64,Fix React Router XSS vulnerability (GHSA-2w69-qvjg-hvjx) (#24996),0,0.35,platform,"This is a third-party dependency version bump via pnpm override to fix an upstream CVE, which the rules explicitly classify as not a security fix since the wallet's own code has no defect.",dependency-supply-chain
sui,https://github.com/MystenLabs/sui/commit/92bc40908e2cd3a35255295fcde7d897f6e45910,Fix pnpm audit high-severity vulnerabilities (#26053),0,0.05,none,"This is a third-party dependency bump via pnpm overrides to fix ReDoS CVEs, which the wallet's own code has no defect in and does not affect custody of funds, keys, or signing authority.",dependency-supply-chain
sui,https://github.com/MystenLabs/sui/commit/6215c4173bba8bd5fd2c06263a2668f7f0ffb63c,Fix CI failure by upgrading remove_dir_all to 0.8.0 (#8859),0,0.15,none,"This is a third-party dependency bump to satisfy a CI advisory, not a fix to the wallet's own custody-relevant code.",dependency-supply-chain
sui,https://github.com/MystenLabs/sui/commit/f06b189b280d11d0b9bdf99978bf775f35efef3d,chore: Update minimum rust version,0,0.2,none,"This is a toolchain version bump to avoid a CVE in the Rust standard library, not a fix to the wallet's own code.",dependency-supply-chain
sui,https://github.com/MystenLabs/sui/commit/6008325ca50660bca1362283d8eff4bf57539362,Wrap safety-critical modules in check_arithmetic! macro (#9966),0,0.25,none,"This is a preventive arithmetic-overflow hardening macro applied broadly to execution-path modules, not a targeted fix for a custody-relevant vulnerability in key/signing/approval/transport code.",other
sui,https://github.com/MystenLabs/sui/pull/5574,fix(deps): Upgrade sqlx and dependents to a patched version,0,0.15,none,"This is a third-party dependency bump to pull in a patched sqlx/libsqlite3-sys for CVE-2022-35737, not a fix to the wallet's own custody-relevant code.",dependency-supply-chain
thirdweb-contracts,https://github.com/thirdweb-dev/contracts/commit/17b047c0029096f5913f74ba7e29426d55329bd0,Fix critical pack vulnerability,0,0.15,none,"The diff only updates a compiled contract artifact (NFT.json bytecode), which is a build output rather than wallet source code, and does not touch any custody-relevant key, signing, approval, or trans",other
thirdweb-js,https://github.com/thirdweb-dev/js/pull/8825,build(deps): Bump the npm_and_yarn group across 1 directory with 7 updates,0,0.05,none,This is a routine third-party dependency version bump across package.json and lockfiles with no changes to the wallet's own custody-relevant code.,dependency-supply-chain
tonkeeper-web,https://github.com/tonkeeper/tonkeeper-web/commit/78173e92e0a0b63cff725cdc1a80f924579d8db3,fix(security): critical dependency updates and unmaintained library migrations,0,0.15,none,"This is a collection of dependency bumps (electron, vite, webpack, tough-cookie), polyfill library migrations (crypto-browserify to node-polyfill-webpack-plugin), and CI/build versioning changes — non",dependency-supply-chain
tonkeeper-web,https://github.com/tonkeeper/tonkeeper-web/pull/605,[WIP] Dependencies update,0,0.15,none,"This is a dependency-update PR bumping tough-cookie, Electron, and floating version pins; the wallet's own code has no defect, and per the threat model third-party dep bumps are not security fixes.",dependency-supply-chain
torus,https://github.com/torusresearch/torus-website/commit/6dbd8ef036e94d8c5fdf1a1c5e4e9dd405b73753,fix issue with storage on metadata nonce being low,0,0.2,none,"The diff only bumps third-party dependencies in package-lock.json (e.g., @tkey/core, @tkey/seed-phrase), which per the threat model is not a security fix in the wallet's own code.",dependency-supply-chain
trezor-connect,https://github.com/trezor/connect/commit/a4de06923b9ad08d1bd9be85be9af389f0507fa2,chore: bump ssri,0,0.05,none,"This is a third-party dependency bump in yarn.lock, which the rules explicitly classify as an ordinary change rather than a wallet security fix.",dependency-supply-chain
trezor-suite,https://github.com/trezor/trezor-suite/pull/27112,chore(deps): bump minimatch to fix ReDoS in 5.x/7.x/9.x,0,0.1,none,"This is a third-party dependency bump in the lockfile to fix a ReDoS CVE in minimatch, which does not touch the wallet's own custody-relevant code.",dependency-supply-chain
trezor-suite,https://github.com/trezor/trezor-suite/pull/26909,chore(protobuf): update protobufjs lib,0,0.05,none,"This is a third-party dependency bump (protobufjs) to address a CVE that the wallet itself is not affected by, and the wallet's own code has no defect.",dependency-supply-chain
tron-wallet-cli,https://github.com/tronprotocol/wallet-cli/commit/f487e6b7142f9267a6bca05a4d1c020570917d59,"fix(cli): resolve HIGH audit findings — ABI NPE, tokenId bugs, JSON mode stdout pollution",0,0.2,other,"The changes are primarily robustness and error-handling improvements for a CLI tool (e.g., fixing NPEs, adding try-catch, validating numeric input), which do not directly protect against fund loss, ke",other
uniswap-interface,https://github.com/Uniswap/interface/commit/5d2254be27013b12be46dd744e56e35fb7e6c2a7,fix: searchbar showing incorrect spacing at medium size (#6637),0,0.02,none,"This is a UI/styling fix for searchbar spacing and blur at medium breakpoints plus a refactor of media-query hooks and tests; it touches no key, signing, approval, transport, or custody-relevant code.",other
web3js,https://github.com/web3/web3.js/pull/3731,update sublibrary elliptic for CVE-2020-13822,0,0.15,none,"This is a third-party dependency bump in package-lock.json for a CVE in the elliptic library, which the guidelines explicitly classify as not a security fix since the wallet's own code has no defect.",dependency-supply-chain
web3py,https://github.com/ApeWorX/web3.py/pull/2664,[WIP] Unpin ``protobuf``. The bug has been fixed on their end.,0,0.1,none,"This is a third-party dependency version bump/unpinning in setup.py, which is explicitly not a security fix for the wallet's own code.",dependency-supply-chain
webauthn4j,https://github.com/webauthn4j/webauthn4j/commit/b59a9ed12497a61a30729c79c494030df521d6a6,Fix for CVE-2019-12086,0,0.1,none,"This is a third-party dependency version bump to mitigate a CVE, which the threat model explicitly classifies as an ordinary change rather than a security fix in the wallet's own code.",dependency-supply-chain
webauthn4j,https://github.com/webauthn4j/webauthn4j/commit/7c1aa4050c91a120522a5caa7269fc3c54038274,Update Jackson-databind to avoid CVE-2019-14439,0,0.15,none,This change merely adds CVE suppressions to an OWASP dependency-scan config file; it does not modify wallet source code or fix any custody-relevant defect.,other
yoroi,https://github.com/Emurgo/yoroi-frontend/pull/1995,[Security] Bump jspdf from 1.5.3 to 2.3.1 in /packages/yoroi-extension,0,0.05,none,"This is a third-party dependency bump for a ReDoS CVE, which the threat model explicitly excludes as an ordinary change since the wallet's own code has no defect.",dependency-supply-chain
zcash,https://github.com/zcash/zcash/commit/ee0a3b3320ee41c0b1a7faf065c86cd340cbe031,qa: Add shielded balance accounting tests for GHSA-g4x5-crjh-29ff,0,0.15,none,"This diff only adds QA regression/characterization test scripts for an existing GHSA fix; no wallet source code is changed, so it is a test-only change.",other
zcash,https://github.com/zcash/zcash/commit/5ac61593e23079ed28ca9528c5989594efb534c3,refactor: Factor out CheckBlockMerkleRoot from CheckBlock.,0,0.05,none,"This is a pure refactor extracting existing Merkle root validation into a reusable static function with no behavioral change, and it concerns protocol consensus logic rather than wallet custody paths.",other
zcash,https://github.com/zcash/zcash/commit/8f69946f2eee3501cd8241d3e7e325b7bb53998b,doc: Prove that the Merkle mutation check is sufficient (CVE-2012-2459).,0,0.05,none,"The diff only replaces a code comment with an informal proof; no executable logic, guards, or validation are changed.",other
zcash,https://github.com/zcash/zcash/commit/78de0cdf46cead9e08e3d95db67643c2a894c15d,"Auto merge of #5026 - str4d:bloom-filter-backports, r=str4d",0,0.25,dos,"The diff backports bloom filter refactoring and fixes a divide-by-zero (CVE-2013-5700) reachable from malicious peers, but this is a DoS crash that does not leak key material, cause unauthorized signi",other
zcash,https://github.com/zcash/zcash/commit/41b28420d29d58079d24f989a41aa61218f31f38,devtools: Check for high-entropy ASLR in 64-bit PE executables,0,0.15,none,"This is a build-time devtool script that checks PE executable ASLR flags; it does not touch wallet runtime custody, key, or signing paths.",other
zcash,https://github.com/zcash/zcash/commit/d6ee9a48379bcc1289302df69cb041b118b7d923,qa: Add regression test for GHSA-78pp-mc9g-g4mw,0,0.15,none,"This is a test-only change adding a regression test for a protocol-level DoS (unbounded block re-write), which does not affect key material, signing authority, or fund custody under the stated custody",other
zcash,https://github.com/zcash/zcash/pull/6233,CVE-2007-4559 Patch,0,0.15,none,"The patch fixes CVE-2007-4559 path traversal in Python's tarfile, but only within a test script (qa/rpc-tests/upgrade_golden.py), not in wallet production code handling custody, keys, or signing.",other
eclair,https://github.com/ACINQ/eclair/pull/1666,Fix HTLC fulfill race condition in integration spec,0,0.05,none,"The diff only modifies test files to fix a race condition in the integration test's state extraction logic, not a vulnerability in the wallet's production custody or signing code.",state-race-concurrency
wasabi,https://github.com/WalletWasabi/WalletWasabi/pull/6310,Safe app init & dispose,0,0.25,other,"This adds an async lock to serialize initialization and disposal of the wallet's Global component, fixing a lifecycle race condition that could cause crashes or undefined state, but it does not direct",state-race-concurrency
