source_url,silent_fix_prob,is_security_fix,vuln_class,reason
https://github.com/eth-infinitism/account-abstraction/pull/257,0.620,1,contract,"Adds a reentrancy guard closing an attacker-triggerable recursive handleOps path in the ERC-4337 EntryPoint that let crafted UserOps corrupt event attribution relied on by bundlers and wallet UIs, tho"
https://github.com/eth-infinitism/account-abstraction/commit/4063d8178f521414b312d3b6df3650439cf235f8,0.050,0,none,"PR adds a delegateAndRevert simulation helper feature to the 4337 EntryPoint and the shown diff is only a regenerated gas-benchmark report, with no defect repaired."
https://github.com/eth-infinitism/account-abstraction/pull/399,0.080,0,none,Refactor of senderCreator to an immutable member for gas savings with a simulation-compatibility shim; no validation added or exploitable defect removed.
https://github.com/eth-infinitism/account-abstraction/pull/184,0.920,1,signing,"Adds chainId, paymaster address, per-sender nonce and expiry to the signed hash, fixing a signature replay flaw that let one paymaster signature be reused across chains and repeatedly to drain sponsor"
https://github.com/alchemyplatform/modular-account/pull/25,0.850,1,contract,"Fixes Quantstamp-reported reentrancy in modular smart account plugin uninstallation by deleting plugin storage before external calls, preventing a malicious plugin from reentering with stale permissio"
https://github.com/alchemyplatform/modular-account/pull/238,0.030,0,none,CI/test-only change that skips fuzz tests during coverage collection and renames two test functions; no wallet source or custody-relevant code is modified.
https://github.com/alchemyplatform/modular-account/pull/219,0.080,0,none,"Gas/memory optimization refactor of hook management in an ERC-6900 modular account (struct removal, slot packing, trimmed vendored library) with no guard added or exploitable condition removed."
https://github.com/AlphaWallet/alpha-wallet-android/pull/3315,0.080,0,none,"NPE/lifecycle crash guards (null checks after tx already written) plus a Hilt dependency bump — no reachable loss of funds, keys, or signing authority."
https://github.com/AlphaWallet/alpha-wallet-android/pull/3241,0.200,0,none,"Three crash fixes (null checks and foreground-service API compliance); the worst attacker-reachable outcome is a WalletConnect-triggered app crash, with no path to funds, keys, or signing authority."
https://github.com/AlphaWallet/alpha-wallet-android/pull/2997,0.300,0,none,"Removes a redundant hex-to-UTF8 conversion that crashed the sign-message preview widget; worst case is a UI crash on a malicious sign request, with no path to funds, key material, or an unintended sig"
https://github.com/AlphaWallet/alpha-wallet-android/pull/3011,0.100,0,none,Feature adding opt-out toggles for analytics/crash reporting; a privacy enhancement with no custody-relevant defect repaired.
https://github.com/AlphaWallet/alpha-wallet-android/pull/3069,0.050,0,none,"Fixes a RecyclerView stable-ID crash and swipe-undo bookkeeping in the token list UI; no custody-relevant path (keys, signing, approvals, transport) is touched."
https://github.com/AlphaWallet/alpha-wallet-android/pull/2897,0.030,0,none,Replaces an unsupported radial gradient with a solid color in a drawable XML to fix a pre-Android 10 UI crash — a rendering compatibility fix with no custody-relevant surface.
https://github.com/AlphaWallet/alpha-wallet-android/pull/2909,0.600,1,dos,"Catches an exception when parsing attacker-controlled NFT bgColor metadata, fixing a remotely triggerable app crash (DoS) with no funds/key/signing impact."
https://github.com/AlphaWallet/alpha-wallet-android/pull/2911,0.650,1,dos,"Fixes NPE crashes in the WebView signing bridge and EthereumMessage that any malicious dapp can trigger with null/malformed sign-request input — a remotely reachable DoS in the signing path, though no"
https://github.com/AlphaWallet/alpha-wallet-android/pull/2701,0.250,0,none,"Adds a null/empty guard to fix an NPE crash when rendering token names from metadata — attacker-reachable at worst as an app crash, with no impact on keys, signing, approvals, or what the user authori"
https://github.com/AlphaWallet/alpha-wallet-android/pull/2667,0.300,0,none,"Fixes an NPE crash on QR parse by defaulting protocol to empty string and showing a scan error; worst case is an attacker-triggered app crash (DoS) with no path to funds, keys, or signing authority."
https://github.com/AlphaWallet/alpha-wallet-android/pull/2680,0.050,0,none,Try/catch around a toolbar-title update to suppress a UI IndexOutOfBounds crash; no custody-relevant subsystem or attacker-reachable path involved.
https://github.com/AlphaWallet/alpha-wallet-android/pull/2634,0.050,0,none,Ordinary stability fix closing leaked Realm instances in the gas settings UI on teardown; no custody-relevant subsystem or attacker-reachable path is involved.
https://github.com/AlphaWallet/alpha-wallet-android/pull/2569,0.100,0,none,"Lifecycle crash fix in activity-history UI (Realm closed-state guard, dead-code removal); no custody-relevant path or untrusted-input trigger."
https://github.com/AlphaWallet/alpha-wallet-android/pull/2093,0.050,0,none,"One-line null-safety fix preventing an NPE crash when the saved favourites JSON is null; local benign state in dapp-browser UI utilities with no path to funds, keys, or signing."
https://github.com/AlphaWallet/alpha-wallet-android/pull/1957,0.050,0,none,"Null-check and Realm listener cleanup in Android UI code fixing NPE crashes, with no custody-relevant subsystem or attacker-controlled trigger involved."
https://github.com/AlphaWallet/alpha-wallet-android/pull/1741,0.120,0,none,"Batch of Firebase-crash fixes (null guards, lifecycle cleanup, Rx error handler) that prevent NPEs and listener leaks; the signing-adjacent edits change no signing, approval, or display semantics."
https://github.com/AlphaWallet/alpha-wallet-android/pull/1342,0.080,0,none,"Null-check to gracefully finish the address-display activity instead of crashing; a UI stability fix with no path to funds, key material, or signing authority."
https://github.com/AlphaWallet/alpha-wallet-android/pull/1368,0.050,0,none,Adds equals()/hashCode() to a Realm migration class to satisfy the library's configuration-equality contract and stop a spontaneous restart crash — a reliability fix with no attacker-reachable path to
https://github.com/AlphaWallet/alpha-wallet-android/pull/925,0.120,0,none,"Null-check fix for a Crashlytics-reported NPE in token-list weighting UI code; worst case is an app crash with no path to funds, keys, or signing authority."
https://github.com/AlphaWallet/alpha-wallet-android/pull/926,0.120,0,none,"Guards against an NPE crash when a token's symbol is null/empty in the send-screen label; a UI robustness fix with no path to funds, keys, or signing authority."
https://github.com/AlphaWallet/alpha-wallet-android/pull/934,0.350,0,dos,"Wraps TokenScript result parsing in try/catch to stop a malformed-hex crash from hostile token/RPC data — an availability fix in display-layer code with no path to funds, keys, or signing authority."
https://github.com/AlphaWallet/alpha-wallet-android/pull/878,0.100,0,none,"Adds a null guard to stop a crashlytics-reported NPE when a token lacks a TokenScript definition — a stability fix in token-metadata handling with no path to keys, signing, or funds beyond at worst a "
https://github.com/AlphaWallet/alpha-wallet-android/pull/757,0.050,0,none,"One-line null check fixing an Android lifecycle race where a delayed ticker API callback NPE'd a destroyed activity — a UI crash fix with no path to funds, keys, or signing authority."
https://github.com/AlphaWallet/alpha-wallet-android/pull/697,0.250,0,none,"Wraps a base64 decode in a try/catch to stop an app crash on non-magic-link URLs — an untrusted-input robustness fix with worst case a nuisance crash, no reachable funds, keys, or signing authority."
https://github.com/AlphaWallet/alpha-wallet-android/pull/512,0.100,0,none,"Null-check added to prevent a Crashlytics-reported NPE in the wallet UI's token list on resume; no path to funds, key material, or signing authority — an ordinary crash/stability fix."
https://github.com/AlphaWallet/alpha-wallet-android/pull/511,0.120,0,none,"Null-check fix for a Crashlytics NPE crash in the token-import UI flow; worst case is a crash with no reachable path to funds, key material, or signing authority."
https://github.com/AlphaWallet/alpha-wallet-android/pull/491,0.050,0,none,"Null-check guard fixing a Fabric-reported NPE crash when adding a bookmark in the dapp browser UI; no custody-relevant path to funds, keys, or signing authority."
https://github.com/AlphaWallet/alpha-wallet-android/pull/456,0.050,0,none,"UI-only fix for a transaction-list crash and date-header timezone display; no custody-relevant path (keys, signing, approvals, transport) is touched."
https://github.com/AlphaWallet/alpha-wallet-android/commit/10dca75c3a58675a598079801f5a88ba3b501565,0.100,0,none,"Removes a padding call in a TextInputLayout widget to stop a view-inflate NPE crash on the backup screen — a UI stability fix with no impact on keys, signing, or approvals."
https://github.com/AlphaWallet/alpha-wallet-android/pull/196,0.150,0,none,"Fixes an NPE/crash and locale-matching bug in token-name XML parsing and display; a UI robustness fix with no reachable impact on funds, keys, or signing authority."
https://github.com/AlphaWallet/alpha-wallet-android/pull/222,0.030,0,none,"One-line Android API-level check correction in tab UI styling code fixing a crash/font issue, with no custody-relevant subsystem or untrusted-input guard involved."
https://github.com/AlphaWallet/alpha-wallet-android/pull/260,0.050,0,none,"Reorders setContentView/findViewById in onCreate to fix a null-view NPE crash in ticket sell/transfer screens — an ordinary UI lifecycle bug with no impact on keys, signing, approvals, or attacker-rea"
https://github.com/AlphaWallet/alpha-wallet-android/pull/210,0.120,0,none,"Fixes a QR-scan NPE crash and a camera-permission callback hang in wallet UI — a reliability bug with no path to funds, key material, or signing authority."
https://github.com/AlphaWallet/alpha-wallet-android/pull/2028,0.050,0,none,Removes an unused dependency and disposes an RxJava subscription in onCleared() to fix a memory leak — lifecycle/resource cleanup with no custody-relevant guard or attacker-reachable defect.
https://github.com/AlphaWallet/alpha-wallet-android/pull/2030,0.080,0,none,"Android lifecycle/memory-leak refactor (fragment callbacks → FragmentResult API, adapter cleanup) in dapp-browser UI with no added guard or custody-relevant defect repaired."
https://github.com/AlphaWallet/alpha-wallet-android/commit/33415270e41192c66bd072457ebe4fa91bae52dd,0.050,0,none,Adds onCleared() disposal of RxJava subscriptions to fix a LeakCanary-reported memory leak in the wallet list ViewModel — lifecycle/resource hygiene with no custody-relevant guard or exploitable path.
https://github.com/AlphaWallet/alpha-wallet-android/pull/3301,0.120,0,none,"Null-guard fixes for a UI race condition (NPE crash) in the NFT detail screen and attestation lookup, with no change to key, signing, approval, or transport logic."
https://github.com/AlphaWallet/alpha-wallet-android/pull/3283,0.600,1,signing,"Fixes a race in SignDialogViewModel where the sign dialog could resolve and sign with the default wallet instead of the requested account (removed TODO admits signing on default wallet), so signatures"
https://github.com/AlphaWallet/alpha-wallet-android/pull/1234,0.100,0,none,Adds a semaphore to fix a benign app-restart race in token-card display plus code refactoring; no untrusted-input path or key/signing/approval surface is affected.
https://github.com/AlphaWallet/alpha-wallet-ios/commit/3d72096d9b1ef74171160472175f98ef9848a925,0.100,0,none,"CODEOWNERS-only change adding reviewers for key-backup files; process hardening, no code defect fixed."
https://github.com/AlphaWallet/alpha-wallet-ios/commit/c669c608555d187c7d1c73456843cbaf1a61edd4,0.200,0,none,Pure third-party dependency bump (package.json/yarn.lock) addressing upstream CVEs in tooling deps; no defect in the wallet's own custody-relevant code is repaired.
https://github.com/AlphaWallet/alpha-wallet-ios/commit/6a2abdefa49b34632e90bf571e1c0de008fb1348,0.150,0,none,"Third-party dependency bump (rubyzip 1.2.3→1.3.0 for CVE-2019-16892, a DoS issue); no defect in the wallet's own code and no custody-relevant path touched."
https://github.com/AlphaWallet/alpha-wallet-ios/commit/31a75899f11213ae47318e756ec3c7347bcd8915,0.120,0,none,Dependency bump of ansi-regex to 5.0.1 for CVE-2021-3807 (ReDoS in a third-party dep); no wallet-code defect and no custody-relevant path is touched.
https://github.com/AlphaWallet/alpha-wallet-ios/commit/78337559698daa20afa539e288bb6854b4440ae6,0.300,0,none,"Dependency bump pinning set-value to 4.0.1 for CVE-2021-23440; a vendor dep update with no defect in the wallet's own code, which the rubric classifies as ordinary."
https://github.com/AlphaWallet/alpha-wallet-ios/commit/d21d0c60f1fb9939e0d3e3109b728e82148d69e3,0.120,0,none,Build-toolchain dependency bump (addressable gem 2.6→2.8 in Gemfile) addressing an upstream ReDoS CVE; no wallet source code changed and no custody-relevant path is involved.
https://github.com/AlphaWallet/alpha-wallet-ios/commit/2a2b155ca098d6b4bf651ae78df5388cfb1985c6,0.200,0,none,Third-party dependency bump (y18n 4.0.0→4.0.1 for CVE-2020-7774) touching only package.json/yarn.lock; no defect in the wallet's own code and no custody-relevant path.
https://github.com/AlphaWallet/alpha-wallet-ios/commit/05ec62ec1d67ae4e86a19b0c26caa31ca947dc25,0.120,0,none,Dependency bump (ssri 6→8 for CVE-2021-27290 ReDoS) in package.json/yarn.lock only; no wallet-code defect and no custody-relevant path touched.
https://github.com/AlphaWallet/alpha-wallet-ios/commit/ecd8ff9ee9cf4af17fd05cc9201d529a06b65b03,0.120,0,none,Dependency bump of the excon gem (a fastlane build-tooling dependency) to address a GHSA in the third-party library; no defect in the wallet's own custody-relevant code is repaired.
https://github.com/AlphaWallet/alpha-wallet-ios/commit/156f79e132a16d9b516d72b3dacad0ccbc8137ad,0.120,0,none,Dev-only dependency bump (npm ^6→^8) to avoid a CVE in transitive 'got'; no wallet-code defect is repaired and no custody-relevant path is reachable.
https://github.com/AlphaWallet/alpha-wallet-ios/commit/d9ba813a04df82449c9d7fbc8e9b30c4bf6b456b,0.200,0,none,Dependency version bump of cocoapods-downloader in Gemfile/Gemfile.lock to pick up upstream CVE fixes; no defect in the wallet's own code and no custody-relevant path touched.
https://github.com/AlphaWallet/alpha-wallet-ios/commit/6acf3ecf3e4194fe5ad182be05869d8604b5f50d,0.200,0,none,"Pure third-party dependency version bump (node-fetch, minimist) in package.json/yarn.lock with no change to the wallet's own code, which the rubric classifies as ordinary maintenance rather than a cus"
https://github.com/AlphaWallet/alpha-wallet-ios/commit/1b48d7609f9916beb169287a9e82abf1317a3cf7,0.120,0,none,"Dependency bump of parse-link-header for a ReDoS CVE — no wallet-code defect and no custody impact, which the rubric classifies as an ordinary change."
https://github.com/AlphaWallet/alpha-wallet-ios/commit/8efb9dced8c472e8361b86eebc16f8a636c10490,0.200,0,none,Third-party dependency version bump (json-schema 0.2.3→0.4.0 for upstream CVE-2021-3918); no defect in the wallet's own code is repaired.
https://github.com/AlphaWallet/alpha-wallet-ios/commit/a906980ed2f91e4794fc8d7b25d4e2bead39132e,0.200,0,none,Pure third-party dependency bump (jsonpointer 4.x to 5.0.0 for upstream CVE-2021-23807) with no change to the wallet's own code and no demonstrated custody-relevant defect.
https://github.com/AlphaWallet/alpha-wallet-ios/pull/7085,0.150,0,none,"Crash fix for fetcher deallocation on chain disable plus tolerant handling of null-id RPC batch errors; no path to funds, keys, or signing authority."
https://github.com/AlphaWallet/alpha-wallet-ios/pull/7062,0.080,0,none,"Converts a UI identicon generator class to a Swift actor to fix a data-race crash in the wallet list view — a thread-safety stability fix with no reachable impact on keys, signing, approvals, or trans"
https://github.com/AlphaWallet/alpha-wallet-ios/pull/6916,0.100,0,none,"Removes a dispatch queue to fix a threading crash in NFT metadata fetching; no custody-relevant guard or validation change, availability impact only."
https://github.com/AlphaWallet/alpha-wallet-ios/commit/3d2933ab3959bbca3b3822395590ded627b6d205,0.300,0,none,"Throttles/serializes Combine UI updates to fix a race-condition crash in the token list; deeplink-triggered but worst case is a transient app crash with no impact on keys, signing, or funds."
https://github.com/AlphaWallet/alpha-wallet-ios/pull/6855,0.350,0,dos,"Adds a bounds guard so malformed/empty attestation schemas (e.g. from a hostile QR/magic link) no longer crash the parser — a nuisance crash fix with no reachable impact on funds, keys, or signing aut"
https://github.com/AlphaWallet/alpha-wallet-ios/pull/6836,0.150,0,none,"One-line dedup of transaction rows fixing a UI crash in the read-only history list; worst case is an app crash from duplicate RPC data, with no path to funds, keys, or signing authority."
https://github.com/AlphaWallet/alpha-wallet-ios/pull/6828,0.120,0,none,"Deduplicating localizedOperations only fixes a UI crash when building a datasource snapshot; no custody-relevant path (keys, signing, approvals, transport) is affected."
https://github.com/AlphaWallet/alpha-wallet-ios/pull/6716,0.250,0,none,"Widening v from UInt8 to BigUInt fixes a Swift overflow trap (crash) when signing on high-chainID networks; the overflow trapped before any signature was produced, so no wrong signature, key exposure,"
https://github.com/AlphaWallet/alpha-wallet-ios/pull/6789,0.050,0,none,"Deduplicates internally generated log messages to fix a UIKit diffable-data-source crash on the debug console screen, with no custody-relevant subsystem or attacker-controlled input involved."
https://github.com/AlphaWallet/alpha-wallet-ios/pull/6451,0.030,0,none,iPad UIAlertController presentation-style fix for a UI crash in buy/swap service pickers; no untrusted-input path and no custody-relevant subsystem involved.
https://github.com/AlphaWallet/alpha-wallet-ios/pull/6299,0.080,0,none,"Crash fix and refactor of balance/token view-model hashing and dependency injection in display-layer code; no guard added and no path to funds, keys, or signing authority."
https://github.com/AlphaWallet/alpha-wallet-ios/pull/6252,0.100,0,none,"Swapping .sink/cancellable storage for .sinkAsync fixes a Combine lifecycle crash in transaction-history fetching, with no custody-relevant guard added or key/signing path involved."
https://github.com/AlphaWallet/alpha-wallet-ios/pull/5964,0.050,0,none,"Adds an opt-out settings toggle and UI for Firebase crash reporting (default on) — a privacy preference feature, not a repair of any defect in key, signing, approval, or transport paths."
https://github.com/AlphaWallet/alpha-wallet-ios/pull/6250,0.150,0,none,"Fixes a Combine cancellable lifecycle bug causing an EXC_BAD_ACCESS crash in background token/transaction sync; no keys, signing, approvals, or untrusted-input-to-custody path involved."
https://github.com/AlphaWallet/alpha-wallet-ios/pull/5896,0.120,0,none,"One-line AnyObject protocol constraint fixing a crash in TokenScript asset-definition storage; no custody-relevant guard or exploitable condition, just a Swift class-binding stability fix."
https://github.com/AlphaWallet/alpha-wallet-ios/pull/6007,0.080,0,none,Removes a private DispatchQueue to simplify threading and fix a crash in a block-timestamp fetcher; no custody-relevant subsystem (keys/signing/approval/transport) is touched and no guard or validatio
https://github.com/AlphaWallet/alpha-wallet-ios/pull/6021,0.550,1,dos,Adds isValidJSONObject guard so malformed RPC-node responses throw instead of hard-crashing via JSONSerialization's NSException — a remotely-reachable DoS fix with no funds/key/signing impact.
https://github.com/AlphaWallet/alpha-wallet-ios/pull/6296,0.120,0,none,"Refactor of NFT collection UI to avoid an index-out-of-range crash on undecodable NFT JSON — an availability/stability fix with no impact on keys, signing, approvals, or transport."
https://github.com/AlphaWallet/alpha-wallet-ios/pull/5929,0.150,0,none,"Fixes an Int.max overflow crash in amount-display formatting triggered by the user's own text input — a self-DoS with no path to funds, keys, or signing authority."
https://github.com/AlphaWallet/alpha-wallet-ios/pull/5563,0.100,0,none,"Refactors static Apollo GraphQL client/store into injected instances to fix a bad-access crash in the Enjin NFT metadata provider; no guard added and no key, signing, approval, or transport path affec"
https://github.com/AlphaWallet/alpha-wallet-ios/pull/5339,0.150,0,none,Replaces a Dictionary(uniqueKeysWithValues:) that trapped on duplicate activity ids with a tolerant loop — a crash fix in the activity-feed display layer with no custody impact.
https://github.com/AlphaWallet/alpha-wallet-ios/pull/5458,0.100,0,none,"Replaces a force-unwrap with an optional switch to fix a nil-crash in chain settings enumeration; a safe-abort availability bug with no path to funds, keys, or signing authority."
https://github.com/AlphaWallet/alpha-wallet-ios/commit/43e56655356615f7851cdcb71d8c3a82e3359e7a,0.250,0,none,"Fixes a UInt64 overflow crash in ERC-1155 token-id block-range calculation; worst case is an app crash from odd RPC data, with no path to funds, keys, or signing authority."
https://github.com/AlphaWallet/alpha-wallet-ios/pull/5564,0.030,0,none,Adds a test-only Firebase config plist and disables Crashlytics collection during tests — pure test/CI tooling with no custody-relevant code touched.
https://github.com/AlphaWallet/alpha-wallet-ios/pull/5292,0.050,0,none,Fixes a deterministic nil force-unwrap crash by loading a bundled JSON resource from the correct module bundle; no custody-relevant subsystem or untrusted-input path involved.
https://github.com/AlphaWallet/alpha-wallet-ios/pull/5771,0.080,0,none,"Capture-list change fixing a Swift exclusive-access crash on launch in TokenScript file bookkeeping; a stability fix with no path to keys, signing, or funds."
https://github.com/AlphaWallet/alpha-wallet-ios/pull/5321,0.150,0,none,"Thread-safety refactor (AtomicDictionary/ThreadSafe wrappers) fixing a data-race crash in TokenScript XML handling, with no change to validation, signing, or custody logic."
https://github.com/AlphaWallet/alpha-wallet-ios/pull/5299,0.050,0,none,"Fixes a nil force-unwrap crash loading a bundled known-tokens JSON after modularization moved the resource; local, non-attacker-controlled input with no custody impact."
https://github.com/AlphaWallet/alpha-wallet-ios/pull/5120,0.150,0,none,"Thread-safety refactor fixing an index-out-of-range crash in the display-only activity feed; no key, signing, approval, or transport path is affected."
https://github.com/AlphaWallet/alpha-wallet-ios/pull/5322,0.120,0,none,"Thread-safety refactor of a generic Subscribable/observer utility to fix an internal crash; no custody-relevant subsystem (keys, signing, approvals, transport) or attacker-controlled path is involved."
https://github.com/AlphaWallet/alpha-wallet-ios/pull/5352,0.150,0,none,"Replaces a crashing dictionary access with a thrown error when the selected RPC server has no session — a stability/refactor fix where the pre-fix behavior fails closed (app crash), with no path to fu"
https://github.com/AlphaWallet/alpha-wallet-ios/pull/5185,0.050,0,none,"Main-thread dispatch fix for a Realm threading crash in the swap token-picker UI, triggered by normal user interaction with no path to keys, signing, or funds."
https://github.com/AlphaWallet/alpha-wallet-ios/pull/5086,0.080,0,none,"Concurrency/lifecycle crash fix for a locally-triggered wallet-deletion crash; no untrusted-input path and no impact on keys, signing, or approvals."
https://github.com/AlphaWallet/alpha-wallet-ios/pull/5105,0.150,0,none,"Deduplicates activity IDs to stop a UI-layer duplicate-key crash in the activity feed; at worst an availability nuisance with no path to funds, keys, or signing authority."
https://github.com/AlphaWallet/alpha-wallet-ios/pull/4792,0.050,0,none,"Adds a guard to skip a hardcoded token auto-import when mainnet is disabled, fixing a self-inflicted configuration crash with no attacker-reachable path to funds, keys, or signing."
https://github.com/AlphaWallet/alpha-wallet-ios/pull/4564,0.050,0,none,"Fixes a Realm primary-key duplication crash during bookmark/history database migration, triggered by the user's own local data with no path to funds, key material, or signing authority."
https://github.com/AlphaWallet/alpha-wallet-ios/pull/4858,0.120,0,none,"Adds image-cache size limits and downsampling to fix an OOM crash while scrolling the wallet tab — a performance/stability fix with no impact on keys, signing, approvals, or any custody-relevant path."
https://github.com/AlphaWallet/alpha-wallet-ios/commit/f3ca2bc78a7803f1eb6af6aaaafc19394eeb1cc2,0.300,0,none,"Converts a crash on user-entered invalid private key import into a graceful error; the input is self-supplied, no attacker-reachable path, and no funds, key material, or signing authority were at risk"
https://github.com/AlphaWallet/alpha-wallet-ios/pull/4610,0.120,0,none,"Replaces non-thread-safe static token-list state with atomic collections to fix a data-race crash in buy/swap providers; no custody-relevant guard added and no path to funds, keys, or signing authorit"
https://github.com/AlphaWallet/alpha-wallet-ios/pull/4682,0.120,0,none,"Removes iOS file protection from Realm DB files to stop background-write crashes — a stability fix (arguably slightly weakening at-rest protection), not a repair of any custody-relevant defect."
https://github.com/AlphaWallet/alpha-wallet-ios/pull/4305,0.030,0,none,"Adds Firebase Crashlytics crash reporting (new dependency, build phases, version bump) — a feature/telemetry integration with no security defect repaired and no custody-relevant code touched."
https://github.com/AlphaWallet/alpha-wallet-ios/pull/4414,0.080,0,none,"Adds a bounds check and weak-self guard to the activity-feed update path to fix a UI crash; no key, signing, approval, or transport surface is involved, so worst case is a crash, not custody loss."
https://github.com/AlphaWallet/alpha-wallet-ios/pull/4396,0.120,0,none,Dependency repoint/pin to a fork fixing unbalanced background-task calls and a force-unwrap crash — a stability fix in a third-party package with no custody-relevant guard added to wallet code.
https://github.com/AlphaWallet/alpha-wallet-ios/pull/4476,0.080,0,none,"Fixes a Realm cross-thread access crash in balance-fetching code via object detachment plus test helpers — an internal thread-safety/stability bug with no attacker-reachable path to funds, keys, or si"
https://github.com/AlphaWallet/alpha-wallet-ios/pull/4412,0.030,0,none,Test-only change converting try! crashes into XCTFail assertions in the test suite; no production keystore or signing code is modified.
https://github.com/AlphaWallet/alpha-wallet-ios/pull/4430,0.120,0,none,"Fixes a Realm crash when refreshing NFT balances by replacing delete+append with removeAll+guarded append; no key, signing, approval, or transport surface is touched — worst case is an app crash, not "
https://github.com/AlphaWallet/alpha-wallet-ios/pull/4811,0.150,0,none,"Thread-safety fix (AtomicDictionary) for a crash in a token-attribute display cache; no key, signing, approval, or transport path is affected and the worst case is app termination, not custody loss."
https://github.com/AlphaWallet/alpha-wallet-ios/pull/4421,0.040,0,none,"UI lifecycle crash fix (IUO-to-optional and lazy constraint) in the activities tab, triggered by internal timing rather than untrusted input, with no custody-relevant subsystem touched."
https://github.com/AlphaWallet/alpha-wallet-ios/pull/4320,0.030,0,none,Enables the Firebase crash-reporting feature flag by default — a product/telemetry config change with no guard added and no custody-relevant defect repaired.
https://github.com/AlphaWallet/alpha-wallet-ios/pull/4419,0.120,0,none,"Replaces a force dictionary lookup with a safe subscript to stop a UI-layer crash when a session is unavailable; purely an availability fix with no path to funds, keys, or signing authority."
https://github.com/AlphaWallet/alpha-wallet-ios/commit/ad0b9a16d7dfda1e10b8993b9ab1bdefde6ad383,0.150,0,none,"Refactor replacing global keystore.currentWallet access with injected wallet/session to fix occasional crashes; no guard or validation protecting funds, keys, or signing authority is introduced."
https://github.com/AlphaWallet/alpha-wallet-ios/pull/4483,0.050,0,none,"Wraps a non-threadsafe rate-counter in DispatchQueue.main.async to fix a crash in OpenSea metadata-fetch logging — a stability fix with no path to keys, signing, or funds."
https://github.com/AlphaWallet/alpha-wallet-ios/commit/03257e440d89b7519dbb154c671927eb16112c18,0.040,0,none,"Adds .receive(on: DispatchQueue.main) to fix a background-thread UI update crash in the notification service — an ordinary threading bug fix with no impact on keys, signing, or funds."
https://github.com/AlphaWallet/alpha-wallet-ios/pull/3996,0.100,0,none,"One-line Realm NSPredicate quoting fix for a crash when querying transactions by nonce; app-generated input, no custody impact."
https://github.com/AlphaWallet/alpha-wallet-ios/pull/3960,0.050,0,none,"One-line fix passing the tokenHolder into TransactionType to stop a UI crash when sending an NFT; a fail-closed stability bug with no path to funds, key material, or signing authority."
https://github.com/AlphaWallet/alpha-wallet-ios/pull/3720,0.050,0,none,Test-infrastructure fix that isolates and cleans up Realm files created during unit tests so a test crash no longer blocks app startup; no attacker-reachable path and no custody-relevant guard added.
https://github.com/AlphaWallet/alpha-wallet-ios/pull/3074,0.100,0,none,"Adds a guard against tokenHolders[0] out-of-range crash in the activity-feed UI path; a pure stability fix with no reachable impact on keys, signing, or funds."
https://github.com/AlphaWallet/alpha-wallet-ios/pull/3543,0.030,0,none,"Developer build-tooling change (rbenv/Ruby 3 setup and CocoaPods/fastlane Gemfile.lock bumps) fixing a makefile crash; no wallet source, key, signing, or transport code is touched."
https://github.com/AlphaWallet/alpha-wallet-ios/pull/3194,0.120,0,none,"Moves a wallet-list observer notification onto the main queue to fix a threading crash during wallet creation; no guard/validation added and no key material, signing, or attacker-reachable path involv"
https://github.com/AlphaWallet/alpha-wallet-ios/pull/3199,0.100,0,none,"Thread-dispatch fix for a crash when updating the watch-wallet list publisher — a stability fix in keystore-adjacent notification code with no impact on keys, signing, or funds."
https://github.com/AlphaWallet/alpha-wallet-ios/pull/3120,0.050,0,none,Adds in-memory caching to the coin-ticker file cache to fix an OOM crash from repeated disk loads; no custody-relevant path (keys/signing/approvals/transport) is involved.
https://github.com/AlphaWallet/alpha-wallet-ios/pull/3336,0.150,0,none,"Fixes an iOS 12.4/Xcode UIKit initializer compatibility crash in a modal view controller; dapp-triggerable but worst case is an app crash with no path to funds, keys, or signing authority."
https://github.com/AlphaWallet/alpha-wallet-ios/pull/3240,0.550,1,dos,"Adds URL validation to dapp-supplied EIP-3085 rpcUrls, fixing a wallet crash remotely triggerable by any malicious web page, but with no path to funds, keys, or signing authority."
https://github.com/AlphaWallet/alpha-wallet-ios/pull/3048,0.080,0,none,Fixes a UI crash caused by a broken Equatable implementation in the activities list view model; purely display-layer date-grouping logic with no custody-relevant impact.
https://github.com/AlphaWallet/alpha-wallet-ios/pull/3220,0.050,0,none,"Crash workaround falling back to default chain selection when local config state is unexpectedly empty — a stability fix in non-custody settings code with no attacker-reachable path to funds, keys, or"
https://github.com/AlphaWallet/alpha-wallet-ios/pull/3090,0.050,0,none,"Fixes a UI crash when tapping the Collectibles tab by handling the collectiblesOnly filter case in the view model; no custody-relevant path (keys, signing, approvals, transport) is touched and the tri"
https://github.com/AlphaWallet/alpha-wallet-ios/pull/3036,0.600,1,dos,"Reorders selector check before ABI decoding so untrusted transaction calldata (e.g. from a dapp request or on-chain tx) can no longer crash the wallet's decoder — a remotely triggerable DoS fix, with "
https://github.com/AlphaWallet/alpha-wallet-ios/pull/3065,0.120,0,none,"Nil-guard fixing a wallet-switch race crash in the activity display layer; no custody-relevant path (keys, signing, approvals, transport) and the crash is user-triggered, not attacker-reachable."
https://github.com/AlphaWallet/alpha-wallet-ios/pull/3032,0.150,0,none,"Replaces a force-unwrap with graceful error handling for invalid watch-only addresses — a UI crash fix with no reachable funds, key material, or signing authority."
https://github.com/AlphaWallet/alpha-wallet-ios/pull/3028,0.050,0,none,Moves Realm object property reads onto the correct thread to fix a nondeterministic crash in TokenScript event fetching; no custody-relevant guard or attacker-reachable defect is involved.
https://github.com/AlphaWallet/alpha-wallet-ios/pull/2946,0.040,0,none,"UI-only refactor fixing a UITableView batch-update crash in the Add/Hide Tokens screen, triggered by the user's own tap and touching no key, signing, or transport code."
https://github.com/AlphaWallet/alpha-wallet-ios/pull/3063,0.300,0,dos,"Mostly a stateless-extension refactor plus fixing an Int(BigUInt) overflow crash in event-log indexing — untrusted-input-reachable but only an app crash, with no path to funds, keys, or signing author"
https://github.com/AlphaWallet/alpha-wallet-ios/pull/2702,0.100,0,none,Dependency pin bump of web3swift to speculatively fix a crash; no wallet-source defect repaired and no funds/key/signing impact shown.
https://github.com/AlphaWallet/alpha-wallet-ios/pull/2801,0.120,0,none,"Replaces an unchecked tokenHolders[0] access with a safe first-element unwrap to stop a UI crash on empty OpenSea data; no funds, key material, or signing authority is reachable."
https://github.com/AlphaWallet/alpha-wallet-ios/pull/2803,0.080,0,none,"Adds a defensive guard for a self-inflicted race-condition crash in price/balance refresh after network switch; no untrusted-input trigger and no path to funds, keys, or signing authority."
https://github.com/AlphaWallet/alpha-wallet-ios/pull/2689,0.080,0,none,"Fixes a self-inflicted UI crash when mainnet is disabled by selecting any enabled server for the receive screen; no keys, signing, approvals, or untrusted-input path is involved."
https://github.com/AlphaWallet/alpha-wallet-ios/pull/2694,0.050,0,none,"Adds a required iOS NSMicrophoneUsageDescription plist entry to stop a crash during KYC video capture — a config/availability fix with no impact on keys, signing, or funds."
https://github.com/AlphaWallet/alpha-wallet-ios/pull/2614,0.300,0,none,"Fixes a nil-unwrap crash when a universal link names a disabled chain by adding an enabled-server check and an error dialog; attacker-triggerable only as a transient app crash with no path to funds, k"
https://github.com/AlphaWallet/alpha-wallet-ios/pull/2365,0.120,0,none,"Performance/crash fix replacing a linear duplicate-check scan with a primary-key lookup in local transaction storage; no custody-relevant guard added and no path to funds, keys, or signing authority."
https://github.com/AlphaWallet/alpha-wallet-ios/pull/2283,0.100,0,none,"Fixes a UI thread-safety crash in the Activity tab search by moving filtering to the main thread; triggered only by the user's own typing and touches no key, signing, approval, or transport path."
https://github.com/AlphaWallet/alpha-wallet-ios/pull/2235,0.150,0,none,"Reorders a length check before a data slice to fix an out-of-bounds crash when sending ETH with empty calldata — an availability bug in tx parsing with no path to funds, keys, or signing authority."
https://github.com/AlphaWallet/alpha-wallet-ios/pull/2356,0.080,0,none,"Nil-guard fix for a UI crash when tapping the camera button during onboarding wallet import; no funds, key material, or signing authority reachable."
https://github.com/AlphaWallet/alpha-wallet-ios/pull/2191,0.050,0,none,Threading fix dispatching a push-notification permission callback to the main queue to stop a UI crash; no custody-relevant subsystem or exploitable condition involved.
https://github.com/AlphaWallet/alpha-wallet-ios/pull/2353,0.050,0,none,"Hotfix for a nil-crash when tapping the camera button during onboarding (no wallet exists yet) — a UI stability fix with no reachable key, signing, or fund impact."
https://github.com/AlphaWallet/alpha-wallet-ios/pull/2086,0.080,0,none,"Fixes a KVO observer-lifecycle crash in TokenScript webview UI triggered by normal user taps, with no custody-relevant guard added or attacker-reachable path removed."
https://github.com/AlphaWallet/alpha-wallet-ios/pull/1606,0.050,0,none,"Adds a deinit to remove a KVO observer, fixing a benign UI crash on scroll — an ordinary stability fix with no custody impact."
https://github.com/AlphaWallet/alpha-wallet-ios/pull/1632,0.050,0,none,"Third-party dependency version bump (RealmSwift) to fix an Xcode 11 build/runtime crash, with no wallet-code defect and no custody-relevant attack path."
https://github.com/AlphaWallet/alpha-wallet-ios/pull/1658,0.100,0,none,"Defensive nil-guard replacing a force unwrap to stop an internally-triggered Realm-related crash in balance updating; no untrusted-input path and no reachability to funds, keys, or signing authority."
https://github.com/AlphaWallet/alpha-wallet-ios/pull/1669,0.050,0,none,"UI crash fix for an iOS collection-view lifecycle quirk in the token list; no untrusted-input trigger and no path to funds, keys, or signing authority."
https://github.com/AlphaWallet/alpha-wallet-ios/pull/1498,0.300,0,none,"Removes a force-unwrap crash when etherscan returns a missing `to` in transaction history parsing — a DoS-at-worst robustness fix with no path to funds, keys, or signing authority."
https://github.com/AlphaWallet/alpha-wallet-ios/pull/1448,0.550,1,dos,"Adds a bounds guard fixing a deterministic crash in the universal-link (deeplink) parser triggerable by any attacker-supplied URL — a remote DoS on untrusted input, but with no path to funds, keys, or"
https://github.com/AlphaWallet/alpha-wallet-ios/pull/1379,0.600,1,dos,"Adds a bounds check preventing a remote crash (negative index trap) triggered by a truncated attacker-supplied MagicLink deeplink in the signature-parsing path — untrusted-input-reachable DoS, but no "
https://github.com/AlphaWallet/alpha-wallet-ios/pull/1483,0.080,0,none,"Fixes a user-triggered infinite-recursion crash in dapp browser network selection; no guard added and no path to funds, keys, or signing authority."
https://github.com/AlphaWallet/alpha-wallet-ios/pull/1363,0.050,0,none,"Re-enables swipe-to-delete and guards against a Realm invalidated-object UI crash triggered only by the user's own gesture, with no reachable impact on keys, signing, or funds."
https://github.com/AlphaWallet/alpha-wallet-ios/pull/1361,0.050,0,none,Temporarily disables a user-initiated swipe-to-delete UI feature to avoid a crash; no custody-relevant path or untrusted-input trigger is involved.
https://github.com/AlphaWallet/alpha-wallet-ios/pull/1348,0.030,0,none,"Test-only change populating a mock WalletSession in ConfigTests to fix a test-run crash; no wallet source, keys, signing, or custody path affected."
https://github.com/AlphaWallet/alpha-wallet-ios/pull/1139,0.050,0,none,"UI-only crash fix (nil-ing a UITableView dataSource during tab switch) triggered by local scrolling, with no path to keys, signing, or funds."
https://github.com/AlphaWallet/alpha-wallet-ios/pull/866,0.050,0,none,Main-thread dispatch fix for a UI crash in the transaction-history coordinator on unsupported testnets; no custody-relevant subsystem or attacker-reachable path is involved.
https://github.com/AlphaWallet/alpha-wallet-ios/pull/772,0.120,0,none,"Performance refactor of CryptoKitty image rendering (SVG→PNG caching) with a UI crash fix for malformed images; no keys, signing, approval, or transport surface is touched, so worst case is a benign a"
https://github.com/AlphaWallet/alpha-wallet-ios/pull/628,0.120,0,none,"Fixes a UI crash from locale-formatted number strings ('1,000' failing float parse) in ticket-sale display code; no guard added and no path to funds, keys, or signing authority."
https://github.com/AlphaWallet/alpha-wallet-ios/pull/464,0.600,1,dos,"Removes force-unwrap crashes in the universal-link parser that any attacker-supplied malformed magic link could trigger, a remote DoS via untrusted deeplink input, though no funds/keys/signing authori"
https://github.com/AlphaWallet/alpha-wallet-ios/pull/246,0.050,0,none,"Adds a missing addSubview call to fix a UI layout crash in the ticket transfer screen plus a test; no custody-relevant path (keys, signing, approvals, transport) is touched."
https://github.com/AlphaWallet/alpha-wallet-ios/pull/385,0.350,0,dos,"Deprecated openURL delegate replaced to fix a crash on the awallet: scheme — remotely triggerable from Safari but worst case is app DoS with no path to funds, keys, or signing authority."
https://github.com/AlphaWallet/alpha-wallet-ios/pull/316,0.050,0,none,Fixes a nib-loading crash after user-initiated language switching by whitelisting html resources in the locale bundle; no untrusted-input trigger and no custody-relevant path touched.
https://github.com/AlphaWallet/alpha-wallet-ios/pull/288,0.050,0,none,"Fixes a background-fetch crash by properly invalidating/restarting polling timers on app lifecycle events; no key, signing, approval, or transport path is affected."
https://github.com/AlphaWallet/alpha-wallet-ios/pull/652,0.150,0,none,"Adds a bounds check to stop a display-time crash when a CryptoKitty cooldown index exceeds a hardcoded label array — pure UI robustness with no path to funds, keys, or signing authority."
https://github.com/AlphaWallet/alpha-wallet-ios/pull/210,0.030,0,none,"Passes a sender view to anchor the iPad share-sheet popover, fixing a UIKit presentation crash triggered by the user's own tap — no custody, key, signing, or untrusted-input surface involved."
https://github.com/AlphaWallet/alpha-wallet-ios/pull/187,0.030,0,none,"Threads a sender UIView into the delegate to set popoverPresentationController.sourceView, fixing the standard iPad no-anchor presentation crash — a user-triggered UI bug with no custody impact."
https://github.com/AlphaWallet/alpha-wallet-ios/pull/567,0.120,0,none,"Replaces a force-try with graceful error handling to stop a crash during ticket import under poor connectivity — a reliability fix with no reachable impact on funds, keys, or signing authority."
https://github.com/AlphaWallet/alpha-wallet-ios/pull/571,0.120,0,none,"Replacing try! with try? plus fallbacks in TokenScript/HTML display code is a crash-robustness refactor; worst pre-fix impact is an app crash with no path to keys, funds, or signing authority."
https://github.com/AlphaWallet/alpha-wallet-ios/pull/426,0.100,0,none,Adds an isInvalidated guard to fix a benign race-condition crash between async balance updates and user token deletion; no custody-relevant path (keys/signing/approval/transport) and not attacker-trig
https://github.com/AlphaWallet/alpha-wallet-ios/pull/209,0.300,0,none,"Refactor of app-lock coordinator state to fix an iPhone X Face ID crash; no bypass, guard, or key/signing defect is repaired — a crash here just terminates the app and the lock still engages on relaun"
https://github.com/AlphaWallet/alpha-wallet-ios/commit/7419c8c91d364b933fa292f2a5d2959f3edf3107,0.050,0,none,Adds [weak self] to break a retain cycle in a settings view model — a memory-leak fix with no custody-relevant impact.
https://github.com/AlphaWallet/alpha-wallet-ios/commit/784cc04f0039d06b1f27c2eac82f418af5ecff3f,0.050,0,none,"Fixes a retain-cycle memory leak by refactoring view-model ownership and closure captures; no guard added, no attacker-reachable defect in keys, signing, or approval paths."
https://github.com/AlphaWallet/alpha-wallet-ios/commit/5e0cd6b2bd2648b64b149479538757f9ded5fcf9,0.050,0,none,"Reuses a cached Erc1155BalanceFetcher instead of allocating one per call to fix a memory leak in balance display — a performance/resource fix with no path to funds, keys, or signing authority."
https://github.com/AlphaWallet/alpha-wallet-ios/commit/429a1b5a8b26a11eb75fe068221bd79085c59d22,0.080,0,none,Dependency pin change in Podfile swapping EthereumABI to a git commit to fix a memory leak in the dep — no wallet-code custody defect repaired.
https://github.com/AlphaWallet/alpha-wallet-ios/commit/4f00e1cf470fd1e425dc4f6c2d7f8a82edab1504,0.080,0,none,"Retain-cycle/memory-leak cleanup in an image-rendering WebView (weak self, deinit, ScriptMessageProxy) with no new validation and no reachable impact on keys, signing, or approvals."
https://github.com/AlphaWallet/alpha-wallet-ios/commit/dd47bf0fbc1850de3f36e7de7b4871a698ea2f23,0.120,0,none,"Memory-leak fix that makes the WalletConnect Server a singleton and unregisters handlers on deinit — pure object-lifetime/resource management with no change to pairing, authorization, signing, or key "
https://github.com/AlphaWallet/alpha-wallet-ios/commit/4c771823e5f08ca58100095ebc3f374fffb4efc4,0.050,0,none,"Fixes a Timer retain-cycle memory leak in a generic RateLimiter utility; no custody-relevant path, guard, or attacker-triggerable condition is involved."
https://github.com/AlphaWallet/alpha-wallet-ios/commit/4abac4b93f833ef17e19852b3a49b8502a036386,0.050,0,none,"Retain-cycle/memory-leak cleanup via weak closure captures plus cosmetic WalletConnect edits; no untrusted-input path to funds, keys, or signing authority."
https://github.com/AlphaWallet/alpha-wallet-ios/commit/4e31ecd93dfe6cb0abf7d1762c243316c3499968,0.050,0,none,"Converts a Realm migration closure to [weak self] to fix a retain-cycle memory leak — a local resource-management fix with no attacker-reachable path to keys, signing, or funds."
https://github.com/AlphaWallet/alpha-wallet-ios/commit/1177b5f17fc29b51d7d41dc681a09af2ec4f514b,0.050,0,none,"Converts strong self captures to [weak self] to fix retain-cycle memory leaks; no guard, validation, or custody-relevant behavior change — funds/keys/signing are unaffected."
https://github.com/AlphaWallet/alpha-wallet-ios/commit/75ae01cf3ee390b1dc9aa538d9df42cd230d730a,0.050,0,none,"Mechanical [weak self] retain-cycle fix in the magic-link import coordinator; only memory lifetime changes, with no impact on keys, signing, approvals, or input validation."
https://github.com/AlphaWallet/alpha-wallet-ios/commit/1d46b35c8f5bc7b7a07c69f1271f42b8c4dce9a6,0.050,0,none,"Making delegates weak to break a retain cycle is a memory-leak fix in non-custody TokenScript storage code, with no guard added and no attacker-reachable impact on funds, keys, or signing."
https://github.com/AmbireTech/ambire-common/pull/334,0.850,1,approval,Adds EIP-712 permit message validation fixing the Coinspect wallet injection flaw where a malicious dapp could obtain a signed ERC-20 permit (spend authority) the user never knowingly approved.
https://github.com/AmbireTech/ambire-common/pull/2407,0.600,1,dos,"Adds input validation rejecting malformed dapp-supplied calldata/addresses that any malicious web page could use to crash the transaction-signing screen — an untrusted-input DoS in the signing path, w"
https://github.com/AmbireTech/ambire-common/pull/1922,0.080,0,none,"Adds optional chaining to prevent a UI crash when a token's priceIn array is empty in the projected-rewards display; no keys, signing, approvals, or attacker-reachable custody path is involved."
https://github.com/AmbireTech/ambire-common/pull/1691,0.050,0,none,"Adds Sentry crash-reporting plumbing and an 'expected' error level; only error metadata/telemetry changes in keystore/signing files, with no guard added or exploitable condition removed."
https://github.com/AmbireTech/ambire-common/pull/1703,0.200,0,none,"Adds sendCrashReport:false to suppress a routine 'incorrect password' error from crash-report telemetry — a noise/config tweak in the keystore file, not a repair of any key-leak or custody defect."
https://github.com/AmbireTech/ambire-common/pull/1647,0.120,0,none,"Fixes a null-dereference crash in the activity banner when a network is disabled — a user-config-triggered availability bug in UI code with no path to funds, keys, or signing authority."
https://github.com/AmbireTech/ambire-common/commit/dc07e295310437a661eee5d90aefb5de71d5faf4,0.050,0,none,"Purely diagnostic change that enriches error messages and threads a crash-report flag; no guard, validation, or custody-relevant logic is altered."
https://github.com/AmbireTech/ambire-common/pull/1604,0.080,0,none,"Adds a null-guard to prevent an extension crash when signAccountOpController is undefined after an error; no funds, keys, or signing authority are reachable pre-fix."
https://github.com/AmbireTech/ambire-common/pull/2299,0.080,0,none,"Fixes a microtask-ordering race in a generic RecurringTimeout helper used for swap-quote refresh scheduling; worst case is a delayed/skipped quote update, with no reachable impact on keys, signing, ap"
https://github.com/AmbireTech/ambire-common/pull/1983,0.300,0,none,"Fixes a benign race where a stale estimation overwrites a newer one, affecting displayed gas/fee data consistency but not keys, signing content, or spend authority."
https://github.com/AmbireTech/ambire-common/pull/1929,0.200,0,none,"Reorders account-import steps to fix an internal race that made accounts import as view-only — a functional reliability bug with no attacker-reachable path to funds, keys, or signing authority."
https://github.com/AmbireTech/ambire-common/pull/1670,0.250,0,none,"Fixes a user-triggered race condition causing a crash/stale form state in the swap UI by enforcing an existing quote-ID staleness guard at one missed call site, with no attacker-reachable path to fund"
https://github.com/AmbireTech/ambire-common/pull/1576,0.250,0,none,"Fixes a self-inflicted UI race where a stale async response could populate the toToken dropdown with the wrong chain's tokens; not attacker-triggerable and touches no key, signing, or approval path."
https://github.com/AmbireTech/ambire-common/pull/1256,0.150,0,none,"Fixes a window-management race that opened duplicate action popups — an ordinary UI concurrency bug with no added guard on keys, signing, approvals, or transport."
https://github.com/AmbireTech/ambire-common/pull/811,0.120,0,none,"Fixes a stale-snapshot race that clobbered cached portfolio token hints across networks — a display/caching correctness bug with no path to keys, signing, approvals, or transaction integrity."
https://github.com/AmbireTech/ambire-common/pull/812,0.100,0,none,"Fixes a race condition in portfolio learned-token hint caching that could only cause stale/lost display hints, with no path to funds, key material, or signing authority."
https://github.com/AmbireTech/ambire-common/pull/735,0.120,0,none,"Fixes an internal async event-ordering race so UI awaits settings state propagation before showing imported accounts — a UX/correctness bug with no attacker-reachable path to funds, keys, or signing a"
https://github.com/aptos-labs/aptos-core/pull/19596,0.300,0,dos,"Iterative Drop for deeply nested Move VM values prevents an attacker-triggered stack overflow that crashes a validator's execution thread, but this is node-side availability hardening (plus a large Po"
https://github.com/aptos-labs/aptos-core/pull/19544,0.900,1,mpc,Binds epoch into the AggregatedSubtranscript signed hash to stop cross-epoch replay of valid multi-sigs and converts release-mode-disabled debug_asserts into real ensure! validation in the DKG transcr
https://github.com/aptos-labs/aptos-core/commit/3b523adba8ffffe33781bdac30647958342003b1,0.050,0,none,CVE-motivated bump of third-party Python deps in test-suite lockfiles; no defect in the wallet's own code and no custody-relevant path is touched.
https://github.com/aptos-labs/aptos-core/pull/19052,0.350,0,none,"Defense-in-depth hardening (panic guard, verify-before-mutate ordering, truncation removal) in Move VM protocol code with no reachable custody impact — worst case is a node panic already bounded by th"
https://github.com/aptos-labs/aptos-core/commit/45e93a361e0df0a3830e75ffdaed4a5e362ac8c4,0.150,0,none,"Converts an existing sequence-number assert into a graceful rejection response with a new event in an experimental DEX order-book module — a behavior/observability feature, not a fix protecting funds,"
https://github.com/aptos-labs/aptos-core/commit/91a087c959751be3fb636ae7e1aad2b1745f2d10,0.300,0,none,"Visibility hardening (public → public(friend)) on an experimental DEX orderbook module addressing explicitly non-critical security-review feedback, with no custody-relevant defect (keys, signing, appr"
https://github.com/aptos-labs/aptos-core/pull/1933,0.100,0,none,"Pure third-party dependency bump (Rails 7.0.3→7.0.3.1) in a non-custody web backend, explicitly noted as not affecting the project and done to unblock CI."
https://github.com/aptos-labs/aptos-core/pull/19475,0.720,1,dos,"Adds ingress validation binding a secret share's player id and vector length to the author's identity/weight, fixing a remotely-triggerable panic (node-crash DoS) from a malicious peer's malformed sha"
https://github.com/aptos-labs/aptos-core/pull/19268,0.150,0,none,Replaces panics with error returns for an internal state-sync/consensus race in validator node code; a self-inflicted availability crash with no custody-relevant (keys/signing/funds) impact and no unt
https://github.com/aptos-labs/aptos-core/commit/1cf4d5a0bfa3702d2ded1811cee2570188d6b6f0,0.250,0,none,"Consensus-node hardening that converts panics to error returns and refactors config/pipeline code — at worst a validator availability (DoS) issue, with no path to user funds, key material, or signing "
https://github.com/aptos-labs/aptos-core/pull/18575,0.120,0,none,Converts a rare fork-race assert panic in Aptos node state storage into a graceful Result error — a node reliability fix with no custody-relevant (keys/signing/funds) impact.
https://github.com/aptos-labs/aptos-core/pull/17570,0.350,0,dos,"Replaces a remotely triggerable panic in Aptos indexer-gRPC request handling with a proper error — an availability fix on a node data service with no path to funds, keys, or signing authority."
https://github.com/aptos-labs/aptos-core/pull/17392,0.080,0,none,"Fixes a compiler panic on duplicated type parameters in Move source — a developer-tooling crash with no path to funds, key material, or signing authority."
https://github.com/aptos-labs/aptos-core/pull/17143,0.120,0,none,"Replaces a panic with log-and-retry in an indexer service's table-info parsing — a backend availability/robustness fix with no path to keys, signing, or funds."
https://github.com/aptos-labs/aptos-core/pull/15946,0.030,0,none,Improves a panic message and raises the default RLIMIT_NOFILE config for node operators; no custody-relevant guard or defect is touched.
https://github.com/aptos-labs/aptos-core/pull/15972,0.080,0,none,"Softens a startup panic on ulimit misconfiguration into a logged error behind a config flag — an operator-availability tweak in node infrastructure with no custody, key, signing, or attacker-reachable"
https://github.com/aptos-labs/aptos-core/pull/15950,0.030,0,none,"Backported release-config version bump, panic-message wording, rlimit default increase, and cfg(unix) gating — operational/release maintenance with no custody-relevant guard or exploitable pre-fix pat"
https://github.com/aptos-labs/aptos-core/pull/15979,0.050,0,none,"Operational robustness change making an rlimit startup check log instead of panic on mainnet nodes, plus release-config updates — no custody, key, signing, or untrusted-input path involved."
https://github.com/aptos-labs/aptos-core/pull/15283,0.120,0,none,"Replaces a silently-ignored state-cache miss with a panic/assert to enforce an internal usage-accounting invariant in node storage code — a correctness fix with no reachable impact on funds, keys, or "
https://github.com/aptos-labs/aptos-core/pull/14886,0.120,0,none,Replaces a panic with graceful handling of scripts in dependency metadata extraction — a build-tooling robustness fix with no custody-relevant (keys/signing/approval) impact.
https://github.com/aptos-labs/aptos-core/pull/14434,0.030,0,none,Fixes a tokio runtime panic in Drop for a k8s test-swarm harness in developer test infrastructure; no custody-relevant subsystem or untrusted-input path is involved.
https://github.com/aptos-labs/aptos-core/pull/14449,0.030,0,none,"Developer coverage-tooling change: new display flags and a panic fix in local `aptos move coverage` reporting, with no path to keys, signing, or funds."
https://github.com/aptos-labs/aptos-core/pull/12959,0.300,0,dos,Replaces an unwrap panic with an error return in validator consensus share verification — a node-crash robustness fix with no custody (funds/key/signing) impact.
https://github.com/aptos-labs/aptos-core/pull/11827,0.200,0,dos,"Replaces a panic with graceful handling when an indexer gRPC client disconnects — an availability/robustness fix in node indexing infrastructure with no path to funds, keys, or signing authority."
https://github.com/aptos-labs/aptos-core/pull/11069,0.150,0,none,"Fixes a parser panic on '/**/' in the Move compiler's lexer — a developer-tooling crash with no path to funds, key material, or signing authority."
https://github.com/aptos-labs/aptos-core/pull/10071,0.030,0,none,"Purely improves panic/log messages by including the error value in node storage code; no behavioral, guard, or custody-relevant change."
https://github.com/aptos-labs/aptos-core/pull/9144,0.050,0,none,"Robustness fix in an off-chain indexer that logs and skips instead of panicking when the DB is not backfilled; no custody-relevant path (keys, signing, approvals, transport) is involved."
https://github.com/aptos-labs/aptos-core/pull/6536,0.600,1,dos,Completes panic containment so attacker-supplied Move bytecode can no longer crash the process via deserializer panics — an untrusted-input DoS fix with no funds/key/signing exposure.
https://github.com/aptos-labs/aptos-core/pull/7095,0.050,0,none,"The diff is entirely GitHub Actions CI/CD configuration (Docker tagging, forge test namespaces, stack-size env var) with no wallet source code, guard, or custody-relevant path touched."
https://github.com/aptos-labs/aptos-core/pull/5531,0.100,0,none,"Visible diff is CI workflow and Cargo.lock dependency churn in a blockchain node repo; the referenced consensus panic fix is at most node availability, with no custody-relevant path to funds, keys, or"
https://github.com/aptos-labs/aptos-core/pull/5308,0.030,0,none,Test-infrastructure fix for a flaky smoke-test panic caused by parallel cargo rebuilds; touches only testsuite code with no custody-relevant path.
https://github.com/aptos-labs/aptos-core/pull/4663,0.150,0,none,"Replaces an internal panic with a sampled error log when a dropped proof-channel receiver causes send failure — a node robustness fix with no custody, key, signing, or untrusted-input surface."
https://github.com/aptos-labs/aptos-core/pull/3829,0.120,0,none,"Node liveness change (panic-to-restart), an empty-vector guard in API gas estimation, import refactoring, and dep bumps in blockchain node software — no custody-relevant path to keys, signing, or fund"
https://github.com/aptos-labs/aptos-core/pull/3632,0.030,0,none,Test-harness-only change (Forge CI) improving panic visibility and catch-up timeouts; no custody-relevant code touched.
https://github.com/aptos-labs/aptos-core/pull/2035,0.030,0,none,"Observability-only change: CI log dumping, synchronous crash-info printing, and improved panic messages, with no guard or custody-relevant defect repaired."
https://github.com/aptos-labs/aptos-core/pull/965,0.300,0,dos,"Adds a bounds check so StateKey::decode returns an error instead of panicking on malformed bytes — node-storage robustness/DoS hardening with no reachable impact on funds, key material, or signing aut"
https://github.com/aptos-labs/aptos-core/commit/93ed472f4a46c68cc89fc0fee8c8883547e54933,0.120,0,none,"Extends crash-recovery DB truncation to hot state databases in Aptos node storage — a data-consistency/reliability fix with no custody-relevant path (keys, signing, approvals, or transport) reachable."
https://github.com/aptos-labs/aptos-core/commit/eb4770408398ee63af674ff51e935a30a3880c7a,0.120,0,none,"Fixes an internal race-induced assertion panic in node hot-state storage commit logic; no custody-relevant subsystem or attacker-reachable path to funds, keys, or signing authority."
https://github.com/aptos-labs/aptos-core/commit/60946312752b8f34efaad5a45fbee98419380366,0.100,0,none,"One-line fix for a Move compiler-v2 inliner crash on wildcard patterns with type instantiations — developer tooling correctness, no custody-relevant path (keys, signing, approvals, transport) is reach"
https://github.com/aptos-labs/aptos-core/pull/16996,0.080,0,none,"Fixes a sort_by panic from a non-total diagnostic comparator in the Move compiler's error ordering — a developer-tooling crash with no path to funds, keys, or signing authority."
https://github.com/aptos-labs/aptos-core/pull/16121,0.030,0,none,Adds a default CLI argument value and an assert to stop a developer debugger tool from panicking when --concurrency-level is omitted; no custody-relevant code or untrusted-input path is involved.
https://github.com/aptos-labs/aptos-core/pull/16251,0.050,0,none,"Fixes a compiler panic in Move compiler-v2 diagnostic message formatting for the `is` operator — developer tooling crash with no reachable impact on funds, key material, or signing authority."
https://github.com/aptos-labs/aptos-core/pull/15857,0.030,0,none,"Fixes crashes in the Aptos Move coverage/disassembly developer CLI via path fallbacks and module aggregation, touching no custody-relevant subsystem or untrusted-input path."
https://github.com/aptos-labs/aptos-core/commit/ad76fd7ec28ef89e15419a7a07b10a1a6b0542f3,0.050,0,none,Adds crash-recovery feature and renames DB accessors in consensus DAG driver code; no custody-relevant guard or defect repair.
https://github.com/aptos-labs/aptos-core/commit/9f7cef7e61abf3b46f029a85e43933d259d5e891,0.050,0,none,"Additive feature implementing DAG order-rule crash recovery (new constructors, payload extend helpers, buffer manager adapter) in consensus code, with no custody-relevant defect repaired."
https://github.com/aptos-labs/aptos-core/pull/6134,0.100,0,none,"Dependency rev bump in Cargo.lock plus a crash-handler tweak to ignore expected move-bytecode-verifier panics; no custody-relevant guard added and no path to funds, keys, or signing authority."
https://github.com/aptos-labs/aptos-core/pull/2650,0.050,0,none,"Adds persistent metadata storage so Aptos state sync can resume after a crash — a reliability/fault-tolerance feature in node sync code with no custody, key, signing, or untrusted-input guard involved"
https://github.com/aptos-labs/aptos-core/commit/ea87584e47083976fcaaebf5b549963984d82377,0.030,0,none,"One-line fix of an undefined variable in an assert error message in SDK client code; no custody, key, signing, or validation logic is affected."
https://github.com/aptos-labs/aptos-core/pull/2193,0.150,0,none,"Fixes an unbounded in-memory sparse-Merkle-tree growth (memory leak) in the node's vm-validator, a reliability/resource bug with no path to user funds, key material, or signing authority."
https://github.com/aptos-labs/aptos-core/pull/2194,0.150,0,none,"Memory-leak hotfix in Aptos vm-validator state-view construction — a node reliability/resource fix with no custody, key, signing, or validation-semantics impact."
https://github.com/aptos-labs/aptos-core/pull/18744,0.200,0,none,"Fixes a reader/committer data race in Aptos node hot-state storage via RCU deferred merge — a node consistency/correctness bug with no path to wallet keys, signing, or user funds under the custody thr"
https://github.com/aptos-labs/aptos-core/pull/17766,0.200,0,none,"Reorders a sync call to fix a consensus sync-manager race condition — a node liveness/correctness fix with no path to user funds, key material, or signing authority."
https://github.com/aptos-labs/aptos-core/pull/18065,0.200,0,none,Backport bundle whose headline change is a consensus-node race-condition reorder in aptos-core block storage plus release YAML and test fixtures — protocol/liveness territory with no path to wallet ke
https://github.com/aptos-labs/aptos-core/pull/17772,0.600,1,signing,"Adds a guard in AptosVM transaction authentication that the number of senders matches the number of authentication proofs, closing an attacker-reachable path where a crafted multi-agent transaction co"
https://github.com/aptos-labs/aptos-core/pull/10320,0.120,0,none,"Reorders state-key insertion to fix an internal race in sharded-execution remote state fetching — a correctness fix in node execution infrastructure with no custody, key, signing, or untrusted-input e"
https://github.com/aptos-labs/aptos-core/pull/1976,0.120,0,none,"Race-condition/reliability fix in consensus buffer-manager pipeline (draining stale blocks on epoch reset) with no custody-relevant path to funds, keys, or signing authority."
https://github.com/aptos-labs/aptos-core/pull/1979,0.200,0,none,Aptos node consensus/framework change (NIL-block failed_authors plumbing plus a bounds guard preventing epoch-transition aborts) — a protocol liveness fix and refactor with no reachable impact on user
https://github.com/argentlabs/argent-x/pull/1171,0.200,0,none,"Fixes a UI crash by filtering address-field input to hex and catching parse exceptions in isEqualAddress; no path to funds, key material, or signing authority — worst pre-fix outcome was an unhandled "
https://github.com/argentlabs/argent-x/commit/a1acb008ad784d122e13bd3b71d38a54ed964d55,0.080,0,none,Refactors Wallet from EventEmitter to a constructor callback to fix listener-accumulation memory leak; autolock disconnect behavior is unchanged and no custody-relevant defect is repaired.
https://github.com/argentlabs/argent-x/pull/150,0.100,0,none,"Fixes a dapp/extension load-order race in the get-starknet provider shim for reliability; no guard, custody path, or trust boundary is involved."
https://github.com/coral-xyz/backpack/pull/3012,0.150,0,none,"Relocates the isKeyCold check and unlock wrapper ordering to fix a crash when an approval popup opens on a locked wallet; the fail-closed guard is preserved and no funds, key material, or signing auth"
https://github.com/coral-xyz/backpack/pull/2358,0.050,0,none,"UI-only fix: adds an xs-screen redirect fallback and replaces PublicKey.default with its literal string to stop a notification-screen crash, touching no custody-relevant path."
https://github.com/coral-xyz/backpack/pull/2774,0.080,0,none,"Null-guard in a UI address-display formatter prevents a benign crash from an internal undefined value, with no custody-relevant path or untrusted-input guard involved."
https://github.com/coral-xyz/backpack/pull/2575,0.040,0,none,"UI crash fix and optimistic-update feedback for contact request buttons plus a null-guard in an address display helper; no custody-relevant path (keys, signing, approvals, transport) is touched."
https://github.com/coral-xyz/backpack/pull/1405,0.120,0,none,"Crash fix for undefined NFT names in extension UI rendering and query-param parsing; worst case is a recoverable popup render failure with no path to funds, keys, or signing authority."
https://github.com/coral-xyz/backpack/pull/1517,0.120,0,none,"Null-guard fixing a UI render crash on NFT burn plus an incidental image-proxy swap; no key, signing, approval, or transport path is affected."
https://github.com/coral-xyz/backpack/pull/878,0.120,0,none,"Replaces Promise.all with Promise.allSettled so a failed RPC history query no longer crashes the recent-activity UI — a robustness fix in a read-only display path with no access to funds, keys, or sig"
https://github.com/coral-xyz/backpack/pull/730,0.050,0,none,"Null-check fix for a UI crash when no active Ethereum/Solana wallet exists in a display-only recent-activity component; no custody, key, signing, or transport surface is affected."
https://github.com/coral-xyz/backpack/pull/4075,0.250,0,none,"Fixes a benign React stale-state race in the address-validation UI hook triggered by the user's own typing, with no attacker-controllable path to funds, keys, or signing."
https://github.com/coral-xyz/backpack/pull/2072,0.050,0,none,"Debug scaffolding and ESLint refactoring (recoil state dump button, commented-out lock/unlock experiments, lint rule tweaks) with no guard added or exploitable path removed."
https://github.com/coral-xyz/backpack/pull/1980,0.080,0,none,"Eagerly initializes the Redis subscription manager at startup to fix a subscribe-before-connect race; a reliability fix in pub-sub plumbing with no path to funds, keys, or signing authority."
https://github.com/coral-xyz/backpack/pull/1780,0.250,0,none,Fixes an internal React state race in the wallet's own login flow (auth message now captured atomically with signer data) plus renames; the race is not attacker-triggerable and worst case is a broken 
https://github.com/bcnmy/scw-contracts/pull/123,0.050,0,none,"Solhint/prettier lint-config and dev-dependency change only; no executable wallet code, guard, or custody-relevant path is modified."
https://github.com/bcnmy/scw-contracts/pull/61,0.700,1,contract,"Adds a nonReentrant guard to the smart-account's execTransaction entry point, closing a reentrancy window where a malicious call target could re-enter execution/refund (handlePayment) logic — a custod"
https://github.com/bcnmy/scw-contracts/pull/35,0.350,0,none,Feature change enabling value transfer in executeBatch with a rename and bundled precautionary nonReentrant/length-check hardening; no concrete pre-fix exploitable path is repaired since the old funct
https://github.com/bcnmy/scw-contracts/pull/94,0.200,0,none,"Architectural refactor moving the Gnosis-style Forward Flow out of SmartAccount into a separate module; no defect is repaired and no guard added, per the PR's own statement that the security-motivated"
https://github.com/bcnmy/scw-contracts/pull/180,0.120,0,none,Feature PR introducing a new Session Keys V2 module (SessionKeyManagerHybrid) with CI/tooling/docs/audit-report changes; no defect is being repaired despite touching custody-relevant session-key code.
https://github.com/bcnmy/scw-contracts/pull/162,0.900,1,signing,"Fixes EIP-1271 cross-account signature replay in smart contract accounts sharing an owner, binding signatures to the account so a signature for one SCA cannot authorize actions on another."
https://github.com/bisq-network/bisq/commit/aecd5366921a10d9764fc999a5dfc8e9ae2a281c,0.120,0,none,"UI-side validation fix that resets an invalid user-set security deposit to default during offer creation — a usability/correctness bug in trade-parameter handling, not custody-relevant and not attacke"
https://github.com/bisq-network/bisq/commit/efd590b9e735fe1e52f43cfb8cf3347fd7709977,0.950,1,signing,"Adds validation of seller-supplied raw input values and parent txIds in BSQ swap finalization, closing a fee-theft path where a malicious counterparty could overstate input values and pocket the buyer"
https://github.com/bisq-network/bisq/pull/5026,0.700,1,dos,"Adds rate-capping, dedup, and version gating on the P2P message path to mitigate an attacker-triggerable flooding/DoS reachable from untrusted network peers, though no funds or key material are direct"
https://github.com/bisq-network/bisq/commit/5a75a48785a2c97ff51593f5de60db906c20c3a0,0.120,0,none,"Replaces a throw-on-negative fee calculation with a clamp-at-0 to stop a take-offer dialog crash; the pre-fix defect was a usability/availability bug with no path to loss of funds, key material, or si"
https://github.com/bisq-network/bisq/commit/f82cf97d589b5e78000d01262510dc1570d79c38,0.120,0,none,"Fixes a startup crash from adding to an immutable list in BTC node-list merging; a reliability bug in peer configuration with no path to funds, keys, or signing authority."
https://github.com/bisq-network/bisq/commit/516d3c8d7dfc524048d35addf90ec7952bf27f8c,0.300,0,none,"Adds a null check that turns an NPE on malformed mempool-provider JSON into a controlled NACK during fee validation; both pre- and post-fix paths reject the tx, so no funds, key material, or signing a"
https://github.com/bisq-network/bisq/commit/9f760edd2575b45a6efbf0da7b1f66a5b1d2fb09,0.300,0,none,"Adds a JsonSyntaxException catch so malformed provider JSON yields a NACK instead of an uncaught crash — a fail-closed robustness fix in fee validation with no reachable impact on funds, keys, or sign"
https://github.com/bisq-network/bisq/commit/d7cd1e2c9255fb091225f53bef73371c6ad15dad,0.300,0,dos,"Fixes an uncaught IllegalStateException (crash) on malformed mempool-provider JSON by converting it to a handled validation NACK — a robustness/DoS fix in fee-tx validation with no path to funds, keys"
https://github.com/bisq-network/bisq/commit/7b7ea6453b1d24414e6fc520e3140b8a09a5c493,0.050,0,none,"Fixes a JavaFX chart memory leak in the trades UI by calling required superclass display-removal methods; no custody-relevant subsystem (keys, signing, transport) or untrusted-input path is touched."
https://github.com/bisq-network/bisq/pull/3817,0.050,0,none,"Fixes a self-inflicted DeleteOnExitHook memory leak by reusing temp file paths and removes a redundant lock — resource hygiene in generic persistence code, not attacker-reachable and not touching keys"
https://github.com/bisq-network/bisq/commit/03a20a05f75766e207954b125d390bc667962ee5,0.300,0,none,"Fixes an unbounded-list memory leak in P2P message-throttle bookkeeping; worst case is node resource exhaustion (availability), with no path to funds, key material, or signing authority."
https://github.com/BitBoxSwiss/bitbox-wallet-app/pull/4150,0.150,0,none,"Replaces panics with returned errors and adds retryable initialization/cleanup in BTC account/coin init — a robustness fix in sync infrastructure with no path to funds, key material, or signing author"
https://github.com/BitBoxSwiss/bitbox-wallet-app/commit/08747eeff980b230be479457a6972dad3c6e76b1,0.300,0,dos,"Replaces panics on Electrum sync/timeout errors with graceful fatal-state handling — a crash/availability robustness fix reachable from a hostile server but with no path to funds, keys, or signing aut"
https://github.com/BitBoxSwiss/bitbox-wallet-app/commit/bc98b61705c21e7a4701425fe355cd22eb19435c,0.150,0,none,"Fixes a nil-index panic (app crash) in the AOPP flow triggered by the user's own sync timing; no attacker-reachable path to funds, key material, or signing authority."
https://github.com/BitBoxSwiss/bitbox-wallet-app/commit/18615b2453452fdc7d9551c5b881d3be5d620eac,0.030,0,none,Dev/test script fix resolving a local port collision between two regtest electrs containers; no custody-relevant code or untrusted-input path involved.
https://github.com/BitBoxSwiss/bitbox-wallet-app/commit/52da637577bc39d9b4871c03e0c2c28d58a4ff68,0.120,0,none,"Replaces a TODO panic on a closed-database race in the transaction-listing path with propagated errors and a UI error message; worst case pre-fix was an app crash with no reachable impact on funds, ke"
https://github.com/BitBoxSwiss/bitbox-wallet-app/commit/22c8867d7b609f6242306406d1d587da16448bd8,0.150,0,none,"Converts a self-induced panic (UTXO reuse from rapid consecutive transactions) into a graceful user-facing error; no key material, signing integrity, or attacker-reachable path is involved."
https://github.com/BitBoxSwiss/bitbox-wallet-app/pull/1681,0.100,0,none,"Refactor converting async TransactionGet to a synchronous API and replacing one panic with error propagation; no change to what is signed, validated, or displayed, so no custody-relevant defect is rep"
https://github.com/BitBoxSwiss/bitbox-wallet-app/pull/1142,0.120,0,none,"Pure logging housekeeping — adds log rotation, removes noisy debug lines, and swaps startup panics for stderr fallback, with no custody-relevant defect repaired or attacker-reachable path closed."
https://github.com/BitBoxSwiss/bitbox-wallet-app/commit/b7cd2a7ec6d52579d98d455f030a53fa2dbd1c9e,0.050,0,none,Null-guard fix for a self-inflicted UI crash in the mobile account selector; no untrusted input path and no custody-relevant subsystem affected.
https://github.com/BitBoxSwiss/bitbox-wallet-app/commit/d02c344633aaf1015257d33bac22e03b9389b6a8,0.030,0,none,iPad-only UI crash fix that anchors a popover for the log-export share sheet; no custody-relevant subsystem or untrusted-input path is involved.
https://github.com/BitBoxSwiss/bitbox-wallet-app/commit/df51e35186369f8122b51868837ac224c84072f8,0.050,0,none,Workaround for a Go 1.23 runtime bug (SIGSYS crash on Android <12) — a startup stability/compatibility fix with no custody-relevant guard added and no attacker-reachable defect.
https://github.com/BitBoxSwiss/bitbox-wallet-app/commit/590e5f5362fb01adb5f522b939418d510493ce60,0.150,0,none,"Null-guard for a UI render crash when a dapp omits account info from WalletConnect session namespaces; worst case is a dashboard crash with no path to funds, keys, or signing authority."
https://github.com/BitBoxSwiss/bitbox-wallet-app/commit/4139c6d82fe9791982ecc09bbb954e5fb2f8e4fb,0.050,0,none,Ordinary Android lifecycle bug fix ensuring the process is killed on app close to prevent a benign re-open crash; no custody-relevant subsystem or untrusted-input path is involved.
https://github.com/BitBoxSwiss/bitbox-wallet-app/commit/88b36a64f913d22a4be4f3d8c4fd2ea90ea38962,0.050,0,none,Adds a null-safety fallback in the help/guide UI component to prevent a render crash on missing text; not reachable from untrusted input and touches no custody-relevant path.
https://github.com/BitBoxSwiss/bitbox-wallet-app/pull/2453,0.030,0,none,"Test-only race fix: adds a nil-guarded test hook and channel synchronization to deflake TestWatchonly, with no change to production custody behavior."
https://github.com/BitBoxSwiss/bitbox-wallet-app/pull/1949,0.120,0,none,"Fixes a deadlock/race between Initialize() and TxProposal() by returning an error when the account is unsynced — a concurrency/availability bug fix with no impact on funds, keys, or signing authority."
https://github.com/BitBoxSwiss/bitbox-wallet-app/pull/80,0.080,0,none,"Clears stale addressError/amountError UI state to fix a display race in the send form; no validation, signing, or custody logic is changed and no attacker-triggerable path exists."
https://github.com/BitBoxSwiss/bitbox02-firmware/commit/13d636a6f92bbe6358cff56553ec60af9cdd18e5,0.030,0,none,Adds a test-only fake securechip event counter and unit-test assertions to baseline Optiga event usage; no production guard or key/signing logic changes.
https://github.com/BitBoxSwiss/bitbox02-firmware/pull/1287,0.030,0,none,"Build-script ergonomics change letting rust-analyzer/clippy run without a cmake build dir; developer-time tooling only, no custody-relevant code or untrusted-input path touched."
https://github.com/BitBoxSwiss/bitbox02-firmware/pull/1249,0.050,0,none,Refactor replacing an unreachable panic path with from_utf8_unchecked on internally generated base32 data to shrink binary size; no attacker-reachable defect is repaired.
https://github.com/BitBoxSwiss/bitbox02-firmware/commit/c8ba986bad89c49c44398b08549c24e0337fa975,0.350,0,none,"Fixes a memory leak of malloc'd BIP39 word strings and adds defensive zeroization; no attacker-reachable path to keys or signing beyond physical RAM access, and the changelog explicitly states it is n"
https://github.com/BitBoxSwiss/bitbox02-firmware/pull/802,0.050,0,none,Test-only change adding lock() in the keystore test module to fix a unit-test race on global state; no production custody path is modified.
https://github.com/BitBoxSwiss/bitbox02-firmware/pull/672,0.150,0,none,"Wraps the touch-sensor interrupt handler in a critical section to fix a device-freeze race condition — an availability/reliability bug with no path to key material, signing, or approval authority."
https://github.com/BitBoxSwiss/bitbox02-firmware/pull/401,0.120,0,none,"Loosens an over-strict unlock check so uninitialized BitBox02 devices can proceed to setup — a functional regression fix with no custody impact, since the pre-fix behavior only wrongly aborted, and th"
https://github.com/bitcoin/bitcoin/pull/18629,0.200,0,none,"Adds a build-tooling check (plus tests) that detects missing .reloc/ASLR in PE binaries — hardening infrastructure in devtools, not a fix to a custody-relevant defect in wallet code."
https://github.com/bitcoin/bitcoin/pull/8312,0.720,1,dos,"Fixes a mempool DoS where an attacker could malleate or strip a transaction's witness to make policy checks fail and reject-cache the unchanged txid, blinding nodes to valid transactions — reachable b"
https://github.com/bitcoin/bitcoin/pull/33788,0.350,0,none,Visible diff is entirely release-branch build/CI/docs/version-bump churn with no custody-relevant code; the titled CVE fix is not shown and Bitcoin Core CVEs of this class are node-level DoS/dependenc
https://github.com/bitcoin/bitcoin/commit/38bfca6bb2ad68719415e9c54a981441052da072,0.030,0,none,Comment-only change annotating pre-existing checks with historical CVE references; no code behavior is modified.
https://github.com/bitcoin/bitcoin/pull/19203,0.050,0,none,"Test-only change adding a regression fuzz harness for the already-fixed CVE-2017-18350, with production edits limited to exposing Socks5() and its timeout for fuzzing — no defect is repaired."
https://github.com/bitcoin/bitcoin/pull/13479,0.780,1,supply_chain,"Anchors the gpg status-line grep to fix a SigSpoof-style (CVE-2018-12356) verification bypass where injected text could make an unsigned commit pass the project's commit-signature check, a supply-chai"
https://github.com/bitcoin/bitcoin/commit/159bc4819304c4394a92230c9e7b9f3416abe877,0.780,1,dos,"Fixes CVE-2013-4627 in the node's own orphan-tx handling: attacker-padded transaction streams were stored and relayed verbatim, enabling remote memory-exhaustion DoS from untrusted peers, fixed by sto"
https://github.com/bitcoin/bitcoin/pull/25717,0.600,1,dos,"Adds chain-work verification before storing headers, closing a remote memory/disk exhaustion vector triggerable by any untrusted P2P peer, though no funds, keys, or signing authority are at risk."
https://github.com/bitcoin/bitcoin/pull/16878,0.030,0,none,"Test-only change fixing non-deterministic coverage in denialofservice_tests.cpp by seeding the test RNG; no production key, signing, or validation code is modified."
https://github.com/bitcoin/bitcoin/pull/15141,0.080,0,none,"Mechanical refactor replacing the DoS-score API with a ValidationInvalidReason enum; validation semantics and checks are unchanged, so no custody-relevant defect is repaired."
https://github.com/bitcoin/bitcoin/pull/911,0.650,1,dos,"Adds a bound and eviction for mapOrphanTransactions in the P2P message path, fixing a remotely triggerable memory-exhaustion DoS from untrusted peers, though no funds or key material are at risk."
https://github.com/bitcoin/bitcoin/pull/6374,0.650,1,dos,"Adds attacker-resistant connection eviction to stop remote peers exhausting inbound slots (eclipse/partition DoS that can enable false-chain double-spend deception), though no key/signing path is dire"
https://github.com/bitcoin/bitcoin/pull/3047,0.120,0,none,"Initializes nDoS and skips zero-score misbehaving handling to stop spurious log messages — a robustness/logging cleanup in P2P code with no path to funds, keys, or signing authority."
https://github.com/bitcoin/bitcoin/pull/2279,0.350,0,dos,"Adds a peer ban score for already-rejected BIP30-violating blocks — P2P DoS hardening in consensus validation, with no path to funds, keys, or signing authority."
https://github.com/bitcoin/bitcoin/pull/8408,0.300,0,dos,"Node P2P hardening against peer fingerprinting and compact-block disk DoS; no path to funds, key material, or signing authority."
https://github.com/bitcoin/bitcoin/pull/1349,0.350,0,dos,"Signature-verification cache (performance) plus preventive orphan/input-count DoS limits and a CKey code relocation; worst case is node resource exhaustion, with no path to fund loss, key leakage, or "
https://github.com/bitcoin/bitcoin/pull/5507,0.720,1,dos,"Adds a per-peer MAX_BLOCKS_IN_TRANSIT_PER_PEER bound to fix a remotely triggerable memory/bandwidth exhaustion DoS via garbage block inv messages, though no funds or key material are at risk."
https://github.com/bitcoin/bitcoin/pull/2540,0.350,0,none,"Adjusts Bitcoin Core's peer DoS-penalty logic so non-canonical signature encodings don't trigger bans — a protocol/network robustness tweak with no path to user funds, key material, or signing authori"
https://github.com/bitcoin/bitcoin/pull/1710,0.120,0,none,Removes an obsolete P2SH transition-period leniency in consensus validation as cleanup/perf; signature checking is unchanged and no custody-relevant defect is repaired.
https://github.com/bitcoin/bitcoin/pull/896,0.620,1,dos,"Stops attacker-relayed invalid BIP16 spends from triggering anti-DoS peer-banning against old nodes (network partition attack), a real attacker-triggerable DoS fix in tx validation, though no funds or"
https://github.com/bitcoin/bitcoin/pull/4471,0.250,0,none,"Restores P2P peer DoS-scoring and reject messages for invalid blocks after an async-validation refactor — node network hygiene with no path to funds, keys, or signing authority."
https://github.com/bitcoin/bitcoin/pull/35498,0.120,0,none,"Lock-ordering fix for a benign racy assert crash in Bitcoin Core's FetchBlock RPC path; a stability/thread-safety change with no custody, key, or signing impact."
https://github.com/bitcoin/bitcoin/pull/34176,0.120,0,none,"Fail-fast check and clearer error for locally misconfigured (non-writable) wallet directories; the pre-fix crash is only self-triggered availability loss, not attacker-reachable and no funds/keys/sign"
https://github.com/bitcoin/bitcoin/pull/32987,0.150,0,none,"Fixes a crash/use-after-free in node startup reindex flow triggered only by local DB failure plus interactive user choice, with no attacker-reachable path to funds, keys, or signing authority."
https://github.com/bitcoin/bitcoin/pull/31374,0.120,0,none,"Loosens an over-strict debug Assume that crashed user-initiated migration of blank watch-only legacy wallets — a local availability bug with no attacker-reachable path to funds, keys, or signing autho"
https://github.com/bitcoin/bitcoin/commit/9ef429b6ae65f6ad3e9ac11c2d9c0a6c52beb865,0.200,0,none,"Fixes a wallet crash from an internal state-equality mismatch on duplicate block-disconnection events; a robustness/correctness fix with no path to funds, key material, or signing authority."
https://github.com/bitcoin/bitcoin/pull/32149,0.120,0,none,"Fixes a self-triggered assertion crash when migrating an empty watch-only legacy wallet via the owner's own RPC call; no attacker-reachable path and no funds, key material, or signing authority at ris"
https://github.com/bitcoin/bitcoin/pull/26462,0.600,1,memory,"Fixes a segfault (null SPKMan dereference) triggered by a maliciously crafted/tampered wallet.dat during descriptor-wallet load — untrusted input reaching key-management code, but worst case shown is "
https://github.com/bitcoin/bitcoin/pull/27853,0.300,0,dos,"Fixes a type-misuse crash in bitcoind's /deploymentinfo REST endpoint — an availability/DoS bug with no path to funds, key material, or signing authority."
https://github.com/bitcoin/bitcoin/pull/27271,0.200,0,none,"Adds input validation to turn a crash on a degenerate self-issued RPC request (0-value, 0-fee, no inputs) into a clean error; only reachable via the operator's own authenticated RPC and never endanger"
https://github.com/bitcoin/bitcoin/pull/26747,0.120,0,none,"Replaces a throwing cleanup with fs::remove_all so a failed cross-chain restore shows the proper error instead of a filesystem_error crash; user-triggered error-handling fix with no impact on funds, k"
https://github.com/bitcoin/bitcoin/pull/26275,0.300,0,dos,"Signed-int overflow in deriveaddresses RPC caused only a node crash via an authenticated RPC call; no funds, key material, or signing authority reachable, so it is a DoS/stability fix rather than a cu"
https://github.com/bitcoin/bitcoin/pull/25213,0.050,0,none,Fuzz-harness-only fix in src/wallet/test/fuzz/coinselection.cpp adding a missing fee rate to stop the fuzzer's own assertion crash; no production custody code changed.
https://github.com/bitcoin/bitcoin/pull/25009,0.080,0,none,Adds debug-only Assume(false) assertions to improve fuzz coverage of unreachable mempool error paths; no release-build behavior change and no custody-relevant defect repaired.
https://github.com/bitcoin/bitcoin/pull/25180,0.050,0,none,"Diff is CI image updates, version bumps to 22.0, and docs fixes; even the referenced settings.json issue is a local-file startup crash with no custody impact."
https://github.com/bitcoin/bitcoin/pull/24498,0.120,0,none,"Fixes a GUI startup crash from integer values in the wallet's own locally-written settings.json and adds regression tests — a robustness/availability fix with no attacker-reachable path to funds, keys"
https://github.com/bitcoin/bitcoin/pull/24511,0.100,0,none,"Backport fixing a startup crash on an int-typed value in the node's own local settings.json plus release-version/build/docs housekeeping; no untrusted-input path and no funds, keys, or signing authori"
https://github.com/bitcoin/bitcoin/pull/23590,0.120,0,none,Swaps an error() return for Assume(false) so debug/test builds crash on an already-detected 'impossible' condition — a testability/debugging change with no new guard and no custody-relevant defect rep
https://github.com/bitcoin/bitcoin/pull/22734,0.300,0,dos,"Replaces an assert with proper validation when deserializing corrupt peers.dat in the P2P address manager — a crash/robustness (DoS) hardening fix with no path to funds, key material, or signing autho"
https://github.com/bitcoin/bitcoin/pull/21585,0.250,0,dos,"Fixes a crash when loading a truncated assumeutxo snapshot in node validation code — a robustness/DoS fix with no reachable impact on funds, key material, or signing authority."
https://github.com/bitcoin/bitcoin/pull/21584,0.300,0,dos,"Fixes an assertion crash when loading an assumeutxo snapshot with a null base blockhash — an availability/robustness bug in operator-initiated snapshot loading, with no path to funds, key material, or"
https://github.com/bitcoin/bitcoin/pull/21582,0.300,0,dos,"Fixes a null-pointer UB crash when activating an assumeutxo snapshot with an unknown base blockhash — a robustness/DoS fix in node chainstate code with no path to funds, key material, or signing autho"
https://github.com/bitcoin/bitcoin/pull/22002,0.100,0,none,"Fixes an uncaught-exception crash and message formatting in command-line config parsing, triggerable only by the local operator's own startup arguments, with no reachable path to keys, funds, or signi"
https://github.com/bitcoin/bitcoin/pull/19006,0.080,0,none,"Guards std::thread::join() with a joinable() check to avoid a shutdown crash after failed init — a local robustness fix with no reachable path to funds, keys, or signing authority."
https://github.com/bitcoin/bitcoin/pull/2876,0.300,0,dos,"Fixes a reorg-triggered mempool inconsistency that crashed nodes — an availability/consistency defect with no path to loss of funds, key material, or signing authority."
https://github.com/bitcoin/bitcoin/pull/8256,0.050,0,none,Adds an empty-selection guard to fix a self-triggered UI crash on right-click in the transaction list; no untrusted-input reachability and no custody-relevant subsystem involved.
https://github.com/zcash/zcash/commit/0eade74c783f670cb69ab982f5a828f7ff5ee0db,0.030,0,none,"Null-check added to a Qt CoinControl keyboard handler fixes a local UI crash triggered only by the user's own keypress, with no path to funds, keys, or signing."
https://github.com/bitcoin/bitcoin/pull/6970,0.250,0,none,"Null-pointer crash fix in validateaddress under -disablewallet; only node availability via authenticated RPC is affected, with no key material, signing, or funds reachable."
https://github.com/bitcoin/bitcoin/pull/4874,0.100,0,none,"Backports an upstream Qt patch fixing a tablet-input dangling-pointer crash in the bundled dependency; a local-input UI stability fix with no reachable path to funds, keys, or signing authority."
https://github.com/bitcoin/bitcoin/pull/5706,0.300,0,dos,"Adds a bounds check to stop an authenticated-RPC-only crash in createmultisig; no funds, key material, or signing authority reachable from untrusted input."
https://github.com/bitcoin/bitcoin/pull/11809,0.120,0,none,Fixes a self-triggered GUI crash from out-of-bounds indexing on locally-entered proxy settings — a robustness/refactor change in non-custody options-dialog code with no untrusted-input trigger and no 
https://github.com/bitcoin/bitcoin/pull/6567,0.150,0,none,"Replaces a self-triggered assertion crash on an empty keypool with a proper RPC error; only local availability is affected, with no path to funds, key material, or signing authority."
https://github.com/bitcoin/bitcoin/pull/11508,0.100,0,none,"Replaces a newly-introduced assert with a ternary in a Qt fee-display calculation — a local UI crash fix with no path to funds, keys, or signing authority."
https://github.com/bitcoin/bitcoin/pull/11326,0.100,0,none,"One-line null check preventing a crash during shutdown after a failed startup with an invalid wallet path; no attacker-reachable path to funds, keys, or signing authority."
https://github.com/bitcoin/bitcoin/pull/10614,0.250,0,none,"Fixes an inline-asm rbx-clobber causing a deterministic startup crash in RDRAND detection; no attacker-triggerable path and no weakening of entropy, keys, or signing."
https://github.com/bitcoin/bitcoin/pull/3691,0.200,0,none,Fixes a self-inflicted invalid-free crash and a date format typo in the owner-invoked dumpwallet/importwallet RPC; not reachable by untrusted input and no key/signing defect is repaired.
https://github.com/bitcoin/bitcoin/pull/12349,0.120,0,none,"Guards FlushStateToDisk against a null best block to stop a shutdown assertion crash during -reindex-chainstate — an operator-triggered robustness fix with no custody, key, or signing impact."
https://github.com/bitcoin/bitcoin/pull/6571,0.300,0,dos,"Caches the OpenSSL EC group to avoid a multi-threading crash from global-state mutation — a stability/DoS fix with no impact on key material, signature validity, or signing authority."
https://github.com/bitcoin/bitcoin/pull/636,0.250,0,none,"Catches a benign shutdown DbException and tidies BDB handle closing to stop a local crash-on-upgrade on OSX; no attacker-reachable path to keys, signing, or funds is repaired."
https://github.com/bitcoin/bitcoin/pull/7904,0.100,0,none,"Removes a mistaken assert so the UTXO cursor handles non-coin keys in the node's own local database gracefully — an ordinary crash/logic bug fix with no attacker-reachable path to funds, keys, or sign"
https://github.com/bitcoin/bitcoin/pull/3137,0.100,0,none,"Error-code constant refactor plus a local-only crash guard in walletpassphrase; the crash requires the authenticated operator's own misconfiguration and exposes no funds, keys, or signing authority."
https://github.com/bitcoin/bitcoin/pull/2688,0.100,0,none,Lifetime refactor of the mining CReserveKey to fix a shutdown-order crash; no guard added and no custody-relevant path (keys/signing/approval) is affected.
https://github.com/bitcoin/bitcoin/pull/436,0.350,0,none,"One-line regression fix for a crash in wallet encryption (wrong key setter after refactor a9ba471); only triggerable by the user's own encryptwallet action, with no key leak, mis-derivation, or attack"
https://github.com/bitcoin/bitcoin/pull/11332,0.120,0,none,"Fixes a nullptr-dereference crash when restoring a fee radio button from local QSettings — UI robustness only, not reachable from untrusted input and no custody impact."
https://github.com/bitcoin/bitcoin/pull/9817,0.050,0,none,"Null-check fix for a shutdown-time segfault in disablewallet mode — a local, self-triggered crash with no untrusted-input path and no keys, funds, or signing authority involved."
https://github.com/bitcoin/bitcoin/pull/6123,0.100,0,none,"Stability fix in the internal miner (lock around vNodes, IBD check, exception handling) preventing a startup crash/data race; no custody-relevant path to funds, keys, or signing authority."
https://github.com/bitcoin/bitcoin/pull/2741,0.050,0,none,Adds a NULL-pointer guard for a startup crash triggered only by the local user clicking the dock icon; no untrusted-input reachability and no custody-relevant subsystem involved.
https://github.com/bitcoin/bitcoin/pull/2248,0.050,0,none,"Adds a null-pointer guard to fix a Qt startup crash with an empty data directory — a local robustness fix not reachable from untrusted input and touching no key, signing, or approval path."
https://github.com/bitcoin/bitcoin/pull/2024,0.120,0,none,"Fixes a shutdown-order crash (global destructor calling GetDataDir) triggered by the user's own startup flags; no attacker-reachable path and no impact on keys, signing, or funds."
https://github.com/bitcoin/bitcoin/pull/197,0.150,0,none,"Adds a missing early return so the send dialog doesn't crash after showing an error — a local stability fix with no reachable impact on funds, keys, or signing authority."
https://github.com/bitcoin/bitcoin/pull/14249,0.950,1,dos,"Backport of Bitcoin Core #14247 (CVE-2018-17144), fixing a duplicate-inputs consensus bug that allowed remote node crashes via a malicious block and potential coin inflation."
https://github.com/bitcoin/bitcoin/pull/14248,0.720,1,dos,"Backport of the CVE-2018-17144 duplicate-inputs fix, restoring the CheckTransaction guard against a remotely triggerable node crash (and potential inflation) via a malicious block, though the visible "
https://github.com/bitcoin/bitcoin/pull/14380,0.150,0,none,"Fixes an assert crash in coin-selection fee estimation triggered only by the operator's own fundraw RPC call; no key material, signature validity, or spend authority is affected."
https://github.com/bitcoin/bitcoin/pull/5915,0.050,0,none,Build-system fix reordering xcb headers to avoid a Qt/libxcb ABI-mismatch startup crash; no attacker-reachable path and no custody-relevant subsystem touched.
https://github.com/bitcoin/bitcoin/pull/1963,0.080,0,none,"Null-check preventing a self-inflicted shutdown crash after early startup interruption; not attacker-reachable and touches no key, signing, or custody path."
https://github.com/bitcoin/bitcoin/pull/14851,0.150,0,none,"Backported assert-crash fix in coin selection triggered by the user's own RPC parameters, bundled with release/build churn — a local crash/robustness fix with no path to funds, key material, or signin"
https://github.com/bitcoin/bitcoin/pull/6282,0.080,0,none,"Type swap from boost::filesystem::path to std::string fixing a static-initialization-order crash on shutdown; locally triggered stability bug with no custody, key, or signing impact."
https://github.com/bitcoin/bitcoin/pull/1046,0.050,0,none,"Converts an unhandled RPC port-bind exception at startup into a graceful error dialog and shutdown — an error-handling/UX fix with no reachable path to funds, keys, or signing authority."
https://github.com/bitcoin/bitcoin/pull/3339,0.050,0,none,"Removes an unnecessary setFocus call to fix a rare macOS UI crash triggered by normal local interaction, with no custody-relevant path or untrusted-input reachability."
https://github.com/bitcoin/bitcoin/pull/14247,0.930,1,dos,"Restores the duplicate-input check in CheckBlock (CVE-2018-17144), fixing a remote assertion crash and potential inflation triggerable by any peer sending a crafted block."
https://github.com/bitcoin/bitcoin/pull/10920,0.120,0,none,"Raw-pointer-to-unique_ptr RAII refactor fixing a potential CReserveKey memory leak in the Qt send flow; no attacker-reachable path to funds, key material, or signing authority."
https://github.com/bitcoin/bitcoin/pull/11007,0.100,0,none,"Converts a raw new/delete to unique_ptr to stop a minor heap leak when a corrupted wallet file fails to load; no key material, signing, or approval path is affected."
https://github.com/bitcoin/bitcoin/pull/2671,0.150,0,none,"Adds ECDSA_SIG_free calls to plug a memory leak in signing code; leaked memory is not disclosed and no key material, signature validity, or authorization behavior changes."
https://github.com/bitcoin/bitcoin/pull/1495,0.200,0,none,"Adds EC_KEY_free/NULL-init to fix a memory leak in CKey; a resource-exhaustion bugfix with no attacker path to funds, key material, or signing authority."
https://github.com/bitcoin/bitcoin/pull/34028,0.250,0,none,"Saturating-add hardening against theoretical signed-overflow UB in p2p address scoring; no custody-relevant subsystem (keys, signing, approvals, transport) is reachable."
https://github.com/bitcoin/bitcoin/pull/33475,0.120,0,none,"Fixes an unsigned-integer-underflow correctness bug in miner block-template assembly triggered only by the operator's own config, with no path to funds, keys, or signing authority."
https://github.com/bitcoin/bitcoin/pull/32300,0.200,0,none,"Regroups arithmetic to avoid UB from intermediate signed overflow in fee-rate math; a correctness/hardening fix with no reachable impact on funds, keys, or signing authority."
https://github.com/bitcoin/bitcoin/pull/32240,0.030,0,none,Test-only fix tightening bounds in a fuzz harness to avoid int64 overflow inside the test itself; no shipped wallet code or custody path is touched.
https://github.com/bitcoin/bitcoin/pull/29434,0.350,0,none,"Bounds-check hardening against signed overflow in an RPC fee-rate parameter that only the authenticated caller supplies; robustness/UB cleanup, not an attacker-reachable path to funds, keys, or signin"
https://github.com/bitcoin/bitcoin/pull/28969,0.050,0,none,Fuzz-harness-only change capping generated input to silence a UBSan overflow in the fuzz target; no production wallet code or custody path is modified.
https://github.com/bitcoin/bitcoin/pull/27235,0.150,0,none,"Fixes a self-triggered unsigned integer overflow in a startup disk-space estimate via std::min clamping; no untrusted input path and no reach to keys, signing, or funds."
https://github.com/bitcoin/bitcoin/pull/25700,0.720,1,memory,"Adds a bounds check preventing unsigned integer overflow when deserializing attacker-supplied PSBT Taproot BIP32 keypath data, a memory-safety defect reachable from untrusted input in the signing path"
https://github.com/bitcoin/bitcoin/pull/23418,0.300,0,none,"Saturating-add hardening for a signed-overflow UB reachable only via the authenticated prioritisetransaction RPC, affecting mempool fee accounting with no path to funds, keys, or signing authority."
https://github.com/bitcoin/bitcoin/pull/24227,0.100,0,none,"Cosmetic rewrite of a post-loop unsigned decrement wrap in LoadMempool to satisfy the integer sanitizer; behavior is unchanged and no custody-relevant path (keys, signing, approvals, transport) is aff"
https://github.com/bitcoin/bitcoin/pull/24297,0.050,0,none,Sanitizer-hygiene fix for a benign unsigned wraparound in host:port parsing whose result was discarded; no custody-relevant path or exploitable defect.
https://github.com/bitcoin/bitcoin/pull/24298,0.050,0,none,Fuzz-harness-only tweak plus a precondition assert for a string-formatting helper that only ever receives compile-time constant arguments; no untrusted-input path and no custody-relevant subsystem is 
https://github.com/bitcoin/bitcoin/pull/24139,0.030,0,none,Behavior-preserving cleanup replacing well-defined unsigned wraparound (npos+1==0) with an explicit assignment to drop a UBSan suppression; no defect repaired and no custody-relevant path touched.
https://github.com/bitcoin/bitcoin/pull/24217,0.120,0,none,Type-consistency cleanup (uint64_t→int64_t) to silence sanitizer warnings in tapscript weight accounting; no behavioral defect or custody-relevant condition is repaired.
https://github.com/bitcoin/bitcoin/pull/23227,0.250,0,none,"Correctness fix in the bitcoin-tx CLI script parser (overflow now errors instead of silently emitting OP_0) plus style refactor; input is the operator's own command line, so no attacker-reachable path"
https://github.com/bitcoin/bitcoin/pull/20372,0.300,0,none,"One-line fix of a UBSan-flagged signed integer overflow when parsing a local mempool.dat file; worst case is a crash/UB requiring local disk write access, with no path to funds, key material, or signi"
https://github.com/bitcoin/bitcoin/pull/9693,0.350,0,none,"Adds overflow guards to ReadVarInt, but the function only parses locally-written data (author confirms it's not fed untrusted input), and the worst case is misparsing corrupted files — no path to fund"
https://github.com/bitcoin/bitcoin/pull/35614,0.150,0,none,"Fixes a worker/I-O thread race that could wedge an HTTP RPC connection — a liveness bug on an authenticated local channel with no path to funds, key material, or signing authority."
https://github.com/bitcoin/bitcoin/pull/34908,0.060,0,none,Behavior-preserving refactor follow-up to an already-merged race fix in node UTXO-stats RPC code; adds no guard and touches no custody-relevant path.
https://github.com/bitcoin/bitcoin/pull/34451,0.120,0,none,"Fixes a benign race in a read-only chain-stats RPC that caused a transient CHECK_NONFATAL error; no path to funds, key material, or signing authority."
https://github.com/bitcoin/bitcoin/pull/30394,0.120,0,none,"Fixes a benign race in Bitcoin Core's P2P self-connect detection by reordering the outbound VERSION handshake; it touches gossip-layer networking with no path to funds, key material, or signing author"
https://github.com/bitcoin/bitcoin/pull/18338,0.350,0,none,"Fixes a use-after-free race during wallet unload (shared_ptr-owned validation callbacks, queued Qt deletion) — a stability/concurrency defect not practically attacker-triggerable and with no path to f"
https://github.com/bitcoin/bitcoin/pull/16459,0.020,0,none,"Test-only change adding sync_all() to fix a flaky-test race in example_test.py; no wallet source, custody path, or attacker-reachable code is affected."
https://github.com/bitcoin/bitcoin/pull/16420,0.030,0,none,"Test-only change increasing a sleep from 2s to 3s to fix a flaky CI race in wallet_encryption.py; no wallet source, custody, or key/signing path is modified."
https://github.com/bitcoin/bitcoin/pull/6509,0.030,0,none,Test-framework-only fix for a shutdown race in the QA comptool harness; no custody-relevant wallet/node code is changed.
https://github.com/bitcoin/bitcoin/pull/8854,0.030,0,none,"Test-only fix for a race condition and a misused keyword argument in the QA test framework; no wallet source, keys, signing, or attacker-reachable code is touched."
https://github.com/bitcoin/bitcoin/pull/7368,0.030,0,none,"Test-only change fixing a race condition in an RPC regression test's node-sync timing; no production code, custody path, or attacker-reachable behavior is affected."
https://github.com/bitcoin/bitcoin/pull/5721,0.250,0,none,"Adds locking to fix a benign data race on internal check-queue idle counters whose worst case is a spurious assert/crash, with no path to funds, key material, or signing authority."
https://github.com/bitcoin/bitcoin/pull/13212,0.150,0,none,"Fixes a thread race so setnetworkactive=false reliably disconnects peers in the P2P layer; no path to funds, key material, or signing authority."
https://github.com/bitcoin/bitcoin/pull/11538,0.020,0,none,"Test-only change adding sync calls to fix flaky functional-test race conditions; no wallet source, custody path, or attacker-reachable code is modified."
https://github.com/bitcoin/bitcoin/pull/3001,0.030,0,none,"Makefile-only fix serializing two LevelDB build targets to avoid a parallel-make race; affects build reliability, not funds, keys, or signing."
https://github.com/bitcoin/bitcoin/pull/1953,0.200,0,none,"Fixes a race condition and null dereference in the node's own mining/block-template code (CreateNewBlock/ConnectBlock); worst case is a local miner crash or invalid template, with no path to user fund"
https://github.com/bitpay/bitcore/commit/88a71ebf77f73bee2a681417e9131d61c338c943,0.200,0,none,"Memory-leak/resource-cleanup fix in backend transaction-streaming code (cursor close, provider reuse) — a reliability/availability defect with no path to funds, key material, or signing authority."
https://github.com/bitpay/bitcore/commit/d256e5ca2dd4c0984d8a3451fa45e599d27f4985,0.100,0,none,"Replaces a leaking PassThrough stream with an EventEmitter in bitcore-node's event relay — a memory/reliability fix in non-custody backend code with no guard added and no path to funds, keys, or signi"
https://github.com/bitpay/bitcore/pull/1874,0.150,0,none,Removes an error-swallowing catch so a MongoDB upsert race during parallel address imports rejects instead of silently corrupting index state — a data-consistency/reliability fix in indexing code with
https://github.com/bitpay/bitcore/pull/1826,0.050,0,none,"Fixes a startup race where the CONNECTED event handler never fires if already connected — an ordinary reliability fix in node infrastructure with no custody, key, signing, or untrusted-input relevance"
https://github.com/BitGo/BitGoJS/pull/6968,0.050,0,none,"Dev-dependency bump of the mocha test framework to resolve a transitive nanoid advisory; no wallet source, custody path, or runtime code is changed."
https://github.com/BitGo/BitGoJS/pull/7738,0.150,0,none,"Adds Socket Security dependency-scanning tooling to CI and Docker builds as proactive supply-chain hardening (non-blocking monitor mode), repairing no concrete defect in the wallet's code or build."
https://github.com/BitGo/BitGoJS/commit/d1018c98c319b87fb5dc10c9f146ae0b9cc66039,0.120,0,none,Dependency-only bump (yarn resolutions) fixing ReDoS in transitive libs; no wallet-code defect and no custody impact.
https://github.com/BitGo/BitGoJS/commit/2cb6c00e70061bf6f100f9c3748ef8f720fdaa24,0.150,0,none,Pure dependency bump (package.json resolutions + lockfile) pinning tar/jspdf/qs to versions with upstream CVE fixes; no defect in the wallet's own code and no custody-relevant path touched.
https://github.com/BitGo/BitGoJS/pull/8236,0.120,0,none,Dependency bump removing a vulnerable build-time transitive dep (underscore CVE via protobufjs-cli) plus mechanical Long import refactors; no defect in the wallet's own custody-relevant code was repai
https://github.com/BitGo/BitGoJS/pull/6777,0.250,0,none,"Pure third-party dependency bump (sha.js 2.4.11→2.4.12 via resolutions/yarn.lock) motivated by an upstream CVE; no defect in the wallet's own code is repaired, which the triage rules classify as an or"
https://github.com/BitGo/BitGoJS/pull/4370,0.250,0,none,"Pure dependency bump of web3-utils to address an upstream GHSA advisory; no defect in the wallet's own code is repaired, which the rubric classifies as ordinary."
https://github.com/BitGo/BitGoJS/pull/7066,0.350,0,none,"The change aliases the vulnerable third-party bigint-buffer dep to a patched fork and adds a defensive wrapper; it remediates a dependency CVE rather than fixing a defect in the wallet's own code, whi"
https://github.com/BitGo/BitGoJS/pull/6902,0.200,0,none,"Pure dependency bump (yarn.lock/package.json) pulling a patched @grpc/grpc-js for a memory-allocation DoS in a vendored library; no defect in the wallet's own code and no path to funds, keys, or signi"
https://github.com/BitGo/BitGoJS/commit/7066ada07272968a1325f84c36d5146b9e9d9abf,0.250,0,none,"Pure third-party dependency bump (protobufjs 7.2.4→7.2.5 for CVE-2023-36665) with lockfile churn; no defect in the wallet's own code is repaired, which the rubric classifies as an ordinary change."
https://github.com/BitGo/BitGoJS/pull/4797,0.050,0,none,"Dev-only dependency bump of commitlint tooling to clear a transitive semver ReDoS advisory; no wallet source code changes and no custody-relevant path (keys, signing, approvals, transport) is affected"
https://github.com/BitGo/BitGoJS/commit/d35616e88f5c0b92c6c99fd2ca8d78888cc43730,0.150,0,none,Dependency-bump-only change (serialize-javascript/copy-webpack-plugin in a web-demo build toolchain) resolving an upstream CVE with no defect repaired in the wallet's own custody-relevant code.
https://github.com/BitGo/BitGoJS/pull/7029,0.150,0,none,Pure dependency pin (yarn resolution forcing tar@6.2.1) to clear an upstream tar DoS advisory; no wallet source code defect and no custody-relevant path touched.
https://github.com/BitGo/BitGoJS/pull/8409,0.200,0,none,"Pure third-party dependency bump (lodash 4.17.x → 4.18.x in package.json/yarn.lock) with no change to the wallet's own code, which the rubric classifies as ordinary maintenance even when motivated by "
https://github.com/BitGo/BitGoJS/pull/8546,0.030,0,none,Adds an audit-tool exclusion comment for a transitive-dependency DoS advisory in a config file; no wallet code defect is repaired and no custody path is affected.
https://github.com/BitGo/BitGoJS/pull/8545,0.050,0,none,"The diff only adds a yarn-audit exclusion entry (.iyarc) with justification comments for a protobufjs advisory; no wallet code or dependency version changes, so no defect is repaired."
https://github.com/BitGo/BitGoJS/pull/8061,0.120,0,none,One-line package.json override pinning @isaacs/brace-expansion to a patched version for a ReDoS advisory — a third-party dep bump with no defect in the wallet's own custody-relevant code.
https://github.com/BitBoxSwiss/bitbox02-firmware/pull/80,0.030,0,none,"Removing an unused #include from keystore.c is a no-op cleanup with no behavioral, key-handling, or validation change."
https://github.com/brave/brave-core/pull/38233,0.030,0,none,"Adds a settings toggle (pref, UI, test) for Email Aliases autofill suggestions — a feature addition with no custody-relevant guard or defect repair."
https://github.com/brave/brave-core/pull/38194,0.120,0,none,"Visible diff only deletes CODEOWNERS config, and the described change is a finite-size guard against an iOS view-rendering crash with no path to funds, keys, or signing authority."
https://github.com/brave/brave-core/pull/38181,0.300,0,none,"Feature PR enabling landscape orientation; the FLAG_SECURE relocation is hardening against a rotation race the PR itself introduces, not repair of a shipped exploitable defect."
https://github.com/brave/brave-core/pull/38082,0.030,0,none,"The change is a cosmetic hue-slider overflow fix whose diff only touches CODEOWNERS review-routing config; no key, signing, or custody-relevant code is modified."
https://github.com/brave/brave-core/pull/38081,0.030,0,none,"Cosmetic UI overflow fix whose visible diff only edits CODEOWNERS metadata; no custody-relevant code, guard, or validation is touched."
https://github.com/brave/brave-core/pull/38068,0.050,0,none,"The change only edits .github/CODEOWNERS repo config for an iOS paywall-dismissal UX uplift, touching no wallet source, keys, signing, or transport code."
https://github.com/brave/brave-core/pull/38044,0.300,0,none,"Fixes a use-after-free in Brave's vertical-tabs browser UI by binding a command observer to its handler's lifetime — a memory-safety/stability fix in non-custody UI code with no path to keys, signing,"
https://github.com/brave/brave-core/pull/37953,0.030,0,none,Dev-only Storybook build fix (heap size bump and styling decorator) with no custody-relevant code touched.
https://github.com/brave/brave-core/pull/37916,0.200,0,none,"Moves AI-chat share-link clipboard copy to the browser process to mark it confidential — a privacy hardening feature in a non-custody subsystem, with no reachable path to funds, key material, or signi"
https://github.com/brave/brave-core/pull/37897,0.200,0,none,"Feature-flagged privacy hardening that rotates Brave's anti-fingerprinting farbling token across restarts; it reduces cross-session tracking but touches no custody path (keys, signing, approvals, or t"
https://github.com/brave/brave-core/pull/37848,0.030,0,none,"UX fix suppressing a screen-orientation flash during YouTube PiP transitions; the 'unlock' is screen-orientation unlock, with no custody-relevant path to funds, keys, or signing."
https://github.com/brave/brave-core/pull/37768,0.080,0,none,"Removes a fatal CHECK_IS_TEST() so production builds launched with --test-type stop crashing — a self-inflicted availability fix with no exposure of funds, keys, or signing authority."
https://github.com/brave/brave-core/pull/37752,0.060,0,none,"Build-system change setting default GN endpoint URLs (the 'seed' match is the Chromium variations seed, not a wallet seed); no custody-relevant code or defect is touched."
https://github.com/brave/brave-core/pull/37676,0.030,0,none,Cosmetic WebUI layout fix clamping a theme color picker popup's horizontal position; no custody-relevant subsystem or untrusted-input path involved.
https://github.com/brave/brave-core/pull/37621,0.200,0,none,"Resets Brave's anti-fingerprinting farbling token on restart — a privacy/linkability hardening change with no path to funds, key material, or signing authority."
https://github.com/brave/brave-core/pull/37609,0.030,0,none,"The diff only deletes .github/CODEOWNERS review-ownership metadata — a repo config change with no runtime code, guard, or custody-relevant path modified."
https://github.com/brave/brave-core/pull/37499,0.030,0,none,Removes crash-dump telemetry from NTP wallpaper ad code to cut Backtrace load; no custody-relevant subsystem or defect repair involved.
https://github.com/brave/brave-core/pull/37486,0.050,0,none,Fixes a QA/dev workflow regression where the Chromium variations (field-trial) test seed failed signature verification due to startup ordering — 'seed' and 'signature' here are field-trial infrastruct
https://github.com/brave/brave-core/pull/37483,0.030,0,none,Relocates the 'Autofill in private tabs' toggle to the Autofill services screen with ProGuard/test updates — a settings-UI refactor that adds no guard and touches no custody-relevant path.
https://github.com/brave/brave-core/pull/37388,0.050,0,none,"Race-condition fix in Brave's new-tab-page sponsored ads component (stale ad data after reregistration) — no custody-relevant path; 'seed' refers to variations seed, not wallet seed."
https://github.com/brave/brave-core/pull/37372,0.120,0,none,"Adds an opt-in, disabled-by-default compatibility flag selecting the legacy OSCrypt-compatible encryptor for the sync seed to fix post-migration breakage; no leak, guard, or exploitable condition is r"
https://github.com/brave/brave-core/pull/37366,0.050,0,none,"Refactor/bugfix of YouTube PiP fullscreen state tracking across navigations in browser media UI code, with no reachable impact on funds, key material, or signing authority."
https://github.com/brave/brave-core/pull/37351,0.600,1,transport,"Adds missing scheme/host (verified App Link) validation to a deep link handler that any attacker-controlled URI could trigger, though the hijacked path leads to a first-party purchase flow rather than"
https://github.com/brave/brave-core/pull/37282,0.150,0,none,Third-party dependency bump (ua-parser-js) in package-lock.json; upstream ReDoS fix is not a defect in the wallet's own code and has no custody impact.
https://github.com/brave/brave-core/pull/37258,0.100,0,none,Third-party esbuild build-tool version bump (dev-server CVE in the dependency) plus CODEOWNERS config churn; no defect in the wallet's own custody-relevant code is repaired.
https://github.com/brave/brave-core/pull/37216,0.030,0,none,"Test-only change adding browser tests and test HTML for existing blob:// iframe farbling behavior; no production code or custody-relevant path is modified, and 'seed' refers to the fingerprinting farb"
https://github.com/brave/brave-core/pull/37198,0.120,0,none,"UI labeling fix: recipient addresses already displayed correctly pre-fix but weren't matched to the user's own accounts across ss58 prefixes, so no funds, keys, or signing authority were ever at risk."
https://github.com/brave/brave-core/pull/37183,0.050,0,none,Adds new 24-word mnemonic generation and CreateWalletWithMnemonic APIs as a feature (with tests/mocks); no pre-existing defect in key generation or storage is repaired.
https://github.com/brave/brave-core/pull/37153,0.300,0,none,"Fixes origin resolution for blob: URLs in Brave's shields/farbling (anti-fingerprinting) subsystem — a privacy leak fix with no path to funds, key material, or signing authority."
https://github.com/brave/brave-core/pull/37149,0.030,0,none,"Build-infrastructure fix skipping .rsp files to resolve a Windows CI flake; no custody, key, signing, or untrusted-input path is involved."
https://github.com/brave/brave-core/pull/37083,0.050,0,none,Try/catch to suppress an NPE crash in a promo popup widget's dismiss path — a UI stability fix with no custody-relevant subsystem or attacker-reachable trigger.
https://github.com/brave/brave-core/pull/37073,0.050,0,none,Robustness fix preventing a re-bind crash in Brave VPN's mojo observer plus unit tests; no custody-relevant subsystem (keys/signing/approvals/transport) or untrusted-input trigger is involved.
https://github.com/brave/brave-core/pull/37071,0.750,1,ui_deception,"Replaces a flawed overflow check with a strict 64-nibble bound in the wallet's untrusted hex-value parser, preventing malicious dapp/RPC values from silently wrapping so the user previews and signs an"
https://github.com/brave/brave-core/pull/37064,0.030,0,none,"UI-only fix for tab-strip scroll button visibility after layout; the 'passkey' signal is Chromium's views::PassKey idiom, not WebAuthn, and no custody-relevant path is touched."
https://github.com/brave/brave-core/pull/37042,0.080,0,none,Renames the outbound header carrying Brave's service-key signature from Authorization to a custom header with no change to signature computation or validation — an interoperability refactor with no cu
https://github.com/brave/brave-core/pull/37001,0.050,0,none,"Adds missing Asset Hub chain-ID-to-keyring mappings to fix a fail-closed account-creation error; a functionality bug with no path to fund, key, or signing-authority loss."
https://github.com/brave/brave-core/pull/36927,0.050,0,none,"The diff only edits .github/CODEOWNERS review-routing config and the PR merely suppresses an autofill warning banner, with no code path touching keys, signing, or approvals."
https://github.com/brave/brave-core/pull/36920,0.300,0,none,"Hides the Shred Data button while private tabs are locked, fixing a private-tab domain disclosure to someone holding the device — a browser privacy fix with no path to funds, key material, or signing "
https://github.com/brave/brave-core/pull/36849,0.040,0,none,"Fixes a blank-NTP crash caused by stale self-generated Brave News feed cache after removing ad item types — no custody, key, signing, or untrusted-input surface involved."
https://github.com/brave/brave-core/pull/36806,0.050,0,none,"Feature adding service-key and request-signature headers to Brave Search requests to reduce captchas; no defect repaired and no custody-relevant path (keys, signing, approvals) is involved."
https://github.com/brave/brave-core/pull/36800,0.030,0,none,Refactors Brave's patching mechanism for infobar enum identifiers (chromium_src override → rewrite substitution) with identical enum values; pure build-maintenance with no custody-relevant defect repa
https://github.com/brave/brave-core/pull/36775,0.120,0,none,"Fixes a user-triggered UI crash (dangling infobar observer) in the default-browser prompt, with no custody-relevant subsystem or untrusted-input attack path involved."
https://github.com/brave/brave-core/pull/36758,0.250,0,none,"Fixes SS58 prefix formatting of the user's own deposit address in the UI; the mis-formatted address decoded to the same public key, so no attacker trigger or fund-loss path existed."
https://github.com/brave/brave-core/pull/36733,0.150,0,none,"Fixes a startup race so P3A telemetry respects a policy disable flag — a privacy/policy-compliance bug with no path to funds, key material, or signing authority."
https://github.com/brave/brave-core/pull/36720,0.920,1,signing,"Adds a guard preventing a malicious dapp from obtaining a valid transaction signature via signMessage on a binary payload (blind-signing bypass), plus fixes header-field/overflow bugs in dapp-supplied"
https://github.com/brave/brave-core/pull/36661,0.150,0,none,"Fixes a startup race so the BraveNewsDisabled enterprise policy suppresses news-feed fetches; a policy-compliance/privacy bug in a non-custody feature with no path to funds, key material, or signing a"
https://github.com/brave/brave-core/pull/36649,0.720,1,ui_deception,"Extends the sign-danger warning to all EIP-712 typed-data requests, closing a gap where a malicious dapp could obtain a fund-moving signature (e.g. permit) without the wallet warning the user, tracked"
https://github.com/brave/brave-core/pull/36626,0.050,0,none,"The diff only removes the .github/CODEOWNERS review-routing config as part of a feature uplift (Android deep link to a promo payment screen); no runtime code, guard, or custody-relevant path is change"
https://github.com/brave/brave-core/pull/36619,0.750,1,ui_deception,"Warning previously shown only for Permit-type EIP-712 messages, letting a malicious dapp obtain unwarned signatures over other asset-moving typed data; the fix (tied to an internal security issue) sho"
https://github.com/brave/brave-core/pull/36609,0.050,0,none,"Renames and parameterizes an existing test-only mock RNG seed hook for sr25519 signing; production signing paths and defaults are unchanged, so no custody-relevant defect is fixed."
https://github.com/brave/brave-core/pull/36585,0.050,0,none,Fixes an iOS startup deadlock by skipping a policy-initialization wait; an availability bug in profile/policy init with no custody-relevant guard added or attacker-reachable path.
https://github.com/brave/brave-core/pull/36499,0.100,0,none,"Feature-flag override hiding a crashing upstream AI-chat UI button plus a regression test; a local UI crash with no reachability to keys, signing, or funds is stability work, not a custody security fi"
https://github.com/brave/brave-core/pull/36496,0.030,0,none,Feature uplift adding a settings-page toggle; the diff only touches CODEOWNERS metadata and no custody-relevant code path is changed.
https://github.com/brave/brave-core/pull/36495,0.150,0,none,"Fixes a startup race where the BraveRewardsDisabled managed policy wasn't applied before bat-ads started — a policy-enforcement timing bug with no path to funds, key material, or signing authority."
https://github.com/brave/brave-core/pull/36491,0.030,0,none,"Un-comments a settings-page toggle behind a build flag — a UI feature enablement on Brave's 'Origin' settings page, with no custody, key, signing, or origin-check relevance."
https://github.com/brave/brave-core/pull/36483,0.060,0,none,"Fixes wrong app-bundle path derivation in a macOS pkg postinstall script so chmod/chown succeed — an installer bug fix with no custody-relevant guard, untrusted-input trigger, or key/signing impact."
https://github.com/brave/brave-core/pull/36474,0.150,0,none,"Privacy feature adding container-ID entropy to Brave's anti-fingerprinting farbling seed; no key material, signing, or custody path involved."
https://github.com/brave/brave-core/pull/36421,0.030,0,none,"Pure CSS layout tweak (removing max-width, using flex) in settings UI styling with no custody-relevant code or validation involved."
https://github.com/brave/brave-core/pull/36415,0.030,0,none,"Pure CSS layout fix for settings sidebar overflow/width; no custody-relevant code, guards, or untrusted-input paths touched."
https://github.com/brave/brave-core/pull/36377,0.200,0,none,"Refactors sr25519 derivation to match Talisman's scheme (SCALE encoding moved into Rust, new account-index overload) — an interoperability/feature change on correct existing code, with no exploitable "
https://github.com/brave/brave-core/pull/36372,0.050,0,none,"One-line settings-completeness change making the Playlist toggle reset with defaults in a settings ViewModel; no custody-relevant guard, validation, or untrusted-input path is touched."
https://github.com/brave/brave-core/pull/36340,0.060,0,none,"Fixes an init-ordering crash for the dev-only dev-wallet-password command-line flag by deferring unlock to a posted task; no untrusted-input path and no impact on funds, key material, or signing autho"
https://github.com/brave/brave-core/pull/36328,0.030,0,none,"Pure CSS layout/spacing fix in Brave settings UI with no custody-relevant code, guards, or untrusted-input paths touched."
https://github.com/brave/brave-core/pull/36283,0.120,0,none,"Feature/compatibility change adding an asset-id byte to Polkadot extrinsic encoding for AssetHub fee payment; no guard added and the pre-fix worst case is a chain-rejected transaction, not loss of fun"
https://github.com/brave/brave-core/pull/36281,0.100,0,none,"Dev-only dependency bump of fast-uri in package-lock.json; the upstream advisory is fixed in the vendor package, not the wallet's own code, and no custody path is touched."
https://github.com/brave/brave-core/pull/36265,0.050,0,none,New-feature PR adding a Focus Mode title bar view with standard URL display formatting; no defect in existing custody-relevant code is repaired.
https://github.com/brave/brave-core/pull/36264,0.250,0,none,"Fixes an initialization race that self-wiped the Brave Sync chain seed on Android restart — a reliability/data-loss regression with no attacker-reachable path to funds, key material, or signing author"
https://github.com/brave/brave-core/pull/36261,0.030,0,none,Adds build scripts and a default-off GN flag to vendor the BoringTun dependency for a future VPN feature — pure build/feature infrastructure with no custody-relevant defect repaired.
https://github.com/brave/brave-core/pull/36229,0.050,0,none,"New vendored BoringTun dependency plus vendoring/update tooling for VPN 2.0 — a dependency addition and build-infrastructure change, not a repair of any custody-relevant defect."
https://github.com/brave/brave-core/pull/36218,0.120,0,none,"Adds parsing of a new ChargeAssetTxPayment metadata field to enable asset-fee extrinsics on Polkadot AssetHub — a feature addition to the signing path, not a repair of an exploitable defect."
https://github.com/brave/brave-core/pull/36192,0.030,0,none,"Adds license files, README.chromium metadata, and an attribution-generation script for the BoringTun dependency — pure build/licensing bookkeeping with no runtime code path, guard, or custody-relevant"
https://github.com/brave/brave-core/pull/36186,0.150,0,none,"Purely additive observer-bridging infrastructure exposing web frame metadata (ID, origin, URL) to Swift; no guard, validation, or defect repair — groundwork, not a custody fix."
https://github.com/brave/brave-core/pull/36157,0.030,0,none,Adds presubmit/CI lint checks and tests enforcing patch-file formatting conventions in developer tooling; no runtime custody-relevant code path is touched.
https://github.com/brave/brave-core/pull/36142,0.030,0,none,"Feature-oriented dependency addition (vendored BoringTun crates, Cargo.lock, linter ignores) for VPN 2.0 with no defect repaired in wallet code."
https://github.com/brave/brave-core/pull/36140,0.050,0,none,"Null-check guard for a benign shutdown-timing crash in Brave's tab group sync UI plumbing, with no custody-relevant subsystem or attacker-triggerable path involved."
https://github.com/brave/brave-core/pull/36102,0.030,0,none,Only updates the license-checker script's exclusion list for the vendored BoringTun dependency; no custody-relevant code or exploitable defect is changed.
https://github.com/brave/brave-core/pull/36091,0.120,0,none,"The diff edits CODEOWNERS and the PR disables search-engine source injection — a browser search/privacy tweak with no path to funds, key material, or signing authority; the crypto/signer subsystem fla"
https://github.com/brave/brave-core/pull/36080,0.030,0,none,"Test-only addition (browser test + fixtures + BUILD.gn entries) supporting a new WebMCP feature, with no guard added or defect repaired in custody-relevant code."
https://github.com/brave/brave-core/pull/36064,0.030,0,none,"Cosmetic filtering of inapplicable field-trial names from the chrome://version display page; 'seed'/'wallet'/'origin' are naming coincidences with no custody, key, signing, or transport impact."
https://github.com/brave/brave-core/pull/36049,0.030,0,none,"Test-only change adding RunUntil polling to fix a flaky async race in Brave Ads database integration tests; no production code, custody path, or attacker-reachable behavior is modified."
https://github.com/brave/brave-core/pull/36053,0.680,1,ui_deception,"CSS wrap fix ensures the full attacker-supplied RPC URL is visible in the dapp-triggered add/switch-network approval panel, closing a URL-truncation spoofing vector tracked as a Brave internal securit"
https://github.com/brave/brave-core/pull/36048,0.300,0,none,"Refactors ParsePolkadotAccount from optional to base::expected to surface specific error messages; invalid prefixes and malformed addresses were already rejected pre-fix, so this is UX validation feed"
https://github.com/brave/brave-core/pull/36046,0.050,0,none,"The diff only edits .github/CODEOWNERS review-routing config (the security-sounding paths are just strings within it), changing no executable wallet code or custody-relevant logic."
https://github.com/brave/brave-core/pull/36015,0.050,0,none,"CodeHealth refactor of Brave ads service startup (observer moves, device-ID caching, renames); the rewards-wallet fix is a functional null-path bug with no custody impact."
https://github.com/brave/brave-core/pull/35971,0.040,0,none,"Adds a new deep link route to present a paywall/settings screen — a feature addition with no defect repaired and no path to funds, keys, or signing authority."
https://github.com/brave/brave-core/pull/35963,0.120,0,none,Feature PR adding Polkadot parachain support with keyring/network plumbing refactors and tests; no defect repaired and no custody-relevant guard added.
https://github.com/brave/brave-core/pull/35937,0.030,0,none,"Feature change suppressing privacy-report/default-browser notifications for Brave Origin purchasers; 'origin' is a product name, not a web-origin check, and no custody-relevant path is touched."
https://github.com/brave/brave-core/pull/35927,0.080,0,none,Crash fix for a non-parseable local telemetry preference in Brave stats code; no custody-relevant subsystem or untrusted-input attack path is involved.
https://github.com/brave/brave-core/pull/35898,0.750,1,key_material,"Adds OPENSSL_cleanse-based zeroization of the recovery seed, derived secret key, and WalletInfo secrets so key material cannot be recovered from freed memory — a key-hygiene fix in custody-relevant wa"
https://github.com/brave/brave-core/pull/35865,0.150,0,none,Third-party dependency version bump (lxml) in a localization build script — no defect in the wallet's own code and no custody-relevant subsystem touched.
https://github.com/brave/brave-core/pull/35841,0.050,0,none,"Fixes stale country-code propagation from the variations (field-trial) seed for ads/NTT component updates — 'seed' is Chromium's variations seed, not key material, and no funds, keys, or signing autho"
https://github.com/brave/brave-core/pull/35828,0.050,0,none,"Adds a new prebuilt WinTun dependency and build-hook plumbing for a future VPN feature; SHA-256 pinning is hygiene on a new dep, not a fix for any existing custody-relevant defect."
https://github.com/brave/brave-core/pull/35801,0.050,0,none,"Refactor of Brave's chromium_src override plumbing for the history/passage embeddings feature (class hierarchy and build wiring); no custody-relevant subsystem (keys, signing, approvals, transport) is"
https://github.com/brave/brave-core/pull/35800,0.030,0,none,"UI settings-visibility tweak hiding a survey toggle for subscribers; no custody-relevant path — 'Brave Origin' is a product name, not an origin check."
https://github.com/brave/brave-core/pull/35783,0.030,0,none,"Pure CSS/layout adjustment (padding and widths) in the export-private-key modal with no change to key handling, validation, or display logic."
https://github.com/brave/brave-core/pull/35754,0.030,0,none,Build-time Linux installer packaging metadata fix (channel suffix in package names) with no custody-relevant code or untrusted-input path.
https://github.com/brave/brave-core/pull/35745,0.150,0,none,"Adds a new compliance feature blocking transactions from restricted sender addresses (with tests); no pre-existing defect exposed funds, key material, or signing authority to an attacker."
https://github.com/brave/brave-core/pull/35741,0.030,0,none,Vendoring the BoringTun dependency and adding build plumbing for a future VPN feature repairs no defect and touches no custody-relevant code.
https://github.com/brave/brave-core/pull/35737,0.030,0,none,"Feature change suppressing engagement notifications and promo dialogs for Brave Origin subscribers via a cached subscription-status pref; no custody-relevant path (keys, signing, approvals, transport)"
https://github.com/brave/brave-core/pull/35726,0.030,0,none,"Pure cosmetic refactor swapping hard-coded styles for Leo design tokens and components in a settings page, with no change to any guard, validation, or custody-relevant logic."
https://github.com/brave/brave-core/pull/35722,0.030,0,none,"Test-only fix for a flaky variations browsertest; 'seed' refers to the field-trial variations seed, not key material, and no production custody code is changed."
https://github.com/brave/brave-core/pull/35719,0.050,0,none,"Adds a policy-pref check to hide a VPN upsell dialog — a UX/policy-compliance fix in browser UI with no path to funds, keys, or signing authority."
https://github.com/brave/brave-core/pull/35700,0.030,0,none,"Pure UI copy/layout change to Brave Origin paywall strings and XML; 'origin' here is a product name, not an origin check, and no custody-relevant code is touched."
https://github.com/brave/brave-core/pull/35658,0.050,0,none,"Threading fix caching a pref value to avoid a self-triggered sequence-checker DCHECK crash in subscription-state code; no custody-relevant surface (keys, signing, approvals, transport) and no attacker"
https://github.com/brave/brave-core/pull/35651,0.050,0,none,"Fixes a hardcoded-false policy pref (Rewards disabled-by-policy on Android) and VPN region gating — compliance/feature-gating behavior with no path to funds, keys, or signing authority."
https://github.com/brave/brave-core/pull/35648,0.030,0,none,"Pure CSS refactor moving container queries from styled-components to an SCSS module to fix broken style injection in a portfolio display widget, with no custody-relevant logic, validation, or attacker"
https://github.com/brave/brave-core/pull/35643,0.030,0,none,Pure include-hygiene refactor plus docs/test comment cleanup in Brave Ads; no behavioral change and no custody-relevant guard added or defect removed.
https://github.com/brave/brave-core/pull/35606,0.050,0,none,"Fixes a UI race that left the Brave Origin subscription paywall stuck during Play Store purchase restore — a UX bug in premium-feature settings code with no exposure of funds, keys, or signing authori"
https://github.com/brave/brave-core/pull/35602,0.050,0,none,"Adds a service-bound guard to stop an unwanted ads country component download on variations-seed refresh — a code-health/behavior fix with no custody, key, or signing impact ('seed' here is the Chromi"
https://github.com/brave/brave-core/pull/35595,0.030,0,none,"Suppresses promotional Brave Search banners in Brave Origin branded/purchased builds — a product UX/feature change with no custody, key, signing, or origin-check relevance."
https://github.com/brave/brave-core/pull/35548,0.030,0,none,"CodeHealth refactor swapping std::vector for base::span in Brave ads frequency-capping rules with explicitly no behavioral change; 'permission' here means ad-serving rate limits, not custody-relevant "
https://github.com/brave/brave-core/pull/35534,0.030,0,none,Cosmetic context-menu repositioning/relabeling plus a test-only CHECK_IS_TEST fallback for a unit-test crash; no custody-relevant guard or exploitable condition is touched.
https://github.com/brave/brave-core/pull/35509,0.030,0,none,"UI-only preference ordering fix for a settings screen under a feature flag, with a test added; no custody-relevant guard or defect is involved."
https://github.com/brave/brave-core/pull/35493,0.300,0,none,"Feature-style UI enhancement that surfaces the already-available site origin as visible text in the connect panel; no defect, spoofing bug, or missing check is repaired."
https://github.com/brave/brave-core/pull/35485,0.250,0,none,Single-line DEPS pin bump of the vendored web-discovery-project (a non-custody telemetry component); security-motivated by a GHSA but a vendor dep bump with no defect in the wallet's own code.
https://github.com/brave/brave-core/pull/35473,0.030,0,none,"Adds an optional tab-strip scroll-button feature with pref plumbing (settings allowlist entries are routine pref exposure), touching no custody-relevant subsystem."
https://github.com/brave/brave-core/pull/35460,0.030,0,none,"Feature PR adding a navigation delegate to open Brave Origin (subscription) settings after purchase, plus DI refactoring; no guard added and no custody-relevant defect repaired."
https://github.com/brave/brave-core/pull/35438,0.050,0,none,"Adds Polkadot coin-type handling to GenerateReceiveAddress to avoid a NOTREACHED() crash — feature-completion plus tests, with no impact on funds, key material, or signing authority."
https://github.com/brave/brave-core/pull/35424,0.050,0,none,Adds developer tooling (a fix_deps script and Claude skill) to orchestrate dependency-advisory CI workflows; it is a feature addition and repairs no defect in shipped wallet code.
https://github.com/brave/brave-core/pull/35376,0.050,0,none,"UI/entitlement bug fix for subscription paywall and Link Purchase visibility in Android settings; no path to funds, key material, or signing authority."
https://github.com/brave/brave-core/pull/35310,0.050,0,none,"Build-flag guard fix for a broken settings dialog UI in Brave; no custody-relevant subsystem or untrusted-input path is involved ('Origin' here is a product name, not an origin check)."
https://github.com/brave/brave-core/pull/35299,0.350,0,none,"Real crypto hygiene fixes (size checks, checked crypto_box_open) but in the brave_ads confirmation-token subsystem, which handles no user keys, funds, or signing authority — custody is unreachable."
https://github.com/brave/brave-core/pull/35294,0.300,0,none,"Swapping transfer_allow_death for transfer_keep_alive is a safer-default behavior change preventing self-inflicted account reaping (loss of existential deposit), not a repair of an attacker-exploitabl"
https://github.com/brave/brave-core/pull/35277,0.050,0,none,"Null-check fixing an initialization-race crash in Brave's bookmark import ordering tracker — browser UI stability, no custody-relevant subsystem or untrusted-input attack surface."
https://github.com/brave/brave-core/pull/35250,0.030,0,none,Feature-flag rename/consolidation replacing Brave's kLocalAIModels with upstream kHistoryEmbeddings — a refactor of a non-custody browser feature with no guard added or defect repaired.
https://github.com/brave/brave-core/pull/35241,0.050,0,none,Hides a duplicated tab-search UI element to prevent a user-clicked crash in browser chrome; no custody-relevant subsystem or attacker-reachable path is involved.
https://github.com/brave/brave-core/pull/35233,0.030,0,none,The change adds a product specification markdown file and defaults the sidebar off for a branded build — a feature/docs change with no custody-relevant code or defect repaired.
https://github.com/brave/brave-core/pull/35160,0.720,1,key_material,"Moves the Rewards signing secret key into a SecureAllocator-backed buffer and stops by-value copies, fixing key material being held and duplicated in unprotected process memory."
https://github.com/brave/brave-core/pull/35142,0.930,1,key_material,"Removes VLOG statements that logged the raw vault, salt/IV, and fully decrypted keyring data (mnemonics/private keys) during MetaMask import, closing a key-material leak into local logs."
https://github.com/brave/brave-core/pull/35045,0.050,0,none,Refactor of ads-component backoff/retry timer plus new unit tests; no custody-relevant subsystem or untrusted-input guard is involved.
https://github.com/brave/brave-core/pull/35012,0.120,0,none,"API refactor splitting AddUnapprovedTransaction into per-coin methods and moving signed-tx storage, plus a v-truncation serialization correctness fix; no attacker-reachable defect in keys, signing aut"
https://github.com/brave/brave-core/pull/35007,0.120,0,none,"Lockfile-only bump of the picomatch dev/tooling dependency; even though upstream 2.3.2 is a security release, the wallet's own code has no defect and no custody-relevant path is touched."
https://github.com/brave/brave-core/pull/34985,0.050,0,none,"Removes policy-disabled feature entries from Android settings search index — a UI/enterprise-policy consistency change with no impact on keys, signing, approvals, or transport."
https://github.com/brave/brave-core/pull/34973,0.020,0,none,"Cosmetic icon-mapping change swapping the toolbar overflow button glyph in a JSON overrides file, with no custody-relevant code or validation touched."
https://github.com/brave/brave-core/pull/34955,0.030,0,none,"Adds a loading/disabled UI state and snackbar spinner during Brave Origin subscription credential fetch plus color token renames — pure UX polish with no custody-relevant guard, validation, or untrust"
https://github.com/brave/brave-core/pull/34868,0.050,0,none,"Cosmetic l10n/string change improving the wording of the macOS local-network permission dialog plus translation-script plumbing; no guard, validation, or custody-relevant logic is modified."
https://github.com/brave/brave-core/pull/34847,0.050,0,none,"Disables a cosmetic dominant-color computation on iOS to stop a UI crash on token selection; no custody-relevant path (keys, signing, approvals, transport) is touched."
https://github.com/brave/brave-core/pull/34790,0.030,0,none,"UI layout fix that collapses the bottom toolbar only for Brave-originated (isLocal) keyboards; 'origin' refers to UIKit keyboard notifications, not a trust boundary, with no custody impact."
https://github.com/brave/brave-core/pull/34762,0.080,0,none,"Fixes a cosmetic dominant-color UI crash on iOS by adding async image-load and canvas getImageData error handling; no keys, signing, approvals, or transport are involved."
https://github.com/brave/brave-core/pull/34751,0.920,1,platform,"Adds validation of an attacker-influenceable block-explorer URL to fix an XSS in Brave Wallet's privileged UI, closing a script-injection path adjacent to signing and key flows."
https://github.com/brave/brave-core/pull/34740,0.020,0,none,"Build/branding change swapping the DMG background image and DS_Store files for the Brave Origin brand; 'origin' here is a product name, not a web-origin check, and no custody-relevant code is touched."
https://github.com/brave/brave-core/pull/34739,0.030,0,none,"Pure UI styling change adding startup-page image assets and theming support; 'origin' refers to the Brave Origin product name, not any origin-check or custody-relevant code."
https://github.com/brave/brave-core/pull/34721,0.030,0,none,"Adds a Linux free-tier option to the Brave Origin startup purchase dialog (new pref, UI, handler, tests) — a product feature; 'origin' is the product name, not a web-origin check, and no custody-relev"
https://github.com/brave/brave-core/pull/34720,0.050,0,none,Test-only change removing null-deref-prone Clone() calls in test_utils.cc; no production custody path or untrusted-input surface is affected.
https://github.com/brave/brave-core/pull/34719,0.050,0,none,"Additive feature implementing Origin subscription linking on Android by generalizing the existing Leo flow; the IsSafeOrigin check is standard new-interface hygiene, not a repaired defect."
https://github.com/brave/brave-core/pull/34699,0.150,0,none,"Fix enforces a startup/onboarding dialog's modality by hiding the macOS Profiles menu and dock menu; no key material, signing, approval, or transport path is involved, so custody is unaffected."
https://github.com/brave/brave-core/pull/34650,0.030,0,none,"Feature addition enabling Brave-to-Brave profile import plus tests and metrics wiring; 'brave_origin' is a product buildflag, not an origin check, and no custody-relevant guard is added or defect repa"
https://github.com/brave/brave-core/pull/34612,0.050,0,none,"Build-flag change defaulting P3A telemetry off and hiding its infobar on Brave Origin branded builds — a product/privacy configuration tweak with no path to funds, keys, or signing authority."
https://github.com/brave/brave-core/pull/34598,0.880,1,platform,"Adds https-scheme validation to the attacker-influenced Gate3 explorerUrl, blocking javascript:/data: URI injection (XSS) into the wallet UI from a hostile swap API response."
https://github.com/brave/brave-core/pull/34589,0.250,0,none,"Fixes De-AMP body-sniffing so Content-Disposition: attachment responses download instead of redirecting — a browser navigation-behavior fix with no path to keys, signing, approvals, or wallet transpor"
https://github.com/brave/brave-core/pull/34576,0.030,0,none,"Feature PR adding settings-search indexing providers to Android settings fragments; no guard or validation is added and no custody-relevant path (keys, signing, approvals, transport) is changed."
https://github.com/brave/brave-core/pull/34569,0.020,0,none,"The change only imports Claude Code skill markdown/docs and helper-script instructions into the repo's development tooling; no wallet runtime code, custody path, or untrusted-input surface is modified"
https://github.com/brave/brave-core/pull/34535,0.030,0,none,"Settings-UI cleanup and feature completion (reset dialog, purchase-link navigation) in Brave Android preferences with no custody-relevant guard added or defect repaired."
https://github.com/brave/brave-core/pull/34501,0.030,0,none,One-line CSS overflow:clip addition to NTP search result row styling is a cosmetic layout fix with no custody-relevant impact.
https://github.com/brave/brave-core/pull/34499,0.080,0,none,Fixes a fail-closed race condition that wrongly rejected legitimate first-time Cardano dApp connections on iOS; it grants no new access and touches no custody-relevant guard.
https://github.com/brave/brave-core/pull/34495,0.050,0,none,"Feature/UX change that restores subscription purchase prefs from Google Play after device change; touches billing state, not keys, signing, approvals, or any attacker-reachable path."
https://github.com/brave/brave-core/pull/34431,0.150,0,none,"Adds a new Polkadot JSON account-import feature (keyring, Ed25519-format compatibility, and validation in brand-new code) rather than repairing an exploitable defect in existing custody paths."
https://github.com/brave/brave-core/pull/34411,0.030,0,none,Cosmetic Android UI refactor swapping custom icon drawables for Leo design tokens; no custody-relevant code touched.
https://github.com/brave/brave-core/pull/34403,0.050,0,none,"Gates a non-functional settings toggle behind a feature flag — a UI/feature-flag change in Brave Origin settings with no custody, key, signing, or origin-check relevance."
https://github.com/brave/brave-core/pull/34388,0.050,0,none,UI style cleanup and a dialog window-leak fix on config changes; no custody-relevant guard added and the crash is not attacker-triggerable.
https://github.com/brave/brave-core/pull/34384,0.100,0,none,"Adds new Cardano dapp permission support and refactors SiteConnection to AccountInfo — a feature/refactor change, not a repair of an exploitable defect in existing permission handling."
https://github.com/brave/brave-core/pull/34380,0.030,0,none,Feature plumbing for tree-tab collapse/move callbacks in browser tab-strip UI plus test updates; no custody-relevant subsystem or defect repair involved.
https://github.com/brave/brave-core/pull/34332,0.930,1,key_material,"Replaces a release-mode no-op DCHECK on the HKDF result with a real failure path, preventing the wallet from silently deriving and signing with an all-zero key when key derivation fails."
https://github.com/brave/brave-core/pull/34306,0.350,0,none,"Bounds-check on locally-configured proxy auth parsing and an ancestorOrigins serialization fix are correctness/UB repairs with no attacker-reachable path to funds, key material, or signing authority."
https://github.com/brave/brave-core/pull/34305,0.080,0,none,"Null-check additions in Brave News prefs and tab-title observer code prevent benign crashes in non-custody subsystems, with no path to funds, keys, or signing authority."
https://github.com/brave/brave-core/pull/34300,0.120,0,none,"Fixes a null pointer dereference (guaranteed crash) in browser extension-import error paths — a reliability fix with no path to funds, key material, or signing authority."
https://github.com/brave/brave-core/pull/34267,0.350,0,none,"Fixes a real bypass of canvas anti-fingerprinting via substring hostname matching, but the impact is privacy/tracking only — no path to funds, key material, or signing authority under the custody thre"
https://github.com/brave/brave-core/pull/34265,0.970,1,key_material,"Removes plaintext sync recovery phrases, sync seeds, and Filecoin private key payloads from error-path log messages, closing a key-material leak readable via device logs."
https://github.com/brave/brave-core/pull/34262,0.850,1,key_material,"Replaces a release-stripped DCHECK with a runtime check so a failed HKDF no longer silently derives an Ed25519 keypair from an all-zero seed, which would produce a publicly known private key."
https://github.com/brave/brave-core/pull/34261,0.800,1,signing,"Fixes the rewards request signer to include the query string in the signed (request-target), closing a gap where a MITM could tamper with query parameters of requests signed by the wallet's key withou"
https://github.com/brave/brave-core/pull/34239,0.150,0,none,"Change is a CODEOWNERS edit plus disabling an AI-Chat screenshot feature on iOS; the crypto/signer flag comes only from path names listed in CODEOWNERS, and no custody-relevant wallet code, guard, or "
https://github.com/brave/brave-core/pull/34209,0.050,0,none,"Feature PR adding a new Polkadot import keyring and moving encoding utils between build targets; no existing defect in key, signing, or validation paths is repaired."
https://github.com/brave/brave-core/pull/34188,0.030,0,none,"Ordinary UI bug fix moving a React hook out of a conditional to stop an AI-chat blank-screen crash, with no custody-relevant subsystem involved."
https://github.com/brave/brave-core/pull/34163,0.050,0,none,"Feature PR adding Cardano coin-type scaffolding (preferences, strings, data model, permission plumbing) behind a feature flag, with no pre-existing defect repaired and actual permission handling defer"
https://github.com/brave/brave-core/pull/34156,0.100,0,none,"Adds a null-check to prevent a lifecycle NPE crash in Android wallet UI teardown (plus lint renames); no keys, signing, approvals, or untrusted-input path is affected."
https://github.com/brave/brave-core/pull/34149,0.050,0,none,Removes now-unneeded LSAN suppressions from a test sanitizer config after a leak was fixed elsewhere — no wallet source change and no custody impact.
https://github.com/brave/brave-core/pull/34115,0.030,0,none,"Feature change making the Brave Origin premium product free (always-purchased) on Linux behind a flag, plus matching test updates — no custody-relevant guard added or defect repaired."
https://github.com/brave/brave-core/pull/34096,0.100,0,none,"Wires up SKU purchase-state gating for Brave's premium 'Brave Origin' policy feature — planned feature completion (replacing an explicit TODO) with no path to keys, signing, or funds; the 'origin' sub"
https://github.com/brave/brave-core/pull/34070,0.030,0,none,"Feature change switching Brave Origin billing from Play subscriptions to a one-time INAPP purchase; 'Origin' is a product name, and no key, signing, approval, or origin-validation logic is touched."
https://github.com/brave/brave-core/pull/34044,0.030,0,none,"Feature change wiring the SKUs purchase-state service into Brave Origin settings UI to toggle onboarding display; 'origin' here is a product name, and no custody-relevant guard or defect repair is inv"
https://github.com/brave/brave-core/pull/33985,0.050,0,none,Initial feature PR adding a new flag-gated AI Chat tab-management tool with permission gating designed in from the start; no pre-existing defect in custody-relevant code is repaired.
https://github.com/brave/brave-core/pull/33950,0.030,0,none,"Pure Android paywall UI redesign (layouts, drawables, buttons, commented-out billing) for the Brave Origin product with no custody-relevant guard or defect repaired."
https://github.com/brave/brave-core/pull/33867,0.030,0,none,"Pure Android UI redesign of the Brave Origin preferences screen (layouts, snackbar, styles, renaming); 'origin' is a product name, not web-origin security, and no custody-relevant code path is changed"
https://github.com/brave/brave-core/pull/33855,0.030,0,none,"Test-only change re-enabling a previously disabled browsertest after an upstream fix; no wallet code, keys, signing, or custody path is touched."
https://github.com/brave/brave-core/pull/33850,0.300,0,none,"Proactively disables a Chromium WebIdentity feature flag as privacy/attack-surface hardening, with no concrete defect repaired in any custody-relevant (key, signing, approval, transport) path."
https://github.com/brave/brave-core/pull/33840,0.030,0,none,Test-only change adding an LSan suppression for a benign X11 clipboard false-positive leak and a test clipboard scope; no production code or custody-relevant path is modified.
https://github.com/brave/brave-core/pull/33825,0.720,1,other,"The PR is a stable-branch uplift explicitly remediating published advisory GHSA-43fc-jf86-j433, though the truncated diff shows only the mechanical CODEOWNERS removal so the concrete vulnerability cla"
https://github.com/brave/brave-core/pull/33824,0.680,1,platform,"PR is an explicit uplift of a GHSA security advisory fix to the 1.88.x release branch; the visible CODEOWNERS-only hunk is truncation/branch noise, but advisory-tagged backports exist solely to ship s"
https://github.com/brave/brave-core/pull/33797,0.030,0,none,"Fixes a profile-path lookup crash in SERP metrics telemetry code; no custody-relevant subsystem, guard, or attacker-reachable path to funds, keys, or signing authority."
https://github.com/brave/brave-core/pull/33725,0.050,0,none,New feature adding an untrusted WebUI for local-AI WASM embeddings with defensive CSP/sandboxing from the start; no existing defect repaired and no custody-relevant path touched.
https://github.com/brave/brave-core/pull/33675,0.030,0,none,"Test-only fix converting a leaked heap-allocated callback into a fixture member in a unittest; no production code, custody path, or attacker-reachable behavior is touched."
https://github.com/brave/brave-core/pull/33658,0.250,0,none,"Explicit CodeHealth refactor that plumbs the same last-committed origin through constructors instead of lazy lookup, adding no new check and fixing no demonstrated wrong-origin permission path."
https://github.com/brave/brave-core/pull/33571,0.030,0,none,"CI/sanitizer hygiene — missing includes, a DCHECK guard, and LSAN false-positive annotations with no runtime behavior change and no custody-relevant subsystem touched."
https://github.com/brave/brave-core/pull/33564,0.080,0,none,"Compatibility fix allowing null gas-fee fields in eth_sendTransaction to match MetaMask; the pre-fix behavior was rejecting a legitimate request, not an exploitable custody defect."
https://github.com/brave/brave-core/pull/33537,0.120,0,none,"Adds an OFAC sanctions-compliance check to account creation/import — a regulatory feature, not a repair of any defect that could cost a user funds, key material, or signing authority."
https://github.com/brave/brave-core/pull/33507,0.050,0,none,"Replaces anchor tags with buttons in Leo AI chat UI to stop a context-menu-triggered browser crash — a UI bug fix with no custody, key, signing, or transport relevance."
https://github.com/brave/brave-core/pull/33485,0.050,0,none,Feature addition introducing allowlisted remark-directive parsing to the AI chat markdown renderer with explicitly no functional changes; no defect repaired and no custody-relevant subsystem touched.
https://github.com/brave/brave-core/pull/33467,0.050,0,none,"Feature change gating Brave VPN promotional UI visibility on enterprise policy; no keys, signing, approvals, or untrusted-input paths are involved."
https://github.com/brave/brave-core/pull/33438,0.030,0,none,Pure TypeScript refactor migrating to pre-typed Redux hooks with identical runtime behavior; no guard added or defect removed in any custody path.
https://github.com/brave/brave-core/pull/33433,0.030,0,none,Pure redux-act→RTK refactor of the panel reducer with identical state shape and action behavior; no guard or validation added and no custody-relevant defect repaired.
https://github.com/brave/brave-core/pull/33392,0.080,0,none,"Refactor replacing an async cached policy check with direct pref reads for Leo AI/Rewards feature gating; no custody-relevant path (keys, signing, approvals, transport) is involved."
https://github.com/brave/brave-core/pull/33386,0.050,0,none,"Build/CI tooling change enabling LSAN leak detection for ASAN test builds; no shipped wallet code, custody path, or exploitable defect is modified."
https://github.com/brave/brave-core/pull/33380,0.030,0,none,"Removes a redundant layout call to fix a tab-visibility glitch during window drag on Linux — pure browser UI behavior with no custody, key, signing, or untrusted-input relevance."
https://github.com/brave/brave-core/pull/33372,0.030,0,none,"Build-system fix (GN conditional, branding file copy, installer behaviors stub) for Windows builds with VPN disabled; the 'allowlist' is a pak resource repack list and 'origin' is product branding — n"
https://github.com/brave/brave-core/pull/33362,0.050,0,none,"Fixes a UI infinite-loop hang in Brave's vertical tab strip animation code, triggered by local user action with animations disabled — no custody-relevant subsystem or attacker-reachable path."
https://github.com/brave/brave-core/pull/33347,0.030,0,none,Build-flag/linker fix that compiles out the AI chat feature for Brave Origin builds; no custody-relevant code path or attacker-reachable defect is changed.
https://github.com/brave/brave-core/pull/33342,0.040,0,none,"Feature/policy UI gating for Brave News/Rewards on Android behind a feature flag; 'origin' refers to the Brave Origin product, and no custody-relevant path (keys, signing, approvals, transport) is tou"
https://github.com/brave/brave-core/pull/33325,0.030,0,none,"Purely additive feature UI adding a Brave Origin purchase/onboarding settings section; no defect repaired and no custody-relevant (key, signing, approval, transport) code touched."
https://github.com/brave/brave-core/pull/33322,0.030,0,none,"Pure BUILD.gn refactor splitting source_set targets for the Brave Origin feature (a product name, not web-origin checks), with no behavioral or custody-relevant code change."
https://github.com/brave/brave-core/pull/33321,0.030,0,none,"Pure file rename/refactor (handler → settings_handler_impl) updating includes, guards, and build files with zero logic changes; 'origin' refers to the Brave Origin product feature, not origin validati"
https://github.com/brave/brave-core/pull/33320,0.050,0,none,Adds a new author_submitExtrinsic RPC method with tests to Brave Wallet's Polkadot support — a pure feature addition with no pre-existing defect being repaired.
https://github.com/brave/brave-core/pull/33318,0.050,0,none,"Feature PR adding new Polkadot transfer-signing capability (new task class, constant relocation, CHECK_IS_TEST-gated deterministic RNG); no pre-existing defect is repaired."
https://github.com/brave/brave-core/pull/33313,0.200,0,none,"Feature work implementing session persistence for Brave Containers' StoragePartitionConfig (with test coverage); the pre-change gap was a privacy/isolation limitation of an in-development feature, wit"
https://github.com/brave/brave-core/pull/33309,0.050,0,none,"Build-flag refactor gating Brave Ads code out of the Brave Origin product build; 'origin' is a product name, not a web-origin check, and no custody-relevant defect is repaired."
https://github.com/brave/brave-core/pull/33307,0.030,0,none,Test-only cleanup of Brave Ads unit-test mocks (using real confirmation fields instead of hardcoded constants); no production code or custody path is changed.
https://github.com/brave/brave-core/pull/33305,0.100,0,none,"Packaging/config change re-adding the Linux distro brave-keyring package dependency plus .gitattributes and CODEOWNERS edits; no wallet code path, guard, or custody-relevant defect is touched."
https://github.com/brave/brave-core/pull/33298,0.200,0,none,"Re-adds the brave-keyring APT-repo signing-key package to the .deb Depends list — a packaging regression fix where the failure mode is apt updates failing closed, not any compromise of funds, key mate"
https://github.com/brave/brave-core/pull/33287,0.050,0,none,"Retry-policy tuning for ads confirmation-token HTTP requests (skip retries on 4XX); no custody-relevant guard or defect repair affecting keys, signing, or funds."
https://github.com/brave/brave-core/pull/33279,0.030,0,none,"Adds brand-mode string entries to Windows installer RC generation scripts to fix Brave Origin build failures; 'origin' here is a product name, not an origin check, and no custody-relevant code is touc"
https://github.com/brave/brave-core/pull/33267,0.100,0,none,"Flips a secure-DNS managed-policy default and adds a browser test; a privacy/config behavior change in browser settings with no path to keys, signing, or funds."
https://github.com/brave/brave-core/pull/33261,0.030,0,none,"Build fix renaming localization XTB file paths in a .grd resource manifest; 'origin' refers to the Brave Origin product name, with no custody-relevant code touched."
https://github.com/brave/brave-core/pull/33258,0.050,0,none,"Build-flag change enabling a branded-build feature default (telemetry off); no custody-relevant defect repaired and 'origin' refers to the Brave Origin brand, not origin validation."
https://github.com/brave/brave-core/pull/33257,0.050,0,none,"Product/branding feature change to the onboarding flow (skip WDP step, hide P3A toggle, retitle screen) for the Brave Origin build; 'origin' here is a brand name, not an origin check, and no custody-r"
https://github.com/brave/brave-core/pull/33239,0.030,0,none,"Build-flag and resource-manifest change swapping branded logo PNGs; 'origin' refers to the Brave Origin product brand, not origin checks, and no key, signing, or transport code is touched."
https://github.com/brave/brave-core/pull/33189,0.650,1,platform,"Adds schema validation and prototype-pollution rejection to previously-unvalidated JSON.parse of externally-influenced data in the wallet's line-chart iframe, a real injection-hardening fix, though th"
https://github.com/brave/brave-core/pull/33186,0.030,0,none,"Branding-only UI change swapping the omnibox product icon for chrome:// pages in Brave Origin builds; 'origin' refers to the brand name, not web-origin security, and no custody-relevant code is touche"
https://github.com/brave/brave-core/pull/33184,0.050,0,none,"Build/branding configuration for a new Brave Origin product variant (unique GUIDs, installer names, update paths); no guard added or custody-relevant defect repaired — the 'origin' subsystem match is "
https://github.com/brave/brave-core/pull/33176,0.150,0,none,"Disables PermissionElement/UserMediaElement origin trials to fix a feature-state-mismatch crash on zoom.us — a stability/compat fix in browser permission plumbing with no path to funds, keys, or signi"
https://github.com/brave/brave-core/pull/33168,0.150,0,none,"Removes a policy default forcing DNS-over-HTTPS off for managed users — a privacy/config default change in browser policy templates with no custody impact on keys, signing, or approvals."
https://github.com/brave/brave-core/pull/33125,0.250,0,none,"Generalizes a single pending permission-request slot to per-origin callback caching so concurrent origins aren't wrongly rejected — a functionality fix with no path to funds, keys, or signing authorit"
https://github.com/brave/brave-core/pull/33116,0.050,0,none,"Feature/UI change hiding Brave Rewards elements per subscription policy ('Brave Origin' is a product name, not an origin check); no custody-relevant guard added or defect repaired."
https://github.com/brave/brave-core/pull/33045,0.030,0,none,"Pure branding/build change adding Brave Origin logo asset conditionals and a .grd localization strings file; 'origin' is the product name, not an origin check, and no custody-relevant code is touched."
https://github.com/brave/brave-core/pull/33031,0.020,0,none,"Pure cosmetic asset update (macOS .icns/.car icon files) for tray icon sizing; 'origin' is the product brand name, not an origin check, and no custody-relevant code is touched."
https://github.com/brave/brave-core/pull/32975,0.030,0,none,"Adds a branding-specific GRD localization file for the Brave Origin build variant — pure build/i18n refactoring with no custody-relevant code touched; 'origin' here is the product name, not a web-orig"
https://github.com/brave/brave-core/pull/32968,0.050,0,none,"Feature PR adding email sync via auth/validate polling plus mechanical refactors (SetBearerToken helper, pref-member migration); no defect repaired and no custody-relevant path hardened."
https://github.com/brave/brave-core/pull/32958,0.300,0,none,"Enables an upstream Chromium PIP feature flag by default (origin shown in PIP title) — a browser UI hardening alignment, not a repair of a custody-relevant defect in wallet code; the crypto/signer sig"
https://github.com/brave/brave-core/pull/32949,0.020,0,none,"Compile-error fix for float literal suffixes in vector icon asset files; 'origin' refers to the Brave Origin product branding, not origin validation, and no custody-relevant code is touched."
https://github.com/brave/brave-core/pull/32942,0.050,0,none,"Adds autoplay blocking for YouTube embeds in Brave iOS — a content/UX preference fix with no path to keys, signing, approvals, or funds."
https://github.com/brave/brave-core/pull/32938,0.030,0,none,Build-system refactor introducing an ENABLE_BRAVE_ADS buildflag to compile out the ads component; no runtime guard added and no custody-relevant subsystem changed ('origin' refers to the Brave Origin 
https://github.com/brave/brave-core/pull/32928,0.050,0,none,"New feature adding the /v2/auth/validate endpoint client (types, IDL schema, tests) with no defect repaired or guard added."
https://github.com/brave/brave-core/pull/32920,0.050,0,none,Adds a missing loadTimeData boolean to stop a self-inflicted wallet UI crash; no guard or custody-relevant path is involved and the crash is not attacker-triggerable.
https://github.com/brave/brave-core/pull/32910,0.120,0,none,Cleanup migrating Brave's custom localhost-permission feature to upstream Chromium Local Network Access checks — a refactor/feature swap with no custody-relevant defect repaired.
https://github.com/brave/brave-core/pull/32897,0.620,1,platform,"Adds a missing Face ID/Touch ID gate so Siri shortcuts/widgets can no longer open private tabs bypassing the biometric lock — a lock-bypass fix, though it protects private-browsing privacy rather than"
https://github.com/brave/brave-core/pull/32873,0.030,0,none,"Adds Brave Origin theme/branding assets and reformats presubmit tooling; 'origin' is a product name, not a web-origin check, and no custody-relevant code path is touched."
https://github.com/brave/brave-core/pull/32836,0.030,0,none,"Net-new privacy-preserving search analytics feature (metrics wiring in Brave Android UI) with no guard added or defect repaired, and no custody-relevant subsystem touched."
https://github.com/brave/brave-core/pull/32824,0.030,0,none,"Auto-generated localization .grd string file for Brave Origin branding; 'origin' is a product name, not an origin-check, and no custody-relevant code is touched."
https://github.com/brave/brave-core/pull/32823,0.030,0,none,"Build-time l10n script update adding string-file mappings for the new Brave Origin brand; 'origin' is a brand name, not a web-origin check, and no custody-relevant code or untrusted-input path is touc"
https://github.com/brave/brave-core/pull/32822,0.020,0,none,"Pure asset cleanup deleting unreferenced theme images (PNG/XPM/icns); no code, guards, or custody-relevant paths are touched — the 'origin' flag is a branding-name false positive."
https://github.com/brave/brave-core/pull/32812,0.200,0,none,Backport of CVE-2022-32234 overflow guard into vendored wasm-opt/binaryen build tooling — a third-party dependency patch with no custody-relevant path in the wallet itself.
https://github.com/brave/brave-core/pull/32805,0.200,0,none,"Gates wallet WebUI creation off in private (OTR) tabs to fix a user-triggered crash on brave://wallet — a stability fix not reachable from untrusted input and with no impact on funds, keys, or signing"
https://github.com/brave/brave-core/pull/32804,0.080,0,none,"Bug fix making Brave Origin policy loading work on Android (profile-ID wiring plus an initialization guard); 'Origin' is a product/policy feature, not a web-origin check, and no custody-relevant path "
https://github.com/brave/brave-core/pull/32774,0.030,0,none,"Cosmetic macOS layout fix adjusting vertical-tab-strip insets to avoid frame-border overlap; 'origin' refers to view coordinates, not web origin, with no custody-relevant path touched."
https://github.com/brave/brave-core/pull/32759,0.030,0,none,"Feature implementation wiring Brave Origin settings toggles to a policy service plus build-time codegen, gated behind a flag with no entry point; 'Origin' is a product name and no custody-relevant gua"
https://github.com/brave/brave-core/pull/32693,0.050,0,none,"Feature change passing browser theme CSS to an embedded search widget iframe via postMessage with a fixed target origin — no guard added or defect repaired, and no custody-relevant subsystem touched."
https://github.com/brave/brave-core/pull/32686,0.050,0,none,"The diff relaxes iframe sandbox restrictions (adding allow-popups-to-escape-sandbox) to fix broken popup UX in AI Chat — a feature/usability change that loosens rather than adds a security control, wi"
https://github.com/brave/brave-core/pull/32664,0.050,0,none,"Refactor of Brave Leo AI-chat prompt construction to shared OAIMessage helpers; 'seed' refers to an LLM seed message, not wallet key material, and no custody-relevant path is touched."
https://github.com/brave/brave-core/pull/32651,0.050,0,none,"Purely additive feature PR introducing a new state_getRuntimeVersion RPC call with defensive parsing in new code; no pre-existing defect, guard, or exploitable path is repaired."
https://github.com/brave/brave-core/pull/32650,0.050,0,none,Adds a CHECK_IS_TEST-guarded mock RNG hook and refactors the schnorrkel keypair struct to enable deterministic signatures in unit tests; production signing behavior is unchanged and no defect is repai
https://github.com/brave/brave-core/pull/32649,0.030,0,none,"Branding/build-tooling change — PRESUBMIT.py regex reformatting and theme-override check simplification plus auto-generated Brave Origin localization string files, with no guard added or custody-relev"
https://github.com/brave/brave-core/pull/32648,0.050,0,none,"Dependency migration to new Play app-update/review libraries and removal of an Android-14 feature gate to enable in-app updates, with test scaffolding — a feature/dep change touching no custody-releva"
https://github.com/brave/brave-core/pull/32618,0.050,0,none,Feature PR adding new Polkadot extrinsic signing routines (payload generation and signed-extrinsic assembly) per spec; no pre-existing defect in wallet code is being repaired.
https://github.com/brave/brave-core/pull/32608,0.030,0,none,New split-view link-navigation feature behind a disabled-by-default flag with no defect repaired and no custody-relevant subsystem touched.
https://github.com/brave/brave-core/pull/32606,0.080,0,none,"The diff is a CODEOWNERS metadata edit for an AI Chat navigation feature uplift; the 'crypto/signer' flag comes from path strings listed in CODEOWNERS, and no custody-relevant wallet code is changed."
https://github.com/brave/brave-core/pull/32556,0.050,0,none,"Removes buggy focus-observer plumbing so the wallet panel stops closing on Alt-Tab — a UI lifecycle/UX fix with no impact on keys, signing, approvals, or transport."
https://github.com/brave/brave-core/pull/32549,0.030,0,none,"Build-flag plumbing that conditionally compiles wallet code behind enable_brave_wallet in GN/preprocessor guards, with no behavioral change or defect repaired in custody-relevant paths."
https://github.com/brave/brave-core/pull/32484,0.030,0,none,Adds a gn var/buildflag to compile Brave Wallet in or out for branded builds — pure build-configuration/feature-flag plumbing with no runtime guard added or defect repaired.
https://github.com/brave/brave-core/pull/32404,0.050,0,none,Routine endpoint URL update for a disabled-by-default AI chat widget feature; no guard added and no custody-relevant subsystem touched.
https://github.com/brave/brave-core/pull/32364,0.030,0,none,"Removes a CODEOWNERS review-ownership entry in favor of a semgrep rule — repo process/config change with no code path touching funds, keys, or signing."
https://github.com/brave/brave-core/pull/32348,0.050,0,none,"Feature PR adding rich search widget iframes to Brave AI Chat behind a flag, including a new CSP frame-src allowance and tests — no defect repaired and no custody-relevant path touched."
https://github.com/brave/brave-core/pull/32284,0.030,0,none,"Test-only and docs change swapping base64 fixture constants for CBR unit tests; no production code, guard, or custody-relevant logic is modified."
https://github.com/brave/brave-core/pull/32274,0.300,0,none,"Corrects ZIP-244 digest computation to enable not-yet-supported s->t transactions; the pre-fix path was unreachable and a wrong digest yields a network-rejected signature, not loss of funds, keys, or "
https://github.com/brave/brave-core/pull/32271,0.120,0,none,"Feature PR adding new permission-challenge UI, tests, and storybook fixtures for Brave's AI Chat agent — no existing defect in custody-relevant code is repaired."
https://github.com/brave/brave-core/pull/32269,0.030,0,none,Removes CODEOWNERS review-lock entries only — a repo process/config change touching no wallet code or custody path.
https://github.com/brave/brave-core/pull/32253,0.050,0,none,"iOS tab-leak (memory leak) fix in browser UI plus CODEOWNERS metadata; no custody-relevant guard or defect repair, and the crypto/signer flag is a path-string false positive."
https://github.com/brave/brave-core/pull/32229,0.030,0,none,CODEOWNERS/docs-only change migrating sources.gni review ownership to a semgrep rule; no wallet code or custody-relevant path is modified.
https://github.com/brave/brave-core/pull/32201,0.600,1,dos,"Fixes a browser-process CHECK crash triggerable by any untrusted dapp calling Cardano enable() on a wallet with no ADA account — a remotely reachable DoS, though no funds, keys, or signing authority w"
https://github.com/brave/brave-core/pull/32175,0.200,0,none,"Introduces a new permission-challenge feature for AI chat tool use (new mojom field, handler method, test updates) rather than repairing an existing exploitable defect in any custody-relevant path."
https://github.com/brave/brave-core/pull/32152,0.030,0,none,Adds crash-report keys and a NOTREACHED marker to diagnose invalid JSON in the NTP background-images component; pure debugging instrumentation with no guard added and no custody-relevant subsystem tou
https://github.com/brave/brave-core/pull/32146,0.080,0,none,"Self-described refactor of Android DApp fragment architecture (listener renames, newInstance patterns, callback interface) with no guard, validation, or signing-path behavior change."
https://github.com/brave/brave-core/pull/32123,0.050,0,none,"Adds weak capture lists to fix a retain-cycle tab memory leak in iOS browser toast UI code, an ordinary resource-leak fix with no custody, key, or signing impact."
https://github.com/brave/brave-core/pull/32072,0.080,0,none,"Adds a nil-URL guard to skip invalid synced tabs, fixing a speculative UI crash in tab sync display with no path to keys, signing, or funds."
https://github.com/brave/brave-core/pull/32069,0.030,0,none,"Build-system fixup forwarding a branding env var to gn and adding compile-time buildflag guards; 'origin' refers to the Brave Origin brand, not web-origin security."
https://github.com/brave/brave-core/pull/32044,0.350,0,none,Adds eTLD+1 origin display to a new in-development Confirm Send panel as feature parity work; security-adjacent (origin provenance aids anti-phishing) but no shipped defect or missing guard is being r
https://github.com/brave/brave-core/pull/31951,0.050,0,none,"Adds a new getFinalizedHead RPC method and refactors response handling into a shared helper; no pre-existing defect in keys, signing, or validation is repaired."
https://github.com/brave/brave-core/pull/31950,0.050,0,none,"Fixes a functional regression in Brave Leo's AI rewrite-in-place feature (missing conversation API events, streamed-delta accumulation) with no custody-relevant guard or attack path."
https://github.com/brave/brave-core/pull/31889,0.030,0,none,Feature PR adding a new iOS brave://wallet WebUI base controller with stubbed handlers; no guard added or defect repaired.
https://github.com/brave/brave-core/pull/31877,0.030,0,none,"Adds an empty Brave Origin settings screen (UI resources, preference classes, feature-flag plumbing) with no guard or fix; 'origin' is the product name, not an origin check."
https://github.com/brave/brave-core/pull/31869,0.050,0,none,Swaps a compile-time gate from DCHECK_IS_ON to !OFFICIAL_BUILD so an in-development policy provider runs in non-official test builds; official-build behavior is unchanged and no custody-relevant defec
https://github.com/brave/brave-core/pull/31807,0.050,0,none,Feature PR introducing a new sandboxed Polkadot wasm-bridge WebUI with standard CSP setup; no existing defect is being repaired.
https://github.com/brave/brave-core/pull/31791,0.050,0,none,"Refactor of Brave Ads metrics reporting (boolean P3A fallback to enum) and deposit-eligibility business logic; no custody-relevant path (keys, signing, approvals, transport) is touched."
https://github.com/brave/brave-core/pull/31724,0.850,1,memory,"Fixes an integer-overflow/OOB-read in Brave Wallet's Solana instruction string decoder, reachable from malicious dapp signing requests that feed the transaction preview."
https://github.com/brave/brave-core/pull/31719,0.050,0,none,Adds a Web Discovery preference entry to Brave Origin's policy metadata map — feature/config plumbing with no guard added and no custody-relevant path touched.
https://github.com/brave/brave-core/pull/31677,0.030,0,none,"Pure feature addition of a settings UI page with i18n strings and policy toggles; no guard added or exploitable condition removed, and no custody-relevant code path is changed."
https://github.com/brave/brave-core/pull/31647,0.250,0,none,"Feature PR adding Conway tagged-set parsing and correcting Cardano signing to use the Blake2b body hash instead of raw tx bytes — a correctness fix that made signatures valid, not one that stops signi"
https://github.com/brave/brave-core/pull/31598,0.050,0,none,Third-party VPN SDK version bump (GuardianConnect 2.0.1→2.1.1) with a mechanical API adaptation for a feature and upstream crash fix; no custody-relevant defect in the wallet's own code.
https://github.com/brave/brave-core/pull/31547,0.050,0,none,"Feature PR (web panel using tab contents) with test-only diff hunks; no defect repaired and no custody-relevant path touched — the 'origin' hit is gfx bounds().origin(), not a web origin check."
https://github.com/brave/brave-core/pull/31540,0.050,0,none,"Feature PR adding dynamic WebUI theming via a new Mojo color-change listener; the scheme restriction is standard hygiene for a new binding, not a fix for an exploitable defect, and no custody-relevant"
https://github.com/brave/brave-core/pull/31487,0.100,0,none,"The change validates playlist item duration in Brave iOS media UI (and the shown diff only edits CODEOWNERS); no key, signing, approval, or transport path is affected, so custody is not at risk."
https://github.com/brave/brave-core/pull/31444,0.200,0,none,Refactor extracting existing privacy tab helpers into a reusable method to support a future background-WebContents feature; no custody-relevant defect is repaired.
https://github.com/brave/brave-core/pull/31431,0.030,0,none,"Feature PR wiring Brave Origin in-app purchase prefs and profile context on Android; 'origin' is a product name, no guard added and no custody-relevant path (keys/signing/approvals/transport) touched."
https://github.com/brave/brave-core/pull/31413,0.050,0,none,"Early-return crash/stability fix in Brave's speedreader feature with no path to keys, signing, approvals, or wallet transport."
https://github.com/brave/brave-core/pull/31406,0.550,1,memory,"Fixes a use-after-free-style stale BraveWebView pointer reachable from untrusted web navigations by introducing a weak-reference holder with destruction checks, a memory-safety defect though its demon"
https://github.com/brave/brave-core/pull/31404,0.050,0,none,"Feature scaffolding wiring a Mojo settings handler for Brave's 'BraveOrigin' product tier plus a policy-map key refactor and test updates; no guard added, no custody-relevant path touched."
https://github.com/brave/brave-core/pull/31394,0.080,0,none,Performance-motivated fork of Chromium's SanitizedImageSource adding image resizing for Brave News; no custody-relevant defect is repaired.
https://github.com/brave/brave-core/pull/31346,0.050,0,none,"Additive feature scaffolding registering a new BRAVE_PSST content-settings/permission type behind a feature flag, repairing no existing defect in custody-relevant code."
https://github.com/brave/brave-core/pull/31299,0.060,0,none,"New-feature PR adding a PSST permission context, factory wiring, and unit tests behind a feature flag; no pre-existing defect is repaired and no custody-relevant path (keys, signing, funds) is involve"
https://github.com/brave/brave-core/pull/31298,0.100,0,none,Additive feature PR introducing a new PSST permission context and tests; it implements consent persistence rather than repairing any pre-existing custody-relevant defect.
https://github.com/brave/brave-core/pull/31293,0.050,0,none,"Adds a new schnorrkel-based Polkadot wasm demo crate (feature scaffolding with a hardcoded test seed), repairing no defect and adding no guard or validation."
https://github.com/brave/brave-core/pull/31290,0.300,0,none,"Brave omnibox stops needlessly reading clipboard text during paste-detection — a privacy hygiene fix in browser UI code with no attacker path to funds, key material, or signing authority; the 'signer'"
https://github.com/brave/brave-core/pull/31266,0.080,0,none,"New feature adding PSST permission storage (factory, build rules, tests) behind a flag — no defect repaired and no custody-relevant guard added."
https://github.com/brave/brave-core/pull/31249,0.050,0,none,"Feature PR wiring up Brave's 'BraveOrigin' policy manager (lazy init, pref setters, teardown cleanup); 'origin' is a product name, not a web-origin check, and no custody-relevant defect is repaired."
https://github.com/brave/brave-core/pull/31242,0.050,0,none,"Feature/refactor splitting BraveOrigin (premium policy prefs) metadata into browser- and profile-level maps; no wallet, key, signing, or web-origin security logic is involved despite the 'origin' keyw"
https://github.com/brave/brave-core/pull/31230,0.060,0,none,"Adds feature-flag-gated utility scaffolding and tests for Brave's 'BraveOrigin' premium product (a subscription feature, not web-origin security); no custody-relevant defect is repaired."
https://github.com/brave/brave-core/pull/31222,0.050,0,none,Feature plumbing that derives a profile ID from the profile path and passes it to BraveOriginService/policy provider for per-profile preference scoping; no guard added and no custody-relevant subsyste
https://github.com/brave/brave-core/pull/31209,0.030,0,none,Additive feature scaffolding registering a new local-state pref for Brave Origin policy storage; no defect repaired and no custody-relevant path touched.
https://github.com/brave/brave-core/pull/31179,0.030,0,none,"Adds BUILD.gn deps and a pref-metadata map for the new Brave Origin policy feature; no defect is repaired and no custody-relevant path (keys, signing, transport) is touched."
https://github.com/brave/brave-core/pull/31175,0.030,0,none,"New-feature scaffolding adding a stub BraveOriginService KeyedService/factory with no guard, validation, or defect repair, and no custody-relevant code path touched."
https://github.com/brave/brave-core/pull/31156,0.100,0,none,Uplift of Leo AI-assistant drag-and-drop/clipboard UX bug fixes plus a CODEOWNERS metadata change; no custody-relevant guard or defect repair is present.
https://github.com/brave/brave-core/pull/31141,0.050,0,none,"Fixes a UX bug where custom tab titles were reset during tab restore/initial navigation; the origin comparison only gates cosmetic title persistence, with no path to funds, keys, or signing authority."
https://github.com/brave/brave-core/pull/31116,0.030,0,none,"Dead-code removal of a premium-tier ('Brave Origin' product, not web-origin) state singleton in preparation for a Keyed Service rewrite — a refactor with no custody-relevant guard added or defect repa"
https://github.com/brave/brave-core/pull/31083,0.120,0,none,"The diff is CODEOWNERS config churn and the PR is an Android Picture-in-Picture script-injection condition tweak — a feature-behavior uplift with no path to keys, signing, or funds; the crypto/signer "
https://github.com/brave/brave-core/pull/30996,0.050,0,none,Feature scaffolding adding a new per-profile policy provider for Brave Origin (LoadPolicies returns an empty bundle); no defect repaired and no custody-relevant path touched.
https://github.com/brave/brave-core/pull/30984,0.050,0,none,"Adds a new Brave browser policy provider as feature groundwork for Brave Origin; no defect is repaired and no custody-relevant path (keys, signing, approvals, transport) is touched."
https://github.com/brave/brave-core/pull/30963,0.030,0,none,Test-only and build-file additions for a new AI Chat feature; no defect repaired and no custody-relevant subsystem touched.
https://github.com/brave/brave-core/pull/30944,0.080,0,none,"Pure code-health refactor converting positional to named arguments in Brave's build-time APK signing scripts, with no defect repaired and no untrusted-input path to keys or signing authority."
https://github.com/brave/brave-core/pull/30897,0.150,0,none,Refactors brave://wallet WebUI registration into a WebUIConfig subclass to unify feature-flag gating that was inconsistent across two factory paths; worst pre-fix impact was a crash/unexpected interna
https://github.com/brave/brave-core/pull/30840,0.050,0,none,"Removes the localhost-permission allowlist component so any site can request the permission — a deliberate feature/policy loosening gated by a user prompt, not a repair of a custody-relevant defect."
https://github.com/brave/brave-core/pull/30793,0.300,0,none,"Adds sandboxed image sanitization for drag-and-drop/clipboard uploads in Brave's AI chat feature — defensive hardening of untrusted input, but the subsystem has no path to keys, signing, or funds unde"
https://github.com/brave/brave-core/pull/30790,0.030,0,none,"Test-only fix for a dangling lambda capture causing intermittent SEGV in a gmock unittest; no shipped wallet code, custody path, or untrusted-input surface is touched."
https://github.com/brave/brave-core/pull/30770,0.050,0,none,Feature change adding brave://getting-started and brave://leo-ai to the ads internal-URL allowlist (plus string_view refactor); no guard added and no custody-relevant defect repaired.
https://github.com/brave/brave-core/pull/30719,0.050,0,none,"Feature addition introducing an ad-block-only mode pref, flag, and content-settings overrides; no defect repaired and no custody-relevant (key/signing/approval/transport) path touched."
https://github.com/brave/brave-core/pull/30698,0.030,0,none,"Feature-flag default flip enabling Chromium SideBySide UI plus test harness updates; pure UI feature rollout with no custody-relevant guard, validation, or defect repair."
https://github.com/brave/brave-core/pull/30696,0.350,0,none,"The diff only deletes CODEOWNERS review-routing entries as part of an origin/policy cleanup uplift, with no runtime guard added or defect repaired in custody-relevant code."
https://github.com/brave/brave-core/pull/30654,0.050,0,none,New-feature PR adding a PSST permission context (privacy settings tool) to Brave; greenfield code with no pre-existing defect and no custody-relevant key/signing/approval path.
https://github.com/brave/brave-core/pull/30621,0.050,0,none,"WIP feature PR adding a new BraveOrigin policy/prefs service factory and settings WebUI wiring; 'origin' refers to a Brave product feature, not web-origin security, and no defect in key, signing, or t"
https://github.com/brave/brave-core/pull/30610,0.150,0,none,"Implements the stubbed CIP-30 isEnabled() status query and refactors permission-state checks; the old always-true mock granted no authority, so no custody-relevant defect is repaired."
https://github.com/brave/brave-core/pull/30592,0.050,0,none,"Adds new Polkadot keyring support (new files, new seed-derivation routine, const-correctness refactor) — a feature addition, not a repair of any pre-existing custody defect."
https://github.com/brave/brave-core/pull/30554,0.030,0,none,"Feature PR adding a Brave Origin subscription paywall activity and Play Store billing product IDs; no defect repaired and no custody-relevant path touched — 'origin' here is a product name, not a web-"
https://github.com/brave/brave-core/pull/30541,0.080,0,none,"Pure UI rendering fix in the swap provider list — styling swaps and locale-string parameter correction to stop a render crash, with no path to funds, keys, or signing authority."
https://github.com/brave/brave-core/pull/30484,0.030,0,none,"Pure feature addition introducing a new 'Brave Origin' product-state component behind a disabled-by-default flag; 'origin' is a product name, not an origin check, and no custody-relevant defect is rep"
https://github.com/brave/brave-core/pull/30426,0.080,0,none,"New drag-and-drop image upload feature for the AI chat UI with a security-conscious design, but no pre-existing defect repaired and no custody-relevant (key/signing/approval) subsystem touched."
https://github.com/brave/brave-core/pull/30411,0.050,0,none,"Adds a brand-new eCash keyring and CashAddress implementation (new coin support feature); no existing defect, guard, or exploitable path is repaired."
https://github.com/brave/brave-core/pull/30410,0.030,0,none,"CI/build maintenance uplift disabling a test target for Windows OoM, touching only CODEOWNERS metadata with no wallet source, key, signing, or transport code changed."
https://github.com/brave/brave-core/pull/30390,0.350,0,none,"Fixes SameSite=Strict cookie leakage when opening links in split view — a real browser CSRF/cookie-isolation hardening, but it touches tab/split-view UI and cookie attribution, not keys, signing, appr"
https://github.com/brave/brave-core/pull/30359,0.600,1,ui_deception,"Forces the permission prompt (used for dapp/site approvals) to render at kSecuritySurface z-order, closing a PiP-overlay clickjacking vector where a malicious page could obscure what the user was appr"
https://github.com/brave/brave-core/pull/30253,0.050,0,none,"Stability workaround for an NTP crash when Brave News is disabled by local group policy — no custody-relevant subsystem, no untrusted-input trigger, worst case is a UI crash."
https://github.com/brave/brave-core/pull/30244,0.050,0,none,"Feature PR that surfaces DAppRadar name/logo/verified badge in the origin info card; it adds display metadata rather than repairing any guard, validation, or custody-relevant defect."
https://github.com/brave/brave-core/pull/30241,0.050,0,none,Pure UI restyling of the add/switch-network panel that swaps the origin display to a shared OriginInfoCard component without adding or removing any validation or security-relevant behavior.
https://github.com/brave/brave-core/pull/30226,0.080,0,none,WIP feature PR adding an 'open in external application' menu option and refactoring app-links handling in Brave Android; it adds capability and restructures preference logic rather than fixing any cus
https://github.com/brave/brave-core/pull/30174,0.700,1,memory,"Uplift explicitly remediates GHSA-fjxv-7rqg-78g4, a bigint-buffer buffer overflow with no upstream fix, reachable via untrusted Solana data in Brave Wallet's crypto/signing code paths."
https://github.com/brave/brave-core/pull/30173,0.300,0,none,This is an uplifted third-party dependency bump (form-data GHSA-fjxv-7rqg-78g4) plus CODEOWNERS branch-sync noise; no defect in the wallet's own custody-relevant code is repaired.
https://github.com/brave/brave-core/pull/30152,0.100,0,none,"Adds a safe unwrap to prevent a nil-dereference crash in PDF data extraction for Leo; a stability fix with no path to keys, signing, or funds."
https://github.com/brave/brave-core/pull/30122,0.300,0,none,"Uplift PR resolving a third-party dependency advisory (GHSA dep bump) whose visible diff only deletes CODEOWNERS metadata — the crypto/signer signal is path text in CODEOWNERS, and no defect in the wa"
https://github.com/brave/brave-core/pull/30121,0.350,0,none,"The PR matches Brave's standard audit_deps pattern of bumping a third-party dependency to clear a GitHub advisory (uplifted to 1.81.x), the visible diff touches only CODEOWNERS metadata, and the 'cryp"
https://github.com/brave/brave-core/pull/30115,0.100,0,none,Removes an unused Android manifest permission to satisfy Google Play review; no guard added and no custody-relevant (keys/signing/approval) path affected.
https://github.com/brave/brave-core/pull/30102,0.050,0,none,Restores a broken bookmark-export feature by re-declaring WRITE_EXTERNAL_STORAGE on Android 10-12; a functional regression fix with no custody-relevant guard added or exploitable condition removed.
https://github.com/brave/brave-core/pull/30077,0.080,0,none,"Ordinary UI bug fix: adds a chainId null-guard to stop a market-screen crash and relaxes an iframe sandbox to make the price chart load, with no custody-relevant path involved."
https://github.com/brave/brave-core/pull/30030,0.120,0,none,"Feature PR implementing Cardano CIP-30 message signing; visible diff is test/build updates tracking API-shape changes, with no defect being repaired."
https://github.com/brave/brave-core/pull/29970,0.030,0,none,Cosmetic layout fix adding a margin constant to the pinned-tab overflow calculation in vertical tabs UI; no custody-relevant subsystem or exploitable condition involved.
https://github.com/brave/brave-core/pull/29964,0.200,0,none,"Fixes an internally-triggered use-after-free in Brave's AI chat conversation lifecycle, with no custody-relevant subsystem (keys, signing, approvals, transport) reachable and no untrusted-input trigge"
https://github.com/brave/brave-core/pull/29962,0.120,0,none,"Refactor of Brave iOS sync-enabled state tracking to fix a state-desync crash; touches browser sync UI plumbing, not keys, signing, approvals, or any untrusted-input boundary."
https://github.com/brave/brave-core/pull/29948,0.050,0,none,"Test-only diff for a tab-strip UI crash fix when unpinning a split tab; no custody-relevant subsystem (keys, signing, transport) is touched and the trigger is a local UI action, not untrusted input."
https://github.com/brave/brave-core/pull/29933,0.030,0,none,Adds mojom formatting to the build's format script and reformats comments/whitespace in brave_wallet.mojom with no semantic or runtime change — pure developer tooling and style.
https://github.com/brave/brave-core/pull/29916,0.050,0,none,"Relaxes an ad-serving eligibility check so ads show when the Rewards wallet is disconnected — a product behavior fix with no impact on funds, key material, or signing authority."
https://github.com/brave/brave-core/pull/29896,0.120,0,none,Uplift that relaxes hosted-extension install verification for Brave's own extensions plus a CODEOWNERS rewrite; no custody-relevant defect is repaired and the 'crypto/signer' flag comes from deleted C
https://github.com/brave/brave-core/pull/29890,0.080,0,none,"Adds a font-src 'self' CSP directive to permit bundled fonts in sponsored new-tab content — a feature enablement per advertiser requirements, not a repair of an exploitable defect touching custody."
https://github.com/brave/brave-core/pull/29859,0.080,0,none,"Feature addition introducing Cardano dApp permission settings UI (strings, subpage, routes) behind a flag, with no pre-existing defect being repaired."
https://github.com/brave/brave-core/pull/29832,0.030,0,none,Cosmetic tab-strip layout fix (split tab y-position in vertical tabs) with a browser test; no custody-relevant subsystem or untrusted-input path is touched.
https://github.com/brave/brave-core/pull/29830,0.030,0,none,Pure CSS/JSX layout fix for AI Chat input sizing (overflow and grid row placement) with no custody-relevant code touched.
https://github.com/brave/brave-core/pull/29765,0.030,0,none,Feature PR adding GFM table rendering to AI Chat UI; expands allowed elements rather than fixing any custody-relevant defect.
https://github.com/brave/brave-core/pull/29687,0.300,0,none,"Implements the initial permission-request flow for the new feature-flagged Cardano dapp provider (feature work with tests), not a repair of an exploitable defect in shipped permission handling."
https://github.com/brave/brave-core/pull/29653,0.020,0,none,"Re-enables a perf benchmark story and UMA metrics in CI tooling (tools/perf), touching no custody-relevant wallet code."
https://github.com/brave/brave-core/pull/29632,0.030,0,none,Feature addition registering the Gemma 3 model and its UI strings in Brave Leo AI chat; no custody-relevant code or defect repair involved.
https://github.com/brave/brave-core/pull/29630,0.250,0,none,"Adds null-pointer guards to Brave Shields top-frame origin detection to prevent renderer crashes; no key material, signing, approval, or wallet transport path is affected."
https://github.com/brave/brave-core/pull/29628,0.040,0,none,"Feature change switching Brave's NTP sponsored-images country detection to the variations-service GeoIP source; the 'seed' keyword refers to the variations seed, not wallet key material, and no custod"
https://github.com/brave/brave-core/pull/29619,0.050,0,none,"Replaces a broken YouTube transcript-fetching mechanism with the InnerTube API and updates tests, removing obsolete renderer plumbing; no custody-relevant defect (keys, signing, approvals, transport) "
https://github.com/brave/brave-core/pull/29585,0.100,0,none,"Replaces an incompatible Chromium captive-portal tab helper to prevent a crash on iOS; a UI/compatibility fix with no path to keys, signing, or spend authority."
https://github.com/brave/brave-core/pull/29573,0.600,1,ui_deception,"Suppresses permission bubbles launched by inactive split-view tabs, closing a prompt mis-attribution vector where a malicious page in the unfocused tab could get the user to grant permissions (includi"
https://github.com/brave/brave-core/pull/29559,0.120,0,none,"Feature/compatibility change deliberately exempting Brave-hosted allowlisted MV2 extensions from CWS install verification (plus tests and a string update), not a repair of a custody-relevant defect."
https://github.com/brave/brave-core/pull/29558,0.030,0,none,"Removes an erroneous 'final' modifier so R8 obfuscation works for a media notification service class, fixing a plain crash with no custody-relevant subsystem or attacker-reachable security impact."
https://github.com/brave/brave-core/pull/29518,0.030,0,none,"Pure UI reordering of settings-menu preferences (plus test/build refactor) with no change to permission enforcement, keys, signing, or any attacker-reachable path."
https://github.com/brave/brave-core/pull/29480,0.050,0,none,Feature PR adding optional PKCS11/HSM release-signing support to build scripts; no defect repaired and no user custody path touched.
https://github.com/brave/brave-core/pull/29455,0.030,0,none,Reorders tab-strip layout updates to fix a UI bug when toggling vertical tabs with groups; no custody-relevant subsystem or untrusted-input path is involved.
https://github.com/brave/brave-core/pull/29431,0.030,0,none,Feature PR adding a flag-gated picture-in-picture omnibox icon for YouTube with UI show/hide polish; no guard added and no custody-relevant (key/signing/approval/transport) path touched.
https://github.com/brave/brave-core/pull/29428,0.030,0,none,"Feature change updating the variations (A/B experiment) country preference from the X-Country header at startup; 'seed' here is the Finch variations seed, not key material, and no custody-relevant pat"
https://github.com/brave/brave-core/pull/29407,0.030,0,none,Test-only infrastructure fix wiring Brave's content clients into the unittest runner to stop a test-harness segfault; no production or custody-relevant code changes.
https://github.com/brave/brave-core/pull/29401,0.050,0,none,"Revert of P3A metrics component registration to fix a startup crash on iOS release builds — a stability/rollback change in analytics init with no custody-relevant (key, signing, approval, transport) i"
https://github.com/brave/brave-core/pull/29385,0.050,0,none,Feature addition to Brave's build/CI tooling enabling optional PKCS#11 release signing; no defect repaired and no user custody path touched.
https://github.com/brave/brave-core/pull/29360,0.030,0,none,Additive feature PR introducing a feature-flagged 'Allow Brave surveys' settings toggle with strings and tests; no defect repaired and no custody-relevant path touched.
https://github.com/brave/brave-core/pull/29307,0.080,0,none,"Functionality fix switching translate style injection to adoptedStyleSheets so page CSPs don't block Brave's own CSS; no custody, key, signing, or transport security defect is repaired."
https://github.com/brave/brave-core/pull/29196,0.120,0,none,Swaps the default ZCash RPC endpoint to Brave's proxy and adds proxy auth headers — an infrastructure/config change with no defect repaired and no guard or validation added.
https://github.com/brave/brave-core/pull/29101,0.040,0,none,"Feature addition wiring a new BRAVE_CARDANO permission type through existing permission infrastructure with matching test coverage, not a repair of any exploitable defect."
https://github.com/brave/brave-core/pull/29037,0.200,0,none,"This is a UX/feature change (new keyboard type plus input-format validation for user-typed send/swap amounts); the input is user-controlled, not attacker-controlled, and no custody defect is being rep"
https://github.com/brave/brave-core/pull/29022,0.050,0,none,"Feature PR adding a new Polkadot HD keyring and account-creation plumbing; it introduces new code paths rather than repairing any defect in existing key, signing, or transport handling."
https://github.com/brave/brave-core/pull/28995,0.030,0,none,"Adds a new 'Survey Panelist' settings toggle (strings, pref allowlist, settings page, route) for Brave NTP surveys — a pure feature addition with no custody-relevant code or repaired defect."
https://github.com/brave/brave-core/pull/28976,0.030,0,none,"Build/test-only change adding Brave's browser test suite to the Android gtest runner so tests run in separate processes; no shipped wallet code, keys, signing, or untrusted-input path is touched."
https://github.com/brave/brave-core/pull/28963,0.050,0,none,"The diff only edits .github/CODEOWNERS (review routing metadata) for an iOS UX bugfix PR about a data importer sheet auto-dismissing, with no code path touching keys, signing, approvals, or transport."
https://github.com/brave/brave-core/pull/28955,0.030,0,none,"Feature PR overhauling AI-chat attachment display (new mojom methods, favicon source, UI state plumbing) with no custody-relevant guard added or defect repaired."
https://github.com/brave/brave-core/pull/28927,0.030,0,none,"Adds telemetry histograms for permission lifetime choices; purely observational metrics with no guard, validation, or custody-relevant behavior change."
https://github.com/brave/brave-core/pull/28920,0.050,0,none,"Feature uplift (iOS Safari-importer deep link) whose visible diff only deletes CODEOWNERS review-routing entries; the crypto/signer signals are path strings inside that metadata file, and no runtime g"
https://github.com/brave/brave-core/pull/28818,0.250,0,none,"Adds a 404 page and stricter client-side route persistence in wallet WebUI — presentational/navigation hygiene with no attacker-reachable path to funds, keys, or signing."
https://github.com/brave/brave-core/pull/28769,0.050,0,none,"Feature change routing Brave's NTP sponsored-ads component selection through the variations-service GeoIP country code (the 'seed' involved is the variations seed, not a wallet seed), with incidental "
https://github.com/brave/brave-core/pull/28728,0.050,0,none,"Ordinary crash/lifecycle fix in Android tab-strip UI initialization ordering with no custody-relevant surface (no keys, signing, approvals, or untrusted-input reachability)."
https://github.com/brave/brave-core/pull/28711,0.050,0,none,"Adds a new 'Verified' dapp badge UI feature (hook, label component, tests) with no repaired defect or removed exploitable condition."
https://github.com/brave/brave-core/pull/28633,0.080,0,none,"Fixes a nil-dereference and iOS 18 takeSnapshot crash in tab screenshot/PDF-export code; an availability bug with no path to keys, signing, approvals, or the dapp transport."
https://github.com/brave/brave-core/pull/28570,0.050,0,none,Replaces a NOTREACHED crash in Brave's new-tab-page ads code with crash-key telemetry and a benign image fallback — a stability fix in ad rendering with no custody-relevant (key/signing/approval/trans
https://github.com/brave/brave-core/pull/28506,0.050,0,none,"Fixes a strong-capture retain cycle leaking a closed tab (background audio) plus CODEOWNERS churn; no key, signing, approval, or transport path is involved."
https://github.com/brave/brave-core/pull/28487,0.050,0,none,"The change is a playlist-panel crash fix uplift whose visible diff only edits CODEOWNERS metadata; no custody-relevant code, guard, or validation is touched, so no funds/keys/signing authority are at "
https://github.com/brave/brave-core/pull/28457,0.040,0,none,Feature uplift adding a notification permission for Rewards 3.0 plus CODEOWNERS metadata churn; no defect repaired and no custody-relevant code path changed.
https://github.com/brave/brave-core/pull/28456,0.050,0,none,"Feature uplift adding a rewards notification permission plus CODEOWNERS repo-config churn; the signer/crypto path matches are strings inside CODEOWNERS, and no key, signing, approval, or transport cod"
https://github.com/brave/brave-core/pull/28453,0.030,0,none,Feature adding a notification-permission request dialog and snackbar for Brave Rewards; no guard added and no custody-relevant (key/signing/approval/transport) path touched.
https://github.com/brave/brave-core/pull/28387,0.050,0,none,"The diff only edits .github/CODEOWNERS review-routing metadata for a customtab UI-freeze uplift; no custody-relevant code (keys, signing, approvals, transport) is changed, and the crypto/signer signal"
https://github.com/brave/brave-core/pull/28352,0.030,0,none,Adds a --json output flag to the presubmit build/CI tooling and a .gitignore entry; pure developer tooling with no custody-relevant code or guard changes.
https://github.com/brave/brave-core/pull/28309,0.030,0,none,"Adds a new rebase command to Brave's internal build/CI tooling script; a developer-tooling feature with no custody-relevant guard, fix, or untrusted-input path."
https://github.com/brave/brave-core/pull/28240,0.030,0,none,Perf-benchmark tooling change that disables a noisy UMA metric on macOS to avoid tracing buffer overflow; no custody-relevant code or attacker-reachable path is touched.
https://github.com/brave/brave-core/pull/28235,0.040,0,none,"Feature/uplift fix enabling a settings deeplink plus lint-config and CODEOWNERS metadata changes; no custody-relevant code, guard, or validation is modified."
https://github.com/brave/brave-core/pull/28224,0.350,0,none,"Hardens autofill/mixed-form warnings for .onion pages (protecting autofilled payment/identity data), but touches no wallet key, signing, approval, or dapp-transport path, so no custody impact."
https://github.com/brave/brave-core/pull/28221,0.030,0,none,"Refactor of an internal Chromium-upgrade CLI tool (subcommands, task classes, spinner) with no custody-relevant code or added guards; the 'origin' signal is just the git remote name."
https://github.com/brave/brave-core/pull/28205,0.120,0,none,Pure refactor consolidating Filecoin/ETH secp256k1 signing into shared typed-signature code with behavior (r/s/v computation) preserved; no defect repaired and no new guard added.
https://github.com/brave/brave-core/pull/28203,0.030,0,none,"Adds a new ads-transparency infobar feature (new UI class, strings, prefs) with no guard added or exploitable condition removed, and no custody-relevant subsystem touched."
https://github.com/brave/brave-core/pull/28202,0.050,0,none,"Feature/refactor: adds Chromium variations (A/B experiment) seed fetching on iOS launch and cleans up argv handling — the 'seed' is a field-trial seed, not wallet key material, and no custody-relevant"
https://github.com/brave/brave-core/pull/28187,0.030,0,none,"Feature PR adding a VPN Smart Proxy icon/popover UI component plus a routine GuardianConnect dependency bump; no custody-relevant code, guard, or validation is touched."
https://github.com/brave/brave-core/pull/28185,0.100,0,none,Dependency-only bump of @babel/helpers in package-lock.json; a build-time tool update with no defect in the wallet's own code and no custody-relevant path touched.
https://github.com/brave/brave-core/pull/28158,0.050,0,none,"Mechanical refactor replacing direct WKWebView access with Tab proxy methods; no guard added or exploitable condition removed, so no custody-relevant defect is repaired."
https://github.com/brave/brave-core/pull/28142,0.050,0,none,"Adds an opt-in settings toggle (default off) to permit screenshots in private tabs — a user-facing feature, not a repair of any defect, and unrelated to custody of funds/keys/signing."
https://github.com/brave/brave-core/pull/28092,0.800,1,platform,Uplift of a fix for published advisory GHSA-jr5f-v2jv-69x6 touching crypto/permissions/signer subsystems in Brave's own code; the visible diff is truncated to config noise but the security-repair inte
https://github.com/brave/brave-core/pull/28091,0.350,0,none,Visible diff only edits .github/CODEOWNERS repo metadata; the GHSA reference indicates a dependency-advisory uplift with no defect repaired in the wallet's own custody-relevant code.
https://github.com/brave/brave-core/pull/28064,0.250,0,none,Pure package-lock.json dependency bump resolving an upstream advisory (GHSA-jr5f-v2jv-69x6); no defect in the wallet's own code is repaired.
https://github.com/brave/brave-core/pull/28033,0.080,0,none,"Fixes a Map-vs-plain-object type mismatch that crashed the send UI when selecting a Filecoin address — a functional bug with no path to funds, key material, or signing authority."
https://github.com/brave/brave-core/pull/27979,0.150,0,none,Refactors hand-rolled WKSecurityOrigin→URLOrigin conversion onto Chromium's canonical helper with equivalent validation; no defect repaired and no custody-relevant path changed.
https://github.com/brave/brave-core/pull/27953,0.120,0,none,"Pure refactor relocating existing WebView KVO logic into a TabObserver pattern; the URL-spoofing guard is moved verbatim, and no new validation is added or exploitable condition removed."
https://github.com/brave/brave-core/pull/27836,0.050,0,none,"Fixes translation onboarding crashes and load-timing in Brave iOS's translate feature — a UX/correctness bug fix with no path to keys, signing, or funds."
https://github.com/brave/brave-core/pull/27817,0.030,0,none,"New developer tooling script for automating Chromium version upgrades; pure build/release infrastructure with no runtime code, no defect repaired, and no custody-relevant surface."
https://github.com/brave/brave-core/pull/27768,0.050,0,none,"Feature addition implementing custom search engines in Brave Android settings UI; the linked security issue is a routine pre-launch feature review, not a custody-relevant defect being repaired."
https://github.com/brave/brave-core/pull/27701,0.030,0,none,"Test-only change tightening Java method-signature assertions in Brave's bytecode compatibility tests; no wallet source, custody path, or guard is modified."
https://github.com/brave/brave-core/pull/27645,0.030,0,none,Feature PR adding a sponsored rich-media NewTabTakeover WebUI to the Android NTP; no defect repaired and no custody-relevant path touched.
https://github.com/brave/brave-core/pull/27623,0.600,1,ui_deception,"Restricts blob: URL display to origin-only and validates un-encoded URL strings in the address bar, closing a URL-bar spoofing/homoglyph phishing vector, though framed as a hardening follow-up rather "
https://github.com/brave/brave-core/pull/27525,0.080,0,none,"Adds a Cardano keyring feature and refactors Bitcoin keyring constructors to typed KeyringId with test updates; no defect affecting funds, keys, or signing authority is repaired."
https://github.com/brave/brave-core/pull/27507,0.060,0,none,"Feature PR adding smart-proxy-routing/PAC configuration to Brave VPN's Windows IKEv2 connection; the URL/HTTPS validation is part of the new capability, not a repair of an exploitable defect, and no c"
https://github.com/brave/brave-core/pull/27497,0.050,0,none,Relaxes iframe sandbox flags to let the trusted brave://getting-started page open popups — a functionality fix that removes a restriction rather than repairing a custody-relevant defect.
https://github.com/brave/brave-core/pull/27454,0.030,0,none,"Feature addition registering the Qwen 14B model and its UI strings in Brave Leo AI chat; no guard added, no defect fixed, and no custody-relevant subsystem touched."
https://github.com/brave/brave-core/pull/27327,0.050,0,none,"iOS playlist sleep-timer countdown validation plus CODEOWNERS config churn; a media-UI robustness fix with no path to keys, signing, or funds — the crypto/signer flag comes only from path strings insi"
https://github.com/brave/brave-core/pull/27312,0.050,0,none,Guards a playlist sleep-timer countdown against a past fire date to fix a UI crash triggered by device clock changes; no custody-relevant subsystem or attacker-reachable path is involved.
https://github.com/brave/brave-core/pull/27285,0.150,0,none,"Adds a new hidden-renderer backup-search-results feature (service, factory, navigation throttle, tests, vendor bump) with built-in containment guardrails, touching no custody-relevant subsystem and re"
https://github.com/brave/brave-core/pull/27276,0.050,0,none,Feature/refactor adding an Android 13 POST_NOTIFICATIONS request for sync notifications and deduplicating VPN permission code; no custody-relevant defect is fixed.
https://github.com/brave/brave-core/pull/27250,0.050,0,none,Adds an Android 13 POST_NOTIFICATIONS runtime permission request so VPN notifications display — an OS-compatibility/UX change with no custody-relevant guard or exploitable defect.
https://github.com/brave/brave-core/pull/27152,0.080,0,none,"Adds a brand-new SLIP-0023/Cardano key-derivation and signing feature (new files, new BoringSSL wrappers) rather than repairing any pre-existing defect in custody-relevant code."
https://github.com/brave/brave-core/pull/27116,0.050,0,none,"Pure feature addition of a recent-addresses history UI in the Send flow (strings, localStorage keys, list/delete/disable components) with no guard added or defect repaired in any custody-relevant path"
https://github.com/brave/brave-core/pull/27114,0.600,1,ui_deception,"Removes attacker-controlled realm text from the HTTP auth prompt and shows the full origin, fixing a spoofing/phishing vector where a hostile site could inject misleading text into a credential trust "
https://github.com/brave/brave-core/pull/27083,0.030,0,none,"Pure feature addition introducing screenshot commands, strings, a feature flag, and new component code with no custody-relevant guard or defect repair."
https://github.com/brave/brave-core/pull/27069,0.120,0,none,"Fixes a leaked Swift continuation and stale popup in the external-app alert flow; cancellation resumes with the deny value, so the pre-fix defect is a hang/UI stall with no path to funds, keys, or sig"
https://github.com/brave/brave-core/pull/27063,0.050,0,none,"UI layout fix for the webcompat report dialog (scrollbar/height plumbing so the Send button stays visible); no custody-relevant subsystem, guard, or untrusted-input path is touched."
https://github.com/brave/brave-core/pull/27049,0.400,0,none,"Fixes origin attribution in the browser's download/file-picker dialog title — a UI spoofing hardening in generic browser code with no reachable path to funds, key material, or signing authority."
https://github.com/brave/brave-core/pull/27042,0.300,0,none,"Blocks an origin-trial bypass of Brave Shields' third-party storage partitioning — a real privacy/anti-tracking hardening fix, but it never touches keys, signing, approvals, or any custody path, so wo"
https://github.com/brave/brave-core/pull/27016,0.050,0,none,"Feature PR adding a foreground microphone service for background Brave Talk on Android; it introduces new capability rather than repairing any defect, and touches no custody-relevant path."
https://github.com/brave/brave-core/pull/26996,0.050,0,none,"Feature enablement and UX rework for Brave Leo chat history (flag default, support URL, notice-dismissal logic) with no custody-relevant guard added or defect repaired."
https://github.com/brave/brave-core/pull/26968,0.600,1,platform,"Adds https-scheme and brave.com-host validation for card links/thumbnails that were previously rendered unvalidated in the privileged chrome://rewards WebUI, closing a javascript:-URL/arbitrary-resour"
https://github.com/brave/brave-core/pull/26953,0.400,0,none,Fixes which origin string is displayed in the download save-dialog title (using Chromium's precomputed caller instead of the frame's last-committed origin) — a display-correctness/anti-spoofing tweak 
https://github.com/brave/brave-core/pull/26914,0.080,0,none,"New feature adding Safari password/history import APIs and CSV parsing to Brave iOS — new capability in the password subsystem, not a fix for an existing custody-relevant defect."
https://github.com/brave/brave-core/pull/26896,0.050,0,none,"Lockfile-only bump of express/path-to-regexp addressing an upstream ReDoS advisory; no wallet-code defect and no custody impact on funds, keys, or signing."
https://github.com/brave/brave-core/pull/26887,0.350,0,none,Planned rotation of the component-update publisher key with re-signed components; verification logic was already correct and no compromise or code defect is being repaired.
https://github.com/brave/brave-core/pull/26855,0.300,0,none,"Proactive privilege-separation refactor of Brave's AI chat WebUI (trusted/untrusted frame split) requested as hardening, with no demonstrated defect and no path to keys, signing, or funds."
https://github.com/brave/brave-core/pull/26789,0.650,1,ui_deception,"Fixes LTR/RTL URL-bar rendering (a classic origin-spoofing vector) in the URL bar and Page Security View, reachable by any hostile page and tracked via an internal security issue."
https://github.com/brave/brave-core/pull/26788,0.650,1,ui_deception,"Fixes LTR-RTL bidi handling in the iOS URL bar and Page Security View (tracked via a private internal issue), repairing an attacker-triggerable origin-display/URL-spoofing surface that enables phishin"
https://github.com/brave/brave-core/pull/26753,0.030,0,none,"iOS Playlist UI feature uplift whose diff only touches the CODEOWNERS review-routing file; the crypto/signer flag is a false positive from path strings in deleted lines, with no wallet code or custody"
https://github.com/brave/brave-core/pull/26724,0.080,0,none,"Null-check guards around tab model selector access fix a Play-console-reported NPE crash during activity lifecycle; no key material, signing, or approval path is affected."
https://github.com/brave/brave-core/pull/26705,0.250,0,none,"Removes a crash-prone NSAttributedString HTML fallback in the AI chat markdown renderer — a UI stability/DoS workaround with no reachability to keys, signing, or funds."
https://github.com/brave/brave-core/pull/26667,0.030,0,none,"iOS playlist feature uplift whose diff only touches CODEOWNERS review-routing config; the crypto/signer signal is path strings in that file, not any custody-relevant code change."
https://github.com/brave/brave-core/pull/26624,0.050,0,none,"iOS Playlist media-playback leak fix (plus CODEOWNERS churn) with no path to keys, signing, approvals, or funds."
https://github.com/brave/brave-core/pull/26621,0.250,0,none,"Fixes private/normal browsing-mode mix-up when opening tabs — a privacy/UX defect in tab management with no path to funds, key material, or signing authority."
https://github.com/brave/brave-core/pull/26614,0.030,0,none,New feature adding a brave://ads-internals diagnostics WebUI page with properly scoped mojo bindings; no defect repaired and no custody-relevant subsystem touched.
https://github.com/brave/brave-core/pull/26578,0.030,0,none,Test-only fix replacing a leaked heap allocation with a stack-allocated object in a unit test; no shipped code or custody-relevant path is touched.
https://github.com/brave/brave-core/pull/26564,0.200,0,none,"UI-only change that hides the shield button when a ZCash account is already shielded — a product-support/UX restriction with no attacker-reachable path to funds, keys, or signing authority."
https://github.com/brave/brave-core/pull/26531,0.080,0,none,"Feature addition (VPN Smart Proxy + Kill Switch) plus GuardianConnect SDK bump and API-rename plumbing in Brave's VPN subsystem, with no custody-relevant defect repaired."
https://github.com/brave/brave-core/pull/26504,0.080,0,none,"Adds crash-report diagnostics (DumpWithoutCrashing + crash keys) for a tab-group sync CHECK failure in browser UI code; no custody-relevant subsystem and the crash still occurs, so no vulnerability is"
https://github.com/brave/brave-core/pull/26500,0.030,0,none,"One-line swap of std::addressof for & to work around a clang compiler assert crash at build time; semantically equivalent runtime behavior in a non-custody rewards component, so no security defect is "
https://github.com/brave/brave-core/pull/26427,0.100,0,none,Dependency migration off the unmaintained build-time crate proc-macro-error with a mechanical import rename; no defect in the wallet's own signing code is repaired.
https://github.com/brave/brave-core/pull/26424,0.050,0,none,Feature/UX change in Brave Leo AI chat that intentionally relaxes an opt-in gate for pre-opt-in content staging; no custody-relevant subsystem or defect repaired.
https://github.com/brave/brave-core/pull/26402,0.400,0,none,"Adds new CSP/chrome-untrusted infrastructure to iOS WebUI as proactive hardening, introducing an enforcement capability rather than repairing a concrete exploitable defect."
https://github.com/brave/brave-core/pull/26376,0.050,0,none,Feature change adding a selected_language field to AI chat ratings/feedback telemetry and a disclosure tooltip; no custody-relevant code or defect repaired.
https://github.com/ACINQ/eclair/pull/3114,0.030,0,none,"Deletes obsolete test scenario scripts and expected outputs only; no production wallet code, guard, or custody-relevant behavior is changed."
https://github.com/ACINQ/eclair/pull/2234,0.120,0,none,"Feature addition implementing BOLT #911 DNS hostname support in node announcements with accompanying spec-conformance validation, not a repair of an exploitable custody-relevant defect."
https://github.com/ACINQ/eclair/pull/1491,0.060,0,none,Feature PR activating the anchor-outputs commitment format in Lightning channels; it extends signing APIs for the new format but adds no guard and repairs no defect.
https://github.com/ACINQ/eclair/pull/2338,0.040,0,none,Removes obsolete timestamp-to-blockheight backward-compatibility code and its migration test — a dead-code cleanup with no guard added and no custody-relevant behavior change.
https://github.com/ACINQ/eclair/pull/2041,0.150,0,none,"Corrects a timestamp-vs-blockheight heuristic constant in backward-compatibility migration code; a self-triggered correctness bug on testnet with no attacker-reachable path to funds, keys, or signing "
https://github.com/ACINQ/eclair/pull/1576,0.120,0,none,Refactor of Lightning feature-negotiation (static supported set replaced with dynamic activated-feature check and symmetric compatibility) with no custody-relevant guard added or exploitable defect re
https://github.com/ACINQ/eclair/pull/1554,0.050,0,none,Test-only change adding backward-compatibility assertions for database codecs; no production code or custody-relevant defect is repaired.
https://github.com/EdgeApp/edge-react-gui/pull/6028,0.030,0,none,Feature PR adding a Changelly swap provider with config plumbing and a trivial XOR obfuscation codec for a partner API key; no defect is repaired and no custody-relevant guard is added.
https://github.com/EdgeApp/edge-react-gui/pull/5338,0.080,0,none,"Adds a hideDepositDetails display flag to the Kado fiat-widget integration — a UI presentation tweak with no guard, validation, or custody-relevant path touched."
https://github.com/EdgeApp/edge-react-gui/pull/646,0.050,0,none,Feature addition of a plugin/webview framework and Simplex buy-sell integration with new deeplink and dependency surface; no defect is repaired and no guard closes an exploitable custody path.
https://github.com/EdgeApp/edge-react-gui/pull/136,0.050,0,none,"Adds new Touch ID functionality (build wiring plus a settings toggle) as a feature; no defect in keys, signing, or transport is being repaired."
https://github.com/EdgeApp/edge-react-gui/pull/5850,0.030,0,none,Compatibility revert from react-native-worklets scheduleOnRN to runOnJS in a UI slider plus an eslint deprecation allowance; no guard or custody-relevant defect is fixed.
https://github.com/spesmilo/electrum/pull/964,0.050,0,none,Adds a new audio-modem plugin feature for air-gapped transaction transfer; no defect is repaired and no guard or validation is added.
https://github.com/spesmilo/electrum/pull/1391,0.050,0,none,Adds a new KeepKey hardware-wallet plugin (feature integration copied from the Trezor plugin); no existing defect is repaired and no guard or validation is added to pre-existing code.
https://github.com/spesmilo/electrum/pull/1044,0.100,0,none,"Loosens a hardware-wallet firmware version pin to support upcoming firmware and refactors exception handling in sign_message — compatibility prep, not the repair of any custody defect."
https://github.com/spesmilo/electrum/pull/9039,0.050,0,none,"Feature PR adding onion-message CLI commands, blinded-path construction, and a new TLV field type to Electrum, with no pre-existing defect being repaired."
https://github.com/spesmilo/electrum/pull/7590,0.080,0,none,Mechanical API-compatibility refactor for trezorlib 0.13 plus Taproot feature support; no guard added or exploitable defect removed in the signing path.
https://github.com/spesmilo/electrum/pull/6309,0.060,0,none,"Mechanical API-compatibility update of the BitBox02 plugin for the bitbox02-4.0.0 library (dep pin bump plus adapted call signatures), with no guard added or exploitable defect removed."
https://github.com/spesmilo/electrum/pull/4895,0.720,1,transport,"Replaces unauthenticated (malleable) AES encryption on the hardware-wallet HID channel with encrypt-then-MAC plus HMAC verification of replies and a minimum-firmware gate, closing a MITM/tampering pat"
https://github.com/spesmilo/electrum/pull/6199,0.350,0,none,"Compatibility update for bitbox02-3.0.0: Electrum adapts to the new library API (passing prev_tx data now required by firmware's anti-fee-attack verification), but the security fix itself lives in the"
https://github.com/enkryptcom/enKrypt/pull/808,0.060,0,none,Feature integration adding Firo/Spark support with new deps and mnemonic plumbing; no guard is added and no pre-existing custody defect is repaired.
https://github.com/enkryptcom/enKrypt/pull/601,0.050,0,none,"Feature/integration change renaming Syscoin networks and adding Blockscout balance fetching; no defect repaired and no custody-relevant path (keys, signing, approvals, transport) is touched."
https://github.com/enkryptcom/enKrypt/pull/214,0.050,0,none,"Additive Rootstock network integration (network config, icon, Ledger paths, RNS resolver, EIP-1191 checksum support for the new chain) — a feature PR with no defect repaired."
https://github.com/ethereumjs/ethereumjs-monorepo/pull/4225,0.030,0,none,"Feature scaffolding for the draft Amsterdam hardfork (empty EIP list, null activation block) plus CI label renames, docs, and a test-fixture submodule bump — no guard, key, signing, or validation logi"
https://github.com/ethereumjs/ethereumjs-monorepo/pull/4141,0.030,0,none,"Pure CI/test integration change — adds a workflow job, bumps a test-fixtures submodule, and renames npm test scripts, with no runtime wallet code touched."
https://github.com/ethereumjs/ethereumjs-monorepo/pull/3757,0.030,0,none,Test-only refactor replacing mocks with an inline client in a miner integration test; no production code or custody-relevant path is changed.
https://github.com/ethereumjs/ethereumjs-monorepo/pull/2729,0.030,0,none,Monorepo integration of the ethereumjs-wallet package with lockfile-only changes; no guard added or defect repaired in custody-relevant code.
https://github.com/ethereumjs/ethereumjs-monorepo/pull/2667,0.050,0,none,Adds an LRU trie-node cache and config plumbing purely for block-execution performance; no defect is repaired and no custody-relevant guard or validation is introduced.
https://github.com/ethereumjs/ethereumjs-monorepo/pull/1648,0.100,0,none,"Release-prep refactor migrating rlp v3 to Uint8Array with new conversion utilities, docs, and tests — no exploitable defect is repaired."
https://github.com/ethereumjs/ethereumjs-monorepo/pull/1317,0.050,0,none,"API consolidation and feature addition (Common.custom constructor with Polygon/Arbitrum/xDai enum entries) plus doc updates; no guard added or defect removed, and no custody-relevant path is repaired."
https://github.com/ethereumjs/ethereumjs-monorepo/pull/1034,0.030,0,none,"Feature PR adding a customChains initialization API and docs/typing improvements to ethereumjs Common, with no guard added or exploitable defect removed."
https://github.com/ethereumjs/ethereumjs-monorepo/pull/869,0.050,0,none,Architectural refactor moving EIP config from VM to Common with API renames and new options; no custody-relevant defect is repaired.
https://github.com/ethereumjs/ethereumjs-monorepo/pull/876,0.030,0,none,"Refactors hardfork/EIP JSON config format and parameter lookup in ethereumjs Common as feature prep for Yolo v2; no guard added, no custody-relevant path touched."
https://github.com/ethereumjs/ethereumjs-monorepo/pull/4150,0.030,0,none,"Lockfile-only churn of dev/test dependencies (vitest, chai, playwright) for a routine release round, touching no wallet source or custody path."
https://github.com/ethereumjs/ethereumjs-monorepo/pull/2493,0.030,0,none,"Docs and devnet config reorganization for 4844 interop testing — file moves and markdown instructions only, no wallet source changes touching keys, signing, or any custody path."
https://github.com/ethereumjs/ethereumjs-monorepo/pull/2492,0.020,0,none,"Documentation-only change updating READMEs (installation, CL-client instructions, table of contents) with no executable code modified."
https://github.com/ethereumjs/ethereumjs-monorepo/pull/2040,0.200,0,none,"Dependency bump of ethereum-cryptography/@noble libs in package.json/lockfile for a functional msgHash=0 compatibility fix, with no defect repaired in the wallet's own code."
https://github.com/ethereumjs/ethereumjs-monorepo/pull/1509,0.030,0,none,Docs config tweak plus dev-dependency lockfile updates for ongoing merge feature work; no custody-relevant wallet code or guard is changed.
https://github.com/ethereumjs/ethereumjs-monorepo/pull/3394,0.100,0,none,"Backward-compatibility fix reconstructing legacy empty block bodies in the blockchain DB layer, with sanity checks on header roots; no custody-relevant path to funds, keys, or signing authority."
https://github.com/ethereumjs/ethereumjs-monorepo/pull/2840,0.050,0,none,"Browser-compatibility and CI maintenance (dependency rename, Vite config, debug-flag guard, example page) with no custody-relevant defect repaired."
https://github.com/ethereumjs/ethereumjs-monorepo/pull/1834,0.030,0,none,CI/build maintenance — eslint/tsconfig target bumps and dev-dependency lockfile churn with no change to any custody-relevant code path.
https://github.com/ethereumjs/ethereumjs-monorepo/pull/1638,0.150,0,none,"Replacing assert with equivalent explicit throws is a Webpack 5 compatibility refactor with identical validation behavior, and the codehash-prefix fix is VM execution correctness, not a custody-path d"
https://github.com/ethereumjs/ethereumjs-monorepo/pull/1149,0.030,0,none,"Adds a browser polyfill stub for Node's dns module to fix bundling compatibility in devp2p peer discovery — a DX/compatibility change with no custody-relevant guard, key, signing, or transport-securit"
https://github.com/ethereumjs/ethereumjs-monorepo/pull/1138,0.030,0,none,"Pure symbol/type renaming refactor (LegacyTransaction→Transaction, EIP2930Transaction→AccessListEIP2930Transaction) with doc-comment updates for API backwards-compatibility; no behavioral, validation,"
https://github.com/ethers-io/ethers.js/pull/681,0.030,0,none,"Pure CI/test infrastructure addition (CircleCI config plus a local Parity dev-chain fixture); the password/unlock signals are dev-node flags for a test account, with no change to custody-relevant wall"
https://github.com/floating/frame/pull/547,0.050,0,none,"Ordinary Lattice integration maintenance — UI rename, connection timeout, signer store create/update bookkeeping, and a gridplus-sdk dep bump — with no custody-relevant defect repaired."
https://github.com/stellar/freighter/pull/2702,0.030,0,none,"Docs-only change adding an API integration guide and fixing a documentation path in AGENTS.md, with no modification to wallet source code or any custody-relevant logic."
https://github.com/stellar/freighter/pull/684,0.040,0,none,"Adds an experimental-only integration-test harness, an account pre-load feature on recovery, and a UI/refactor cleanup; no guard is added and no exploitable defect in keys, signing, or transport is re"
https://github.com/Blockstream/gdk/pull/45,0.050,0,none,"Adds gdk_rust/Electrum backend integration, build/CI wiring, and regtest integration tests — a feature and test-infrastructure change with no defect repaired or guard added."
https://github.com/ZenGo-X/gotham-city/pull/11,0.050,0,none,"Feature/refactor PR (AWS integration, ClientShim abstraction, optional JWT auth, tests) that mechanically re-plumbs the 2P-ECDSA client without repairing any defect in key handling or signing."
https://github.com/consenlabs/token-core-monorepo/pull/183,0.200,0,none,"Fixes lexicographic-vs-numeric applet version comparison and enum name casing for BTC message signing compatibility; the pre-fix bug causes failed or malformed signing on certain applet versions, not "
https://github.com/MetaMask/KeyringController/pull/252,0.120,0,none,"Restores QR keyring compatibility by no longer defaulting addNewKeyring opts to an empty object — a functional regression fix in keyring code with no attacker-reachable path to funds, key material, or"
https://github.com/KeystoneHQ/keystone3-firmware/pull/2209,0.700,1,firmware,"Despite being framed as a branch sync, the diff carries concrete firmware memory-safety repairs: bootLen bounds validation in the bootloader update path and length-field bounds checks fixing an ISR bu"
https://github.com/KeystoneHQ/keystone3-firmware/pull/1057,0.050,0,none,"Entirely new-file feature PR adding Stellar chain support (new crate, CI workflows, images); no existing defect is repaired despite touching key-derivation code."
https://github.com/KeystoneHQ/keystone3-firmware/pull/936,0.050,0,none,"This PR adds a new ArConnect/Arweave feature (new crate, deep-hash implementation, CI workflow, images, tests) rather than repairing any existing defect in key, signing, or transport code."
https://github.com/KeystoneHQ/keystone3-firmware/pull/755,0.100,0,none,"New Arweave/ArConnect feature integration adding AES helpers, address generation, and RSA key derivation — a feature addition, not a repair of any exploitable defect."
https://github.com/KeystoneHQ/keystone3-firmware/pull/935,0.030,0,none,Feature PR adding a Typhon wallet logo image asset (static LVGL bitmap) plus a version bump; no guard added or exploitable condition removed.
https://github.com/input-output-hk/lace/pull/173,0.030,0,none,"Feature work adding PostHog analytics (env flags, dependency, event renames, CSP allowlist widening for telemetry) with no custody-relevant defect repaired."
https://github.com/input-output-hk/lace/pull/904,0.030,0,none,"Feature/refactor PR integrating stake-pool grid/list views, renaming APY to ROS, and adjusting search persistence — no custody-relevant guard or defect fix."
https://github.com/input-output-hk/lace/pull/1992,0.050,0,none,"Feature PR adding LMP/Midnight wallet bundle integration (new hook, menu link, feature-flagged UI) with no guard added or vulnerability removed."
https://github.com/input-output-hk/lace/pull/1022,0.030,0,none,CI-only workflow config change adding env vars to fix post-integration test runs; no wallet source or custody-relevant path is touched.
https://github.com/input-output-hk/lace/pull/892,0.040,0,none,"Feature PR integrating multi-wallet UI components (dropdown/account display) with routine SDK patch bumps; no guard, validation, or custody-relevant defect is repaired."
https://github.com/input-output-hk/lace/pull/905,0.150,0,none,"Restores broken Trezor connectivity by fixing a hardcoded wallet type and import paths; no guard added and the pre-fix failure was non-function, not loss of funds, keys, or signing authority."
https://github.com/input-output-hk/lace/pull/1603,0.050,0,none,"Pure UI/layout restyling of the settings page (spacing, text, toggle placement) with no change to origin whitelisting, signing, or any custody-relevant logic."
https://github.com/leather-io/extension/pull/6135,0.030,0,none,"The diff only adds a default notifications flag to a Playwright test page-object state fixture to fix a failing integration test; no wallet source, key, signing, or transport code is touched."
https://github.com/leather-io/extension/pull/6027,0.050,0,none,"Release PR for sBTC integration: feature-flag enablement, config schema additions, CI/lint/docs tweaks, and routine internal dependency bumps, with no guard added or defect repaired in wallet code."
https://github.com/leather-io/extension/pull/5991,0.040,0,none,"Feature PR enabling sBTC display via config flags, schema additions, and dependency bumps, with no guard added or defect repaired in wallet code."
https://github.com/leather-io/extension/pull/5459,0.030,0,none,Test-only change fixing flaky Playwright integration tests (timeout bump and visibility assertions); no wallet runtime code or custody path is touched.
https://github.com/leather-io/extension/pull/4349,0.030,0,none,"Feature PR integrating ALEX swaps (new SDK dep, swap hooks, txid rename, UI copy tweaks) with no guard added or defect repaired."
https://github.com/leather-io/extension/pull/2106,0.120,0,none,"Feature activation of the okcoin fiat onramp with a UI refactor; the stray address-prefix correction was in never-enabled code, so no shipped custody defect is repaired."
https://github.com/leather-io/extension/pull/1425,0.030,0,none,"Pure CI/workflow refactor (caching, test matrix, Node bump) touching only .github files with no custody-relevant wallet code changed."
https://github.com/leather-io/extension/pull/745,0.030,0,none,"The change is CI/test infrastructure, eslint config, dependency bumps, and static assets to fix integration tests, with no modification to any custody-relevant wallet logic."
https://github.com/LedgerHQ/ledger-live/pull/19900,0.030,0,none,Test-only change adding Aleo add-account/send integration tests with mocked device and bridge layers; no production wallet code or custody-relevant behavior is modified.
https://github.com/LedgerHQ/ledger-live/pull/20092,0.030,0,none,"Test-only Jest snapshot refresh for cosmos integration data drift; no wallet source, validation, or custody logic changed."
https://github.com/LedgerHQ/ledger-live/pull/19848,0.030,0,none,Mechanical refactor swapping instanceof error checks for .name string checks to decouple from @ledgerhq/errors; no guard added or removed and no custody-relevant behavior change.
https://github.com/LedgerHQ/ledger-live/pull/19819,0.030,0,none,"Mechanical migration of SafeAreaView imports to a custom wrapper for layout/inset handling across 90 screens — a UI refactor with no change to guards, keys, signing, or any untrusted-input path."
https://github.com/LedgerHQ/ledger-live/pull/19546,0.030,0,none,"Pure logging-noise refactor changing console.error to console.warn with no behavioral, validation, or custody-path change."
https://github.com/LedgerHQ/ledger-live/pull/19454,0.030,0,none,"CODEOWNERS-only change rescoping review ownership globs; no wallet source, guard, or custody-relevant logic is modified."
https://github.com/LedgerHQ/ledger-live/pull/17994,0.020,0,none,Pure documentation change converting absolute GitHub links to relative paths in an EVM integration README; no executable wallet code or custody-relevant logic is modified.
https://github.com/LedgerHQ/ledger-live/pull/19600,0.030,0,none,"Test-and-docs-only change aligning integration-test node URLs with the app's endpoint; no production code, guard, or custody-relevant path is touched."
https://github.com/LedgerHQ/ledger-live/pull/18444,0.030,0,none,Adds test-only integration tests for Tezos staking flows with fully mocked bridges and devices; no wallet source code or custody-relevant behavior is changed.
https://github.com/LedgerHQ/ledger-live/pull/18973,0.060,0,none,Revert of a Datadog telemetry integration due to boot-time issues — a stability/dependency rollback with no custody-relevant guard or defect repaired.
https://github.com/LedgerHQ/ledger-live/pull/19080,0.030,0,none,Test-only change fixing a flaky History export integration test by using lighter mock accounts; no production or custody-relevant code is touched.
https://github.com/LedgerHQ/ledger-live/pull/18680,0.030,0,none,"Test-only change stabilizing a flaky Stellar integration test (mainnet endpoint, relaxed fee assertion); no shipped wallet code, keys, signing, or transport paths are touched."
https://github.com/LedgerHQ/ledger-live/pull/18656,0.030,0,none,New test-only file adding send-flow integration tests; no production code or guard changes.
https://github.com/LedgerHQ/ledger-live/pull/17739,0.030,0,none,Test-only change adding Tezos staking integration tests and mock fixtures with no modification to production wallet code or any custody-relevant guard.
https://github.com/LedgerHQ/ledger-live/pull/18441,0.060,0,none,"Feature PR integrating Aleo getTvk precomputation and streaming progress into signOperation with new tests — adds capability rather than repairing any defect in key handling, signing, or transport."
https://github.com/LedgerHQ/ledger-live/pull/18405,0.040,0,none,"Feature-prep PR enabling Aleo token transaction modes (tests, fixtures, i18n, constants, changeset) with no defect repaired in custody-relevant code."
https://github.com/LedgerHQ/ledger-live/pull/18486,0.050,0,none,"Refactor preparing Aleo token-account support in Ledger Live UI (parent-account resolution, self-transfer action wiring, test updates) with no guard added or exploitable condition removed."
https://github.com/LedgerHQ/ledger-live/pull/18470,0.030,0,none,"Feature PR adding a flag-gated Portfolio Stocks UI section (list/discovery grid, locale strings, tests) with no guard added or custody-relevant path touched."
https://github.com/LedgerHQ/ledger-live/pull/17843,0.020,0,none,"Pure test-snapshot dataset refresh (updated balances and operation lists in Cosmos/Coreum integration test .snap files) with no wallet source, guard, or custody logic changed."
https://github.com/LedgerHQ/ledger-live/pull/16936,0.120,0,none,"Adds an advisory pop-up feature, test IDs, and Jest tests for Cardano delegation UI; no guard against untrusted input or repair of key/signing/approval logic."
https://github.com/LedgerHQ/ledger-live/pull/18385,0.030,0,none,"Feature-prep PR adding Aleo token test fixtures, mocks, and fee constants; only test/changeset files change and no custody-relevant runtime code or guard is touched."
https://github.com/LedgerHQ/ledger-live/pull/17700,0.030,0,none,Test-only PR adding jest mocks for useAccountBridge across test suites to prepare for an async bridge migration; no production code or custody-relevant behavior changes.
https://github.com/LedgerHQ/ledger-live/pull/16901,0.030,0,none,Test-only change wrapping QueuedDrawer test assertions in waitFor to fix flakiness; no production code or custody-relevant path is modified.
https://github.com/LedgerHQ/ledger-live/pull/16903,0.030,0,none,"Pure CI/test-infrastructure change adding an integration test job and path filter; no wallet source, key, signing, or custody logic is touched."
https://github.com/LedgerHQ/ledger-live/pull/16086,0.030,0,none,Test-only change updating Jest mocks in an integration test for the Canton OnboardModal; no production code or custody-relevant behavior is modified.
https://github.com/LedgerHQ/ledger-live/pull/16897,0.030,0,none,"Pure test/CI configuration change splitting integration tests into a separate Jest config; no wallet source, guard, or custody-relevant code is modified."
https://github.com/LedgerHQ/ledger-live/pull/15722,0.030,0,none,"Test-only change swapping a hardcoded Sui account address in integration tests; no production code, guards, or custody-relevant logic is modified."
https://github.com/LedgerHQ/ledger-live/pull/15889,0.030,0,none,"Adds Canton onboarding integration tests and a changeset only; no production wallet code, guard, or custody-relevant logic is changed."
https://github.com/LedgerHQ/ledger-live/pull/15891,0.030,0,none,"Test-only change adding MSW mock handlers and an integration test for Canton onboarding on mobile, plus a changeset; no production wallet code or custody-relevant runtime behavior is modified."
https://github.com/LedgerHQ/ledger-live/pull/15783,0.080,0,none,"Adds integration tests, test IDs, and an informational UX modal for Cardano undelegation with pending rewards — no attacker-reachable defect in keys, signing, approvals, or transport is fixed."
https://github.com/LedgerHQ/ledger-live/pull/15765,0.080,0,none,"Self-described refactor moving Canton transaction encoding into hw-app-canton with test-fixture consolidation, dependency reshuffling, and a timeout bump — no guard added or defect repaired in any cus"
https://github.com/LedgerHQ/ledger-live/pull/15869,0.030,0,none,"Adds only an integration test file and a changeset for Canton offer flows; no wallet source code, guard, or validation is changed."
https://github.com/LedgerHQ/ledger-live/pull/15868,0.030,0,none,Test-only change adding Canton pending-offer integration tests and a changeset; no production wallet code is modified.
https://github.com/LedgerHQ/ledger-live/pull/16059,0.030,0,none,"Test-only migration of an integration test to the withFlagOverrides helper to fix a typecheck regression, with no change to shipped wallet code or any custody-relevant path."
https://github.com/LedgerHQ/ledger-live/pull/15958,0.030,0,none,Type-only import path update in an integration test following a package rename; no runtime wallet code or custody-relevant logic is touched.
https://github.com/LedgerHQ/ledger-live/pull/15615,0.050,0,none,Adds integration tests for the Concordium onboarding 2FA confirmation UI with all custody-relevant modules mocked; no production wallet code or guard logic is changed.
https://github.com/LedgerHQ/ledger-live/pull/15597,0.200,0,none,"Feature PR adding a useEncryptedProve config flag and plumbing coin config into Aleo broadcast, plus test-mock consolidation — no defect repaired and no guard/validation added on a custody path."
https://github.com/LedgerHQ/ledger-live/pull/15560,0.030,0,none,Adds a test-only integration test file exercising signature-failure error paths with mocks; no production wallet code or guard is changed.
https://github.com/LedgerHQ/ledger-live/pull/15601,0.030,0,none,"Pure test refactor extracting shared Jest mock setup for Concordium onboarding integration tests; no production wallet code, guard, or custody path is modified."
https://github.com/LedgerHQ/ledger-live/pull/15532,0.030,0,none,Adds an integration test with mocked WalletConnect/signer and accessibilityRole props to buttons; no guard added or defect repaired in any custody path.
https://github.com/LedgerHQ/ledger-live/pull/14485,0.030,0,none,"Feature PR adding animated tour-slide transitions and tests to a Ledger Live Desktop UI carousel component, with no custody-relevant guard, validation, or exploitable path involved."
https://github.com/LedgerHQ/ledger-live/pull/15278,0.020,0,none,"Test-only snapshot update refreshing expected Cardano balance/reward values for a bridge integration test; no wallet source, key, signing, or validation code is changed."
https://github.com/LedgerHQ/ledger-live/pull/4607,0.030,0,none,"Feature PR adding vechain currency support and a placeholder chart for tokens without graph data; no guard, key, signing, or transport logic is changed."
https://github.com/LedgerHQ/ledger-live/pull/14935,0.030,0,none,"Adds only Jest bridge-integration test mocks and snapshot fixtures for Algorand; no wallet source, guard, or custody-relevant code path is changed."
https://github.com/LedgerHQ/ledger-live/pull/12337,0.040,0,none,"Feature-flagged integration of a new receive-drawer entry point (noah/MAD) with associated refactoring; adds UI navigation plumbing only, with no guard added or exploitable condition removed."
https://github.com/LedgerHQ/ledger-live/pull/15171,0.030,0,none,"Pure test-file renames (integration → integ) plus a changeset; no wallet source logic, guards, or custody-relevant code changed."
https://github.com/LedgerHQ/ledger-live/pull/11922,0.030,0,none,"Test-only change (skipping a flaky TON test, mocking an API in deposit tests, deleting a stale Celo snapshot) to stabilize integration CI; no production wallet code or custody path is modified."
https://github.com/LedgerHQ/ledger-live/pull/11889,0.030,0,none,"Feature PR adding Ethereum Hoodi testnet currency support (supported-currency lists, feature flag, metadata, test snapshots) with no guard, validation, or custody-relevant defect repaired."
https://github.com/LedgerHQ/ledger-live/pull/8731,0.030,0,none,"Feature PR adding Zenrock currency support (currency lists, feature flag, snapshots, changeset) with no guard added or defect repaired."
https://github.com/LedgerHQ/ledger-live/pull/8704,0.030,0,none,"Feature PR adding Xion currency support (supported-currency lists, feature flag, changeset, test snapshots) with no guard added or defect repaired."
https://github.com/LedgerHQ/ledger-live/pull/8205,0.030,0,none,"Feature PR adding Mantra currency support (supported-currency lists, feature flag, test snapshots, iOS privacy manifest) with no defect repaired in any custody-relevant path."
https://github.com/LedgerHQ/ledger-live/pull/7617,0.050,0,none,"Feature PR adding TON jetton (token) support — changeset, i18n strings, deps, and test fixtures — with no defect repaired or guard added."
https://github.com/LedgerHQ/ledger-live/pull/7405,0.030,0,none,New-feature PR integrating the TON blockchain (new coin family UI and currency registration) with no defect repaired or guard added to existing custody paths.
https://github.com/LedgerHQ/ledger-live/pull/7394,0.030,0,none,"New feature adding TON blockchain support (coin family, UI components, changesets) with no defect repaired or guard added to existing code."
https://github.com/LedgerHQ/ledger-live/pull/5830,0.030,0,none,"Feature PR adding Linea network support (currency registration, feature flags, test snapshots) with no security defect repaired."
https://github.com/LedgerHQ/ledger-live/pull/14939,0.030,0,none,"Test-only change that excludes a flaky Cardano balance-sum integration test and refreshes snapshot values; no wallet source, key, signing, or validation code is modified."
https://github.com/LedgerHQ/ledger-live/pull/14342,0.030,0,none,Test-only change updating fixture addresses and expected balances in a Celo integration test; no wallet source code or custody-relevant logic is touched.
https://github.com/LedgerHQ/ledger-live/pull/9929,0.050,0,none,"Feature PR adding Aptos token support with i18n strings, a behavior-preserving refactor of operation-amount display logic, and new tests — no guard added or exploitable condition removed."
https://github.com/LedgerHQ/ledger-live/pull/7672,0.050,0,none,"Feature PR adding TON jetton token support (changesets, i18n strings, UI tweaks, test fixtures) with no guard added or defect repaired."
https://github.com/LedgerHQ/ledger-live/pull/7671,0.050,0,none,"WIP feature PR adding TON jetton token support (changesets, i18n strings, UI tweaks, test fixtures) with no guard added or defect repaired."
https://github.com/LedgerHQ/ledger-live/pull/6636,0.030,0,none,Adds a shared bridge integration test suite and unimported-lint config; test-only tooling with no production code path touched.
https://github.com/LedgerHQ/ledger-live/pull/6067,0.030,0,none,Test-only fix adding LiveConfig.setConfig to the integration-test setup helper plus a changeset file; no production custody-relevant code is touched.
https://github.com/LedgerHQ/ledger-live/pull/11736,0.030,0,none,"Adds only a new Jest integration test and changeset for a market-data landing page UI; no production code, guards, or custody-relevant paths are changed."
https://github.com/LedgerHQ/ledger-live/pull/11095,0.050,0,none,"Feature PR integrating a new ModularDrawer UI into the live-app account-selection flow behind a feature flag, with no guard, validation, or custody-relevant defect being repaired."
https://github.com/LedgerHQ/ledger-live/pull/8931,0.050,0,none,"Feature integration adding a DMK-based EVM signer backend via an interface refactor and dep bump; no defect in keys, signing, or approval paths is repaired."
https://github.com/LedgerHQ/ledger-live/pull/8122,0.030,0,none,"Pure TypeScript type-annotation refactor of developer CLI commands plus CI workflow and @types dev-dependency changes, with no runtime behavior change touching keys, signing, or any untrusted-input pa"
https://github.com/LedgerHQ/ledger-live/pull/7740,0.030,0,none,"Feature PR adding the Etherlink EVM currency (supported-currency lists, feature flag, changeset, test snapshots) with no defect repaired or guard added."
https://github.com/LedgerHQ/ledger-live/pull/7300,0.080,0,none,Feature integration PR wiring the new Wallet Sync/trustchain functionality into LLD; no pre-existing defect in a custody path is being repaired.
https://github.com/LedgerHQ/ledger-live/pull/6899,0.030,0,none,"The diff is a CSS border-radius refactor in the design system plus a new UI rendering test and jest config tweak, touching no custody-relevant logic."
https://github.com/LedgerHQ/ledger-live/pull/5690,0.030,0,none,"Adds a 'ledgerlive' query param to the outbound MoonPay swap URL — a partner-integration fix with no guard, validation, or custody-relevant change."
https://github.com/LedgerHQ/ledger-live/pull/12899,0.120,0,none,"Refactor of Aptos max-spendable balance calculation to fix a broken integration test and token-account handling; no guard added and no attacker-reachable path to funds, keys, or signing authority."
https://github.com/LedgerHQ/ledger-live/pull/10809,0.030,0,none,"Adds integration tests, mocks, and a changeset for the add-account flow; no production code or security guard is changed."
https://github.com/LedgerHQ/ledger-live/pull/9888,0.030,0,none,"Feature PR adding the Babylon currency (supported-currency lists, feature flag, delegation-UI gating, test snapshots) with no defect repaired on any key, signing, approval, or transport path."
https://github.com/LedgerHQ/ledger-live/pull/9078,0.030,0,none,Test/CI-only change (Xray ticket metadata and JSON test reporter dedup); no wallet source or custody-relevant path is touched.
https://github.com/LedgerHQ/ledger-live/pull/9221,0.030,0,none,"CI/analysis config change excluding integration tests from Jest coverage and SonarQube scanning; no wallet source, key, signing, or transport code is touched."
https://github.com/LedgerHQ/ledger-live/pull/8212,0.050,0,none,"This PR fixes a broken WalletSync QR-code integration test, adds a test id and mock handlers, and refactors decrypt calls from async to sync with no change to any guard, key handling, or trust decisio"
https://github.com/LedgerHQ/ledger-live/pull/10866,0.050,0,none,Feature PR adding Hedera HTS token send/receive and token-association UI/support to Ledger Live; no guard added or exploitable defect removed.
https://github.com/LedgerHQ/ledger-live/pull/9660,0.030,0,none,"Feature-driven dependency bump adding Sui support via wallet-api version updates, changesets, and test snapshots — no defect repaired and no custody-relevant guard added."
https://github.com/LedgerHQ/ledger-live/pull/8440,0.050,0,none,"Test-only changes (mock refactor, typo fix, re-enabled test) plus new tests for a SWAP trusted-service feature; no production defect is repaired."
https://github.com/LedgerHQ/ledger-live/pull/7545,0.050,0,none,"Feature PR wiring trustchain QR-code join flow into Ledger Live Mobile, replacing an inert placeholder handler — no pre-existing defect or exploitable path is repaired."
https://github.com/LedgerHQ/ledger-live/pull/17578,0.050,0,none,"ESM/CJS interop shim unwrapping hw-transport's default export for Node 22; fixes a deterministic runtime breakage, adds no security check and exposes no custody-relevant attack path."
https://github.com/LedgerHQ/ledger-live/pull/19253,0.050,0,none,Feature PR adding a new CoinModuleApi (Alpaca) createApi with extracted logic modules and tests for MultiversX; no defect is repaired and no guard or validation is added to an existing custody path.
https://github.com/LedgerHQ/ledger-live/pull/17653,0.030,0,none,"Docs/README, changeset, and an unused thin re-export wrapper with no runtime behavior change — no guard added or defect repaired."
https://github.com/LedgerHQ/ledger-live/pull/18427,0.030,0,none,"Adds a developer-only Hermes REPL launcher script (build/dev tooling); no production code path, guard, or custody-relevant subsystem is touched."
https://github.com/LedgerHQ/ledger-live/pull/463,0.030,0,none,"Packaging-only change updating deprecated trailing-slash subpath exports to star patterns in an icon package's package.json for Node 17+/Jest compatibility, touching no key, signing, or transport code"
https://github.com/LedgerHQ/ledger-live/pull/1811,0.040,0,none,"Adds a duplicate query parameter for forward-compatibility with a new Polkadot sidecar API version on read-only staking data fetches; no guard added and no custody-relevant path (keys, signing, approv"
https://github.com/LedgerHQ/ledger-live/pull/1861,0.100,0,none,Revert of a Bitcoin-app API compatibility change to fix Exchange app breakage; no guard added or exploitable defect removed.
https://github.com/LedgerHQ/ledger-secure-sdk/pull/170,0.080,0,none,"Feature/UX change integrating partial e-ink refresh waveforms into NBGL display flows; no guard added or defect repaired, and refresh-mode selection does not affect funds, keys, or signing authority."
https://github.com/LedgerHQ/ledger-secure-sdk/pull/487,0.050,0,none,Adds preprocessor guards to fix a compile error under DISABLE_UI; a build fix with no custody-relevant defect repaired.
https://github.com/LedgerHQ/ledgerjs/pull/48,0.030,0,none,"Monorepo scaffolding that adds lint/build config, docs, and a new boilerplate common package with no guard, validation, or custody-relevant code change."
https://github.com/LedgerHQ/ledgerjs/pull/686,0.120,0,none,"Compatibility fix routing getWalletPublicKey between old/new Ledger Bitcoin app protocols (plus doc updates); it relaxes rather than adds a security check and repairs breakage, not a custody vulnerabi"
https://github.com/wizardsardine/liana/pull/1086,0.050,0,none,Adds a new stateless remote-backend (HTTP daemon) feature with message/error refactoring; no guard or validation is added and no pre-existing exploitable defect is repaired.
https://github.com/zcash/librustzcash/pull/36,0.030,0,none,"Adds a GitLab CI pipeline configuration file only — a build/test infrastructure change with no wallet source code, guard, or custody-relevant defect involved."
https://github.com/magiclabs/magic-js/pull/133,0.050,0,none,Adds a developer-facing extension version-compatibility check framework (self-declared minor feature); no guard on untrusted input or key/signing/approval path is introduced.
https://github.com/MetaMask/metamask-extension/pull/43666,0.050,0,none,"Feature cherry-pick integrating the Arc network: token renaming, icon URLs, and hiding a duplicate USDC display token in the UI, with no guard added on any custody-relevant path."
https://github.com/MetaMask/metamask-extension/pull/43509,0.050,0,none,"Feature PR integrating the Arc network: token naming/icon fixes, a display-dedup filter for the native-USDC duplicate, and a new default-tokens hook — no custody-relevant defect repaired."
https://github.com/MetaMask/metamask-extension/pull/42905,0.080,0,none,"Feature PR wiring new error-classification UI state into the QR hardware popover and pruning obsolete locale strings; no validation, parsing, or signing behavior changes."
https://github.com/MetaMask/metamask-extension/pull/42636,0.080,0,none,Refactors the advanced-permissions gate from a build-time env var to a runtime LaunchDarkly flag for operational flexibility; no defect is repaired and the permission checks themselves are unchanged.
https://github.com/MetaMask/metamask-extension/pull/42299,0.120,0,none,"Feature PR adding passkey settings/change-password flows — the visible diff is only locale strings and tests for new intended behavior, with no defect being repaired."
https://github.com/MetaMask/metamask-extension/pull/41429,0.030,0,none,"Feature PR adding a Perps first-time-user tutorial modal and tests; no custody-relevant code (keys, signing, approvals, transport) is touched."
https://github.com/MetaMask/metamask-extension/pull/41191,0.080,0,none,Refactors Sentry/MetaMetrics telemetry wiring (moving user-id setting into a dedicated integration) with no custody-relevant guard added or defect repaired.
https://github.com/MetaMask/metamask-extension/pull/40228,0.030,0,none,Feature PR integrating new assets controllers for import/hide token UI behind a feature flag; no guard added or custody-relevant defect repaired.
https://github.com/MetaMask/metamask-extension/pull/39971,0.050,0,none,"Feature/PoC integration adding Perps controller wiring and locale strings; no defect repaired, no guard or validation added."
https://github.com/MetaMask/metamask-extension/pull/39888,0.030,0,none,"Feature/PoC change adding Perps UI locale strings and stubbed controller infrastructure wiring, with no guard, validation, or custody-relevant logic modified."
https://github.com/MetaMask/metamask-extension/pull/39972,0.030,0,none,"Feature PoC adding perps limit-order locale strings and a controller re-export shim, with no guard, validation, or custody-relevant logic changed."
https://github.com/MetaMask/metamask-extension/pull/39987,0.030,0,none,"Test-only change adding expected console errors to an e2e spec's ignore list to fix flakiness; no wallet source, key, signing, or transport code is modified."
https://github.com/MetaMask/metamask-extension/pull/38838,0.030,0,none,"Purely additive claims-draft feature (locale strings, UI hook/toast, controller bindings, preview dep bump) with no guard added or custody-relevant defect repaired."
https://github.com/MetaMask/metamask-extension/pull/38885,0.030,0,none,Test-infrastructure change enabling a multichain-accounts feature flag in integration tests plus test refactoring; no defect in custody-relevant wallet code is repaired.
https://github.com/MetaMask/metamask-extension/pull/37683,0.030,0,none,"Feature PR adding Tron chain support to the swaps/bridge flow (new chain constants, selectors, dep bumps, lavamoat policy entries) with no guard added or defect repaired."
https://github.com/MetaMask/metamask-extension/pull/37597,0.030,0,none,"New feature wiring for a claims controller/service (init functions, messengers, tests) with no guard added or defect repaired — no path to funds, keys, or signing authority."
https://github.com/MetaMask/metamask-extension/pull/38567,0.030,0,none,"Purely additive analytics/metrics feature for shield-rewards opt-in (new tracking event, props plumbing, tests) with no guard added or exploitable condition removed in any custody-relevant path."
https://github.com/MetaMask/metamask-extension/pull/38578,0.030,0,none,"Purely additive analytics/metrics feature for shield-rewards opt-in tracking with UI prop plumbing; no guard added, no defect repaired, no custody-relevant path touched."
https://github.com/MetaMask/metamask-extension/pull/35929,0.040,0,none,Feature PR wiring a new SubscriptionController with standard restricted-messenger boilerplate and tests; no defect repaired and no custody-relevant path changed.
https://github.com/MetaMask/metamask-extension/pull/35951,0.030,0,none,"Feature work integrating a subscription/billing settings screen (locale strings, env constant, controller method exposure) with no guard added or custody-relevant defect fixed."
https://github.com/MetaMask/metamask-extension/pull/36061,0.040,0,none,"Feature PR wiring EIP-7682 auxiliaryFunds capability advertisement into wallet_getCapabilities via a middleware dep bump, plus e2e tests and lavamoat policy updates — no defect repaired and no custody"
https://github.com/MetaMask/metamask-extension/pull/35633,0.050,0,none,Feature-flagged integration of MultichainAccountService account discovery into onboarding/import flows; adds no guard and repairs no defect despite touching keyring-adjacent code.
https://github.com/MetaMask/metamask-extension/pull/35627,0.050,0,none,"Feature PR wiring the new @metamask/gator-permissions-controller into controller-init with tests; no pre-existing defect in keys, signing, or approval paths is repaired."
https://github.com/MetaMask/metamask-extension/pull/33402,0.040,0,none,"Feature PR adding Signet constants, display labels, UI cleanup, a dep patch bump, and test mocks — no guard added or custody-relevant defect repaired."
https://github.com/MetaMask/metamask-extension/pull/29887,0.080,0,none,Feature PR migrating MetaMask's permission system to chain-agnostic CAIP-25 helpers for SIP-26/Solana multichain support; it extends capability rather than repairing any exploitable defect.
https://github.com/MetaMask/metamask-extension/pull/33545,0.050,0,none,"Adds a provisional, off-by-default build-time feature flag integrating the Ocap Kernel — a feature/build-system change with no defect repaired in any custody-relevant path."
https://github.com/MetaMask/metamask-extension/pull/32554,0.050,0,none,Feature PR adding the snap_trackEvent analytics RPC method and wiring it to MetaMetrics; no guard added or defect repaired despite touching the permissions spec file.
https://github.com/MetaMask/metamask-extension/pull/27259,0.030,0,none,Test-only change adding integration tests for redesigned confirmation screens; no wallet source code or defect is touched.
https://github.com/MetaMask/metamask-extension/pull/27130,0.050,0,none,"Test-only maintenance (renamed network labels, testing-library refactors, tooltip test-ids) plus removal of a debug console.log of a public four-byte selector; no production guard or custody-relevant "
https://github.com/MetaMask/metamask-extension/pull/26365,0.030,0,none,"Test-only change: jest-jsdom environment patch and permit UI integration test refactor with API mocks; no wallet runtime code, guards, or custody-relevant logic modified."
https://github.com/MetaMask/metamask-extension/pull/26366,0.040,0,none,Test-only change adding an integration test and mock fixture for the existing Blockaid malicious-transaction alert; no wallet source defect is repaired.
https://github.com/MetaMask/metamask-extension/pull/24278,0.100,0,none,Feature PR integrating the Snaps JSX rendering system with dependency bumps and test/storybook updates; no guard or validation is added and no custody-relevant defect is repaired.
https://github.com/MetaMask/metamask-extension/pull/22734,0.050,0,none,Feature/refactor extracting existing name-display logic into a useDisplayName hook with tests; no defect repaired and no custody-relevant guard added.
https://github.com/MetaMask/metamask-extension/pull/20554,0.120,0,none,"Feature implementation of SIP-11 Transaction Insights V2 (new warning UI, analytics, feature flags) in the Flask build — no pre-existing defect in keys, signing, or transport is repaired."
https://github.com/MetaMask/metamask-extension/pull/17344,0.030,0,none,Follow-up nit PR that relocates playwright/wait-on to devDependencies and tweaks comments in Storybook tooling — dev-only housekeeping with no custody-relevant code path touched.
https://github.com/MetaMask/metamask-extension/pull/14557,0.030,0,none,"Feature addition (popular custom network list) consisting of locale strings and logo SVGs; no guard, validation, or custody-relevant defect is repaired."
https://github.com/MetaMask/metamask-extension/pull/14605,0.040,0,none,"Feature PR adding Snap in-app notifications (new NotificationController, UI, and actions); no defect is repaired and no key, signing, approval, or transport path is changed."
https://github.com/MetaMask/metamask-extension/pull/12242,0.200,0,none,"Adds an optional, not-yet-enabled LavaMoat build switch — proactive supply-chain hardening infrastructure, not a fix for an existing exploitable defect."
https://github.com/MetaMask/metamask-extension/pull/4405,0.040,0,none,"Feature PR adding ENS-to-IPFS resolution assets (404/error pages, images); no defect is repaired and no custody-relevant guard is added — the new error.html even introduces an innerHTML sink rather th"
https://github.com/MetaMask/metamask-extension/pull/9835,0.120,0,none,"Re-sequences when the onboarding-complete event fires to fix a broken onboarding-library integration; despite touching seed-phrase flow files, no key material, signing, or approval path is affected."
https://github.com/MetaMask/metamask-extension/pull/41404,0.030,0,none,"Cosmetic UI fix migrating a tooltip from a legacy Icon component to fix icon color rendering in Firefox, with no custody-relevant logic touched."
https://github.com/MetaMask/metamask-extension/pull/30113,0.050,0,none,"UI locale compatibility fix preventing an Intl.NumberFormat crash triggered by the user's own locale setting, with no custody-relevant guard, key, signing, or untrusted-input path involved."
https://github.com/MetaMask/metamask-extension/pull/30120,0.050,0,none,"Swaps the locale selector to a BCP-47-normalized one so Intl.NumberFormat doesn't throw on locales like es_419 — a UI formatting crash fix driven by the user's own locale setting, with no custody, sig"
https://github.com/MetaMask/metamask-extension/pull/11867,0.200,0,none,"The diff is README/depcheck config changes plus CSP cleanup to restore Firefox compatibility — a build/docs/compat change, not repair of an exploitable defect in custody-relevant code."
https://github.com/MetaMask/metamask-extension/pull/596,0.030,0,none,Cross-browser (Edge) compatibility and build-process feature work with cosmetic refactors; no guard added or exploitable condition removed in any custody-relevant path.
https://github.com/MetaMask/metamask-extension/pull/700,0.050,0,none,"Compatibility/UX change (icons, hotkey fix, manifest permission swap for Opera) that adds no guard and closes no custody-relevant attack path."
https://github.com/MetaMask/core/pull/9224,0.080,0,none,"Adds a fetch timeout and prevents a display-name downgrade in perps market-data code; resilience/data-correctness hardening with no path to funds, keys, or signing authority."
https://github.com/MetaMask/core/pull/7922,0.030,0,none,"Feature addition of a new TransakService deposit flow (changelog, state slice, tests) with no guard added or defect repaired in any custody-relevant path."
https://github.com/MetaMask/core/pull/6862,0.030,0,none,"Feature PR adding Tron chain support (constants, chain-ID predicates, types, tests) to the bridge/swap controllers, with no guard added or defect repaired."
https://github.com/MetaMask/core/pull/4429,0.030,0,none,Test-only change that skips flaky transaction controller integration tests and adjusts coverage thresholds; no runtime wallet code is modified.
https://github.com/MetaMask/core/pull/4687,0.030,0,none,"Feature PR adding flag-gated network-syncing controller integration, event types, and test utilities with no guard added or defect repaired in any custody path."
https://github.com/MetaMask/core/pull/4701,0.040,0,none,Feature addition wiring network-sync integration into UserStorageController plus its tests; no defect repaired and no custody-relevant guard or validation added.
https://github.com/MetaMask/core/pull/3789,0.080,0,none,"Feature work integrating multichain network-client support into TransactionController (dependency addition plus test scaffolding), with no guard added or exploitable defect removed."
https://github.com/MetaMask/core/pull/3791,0.030,0,none,Adds test specs and dev dependencies for IncomingTransactionPolling; no production code or custody-relevant logic is changed.
https://github.com/MetaMask/core/pull/3788,0.030,0,none,"Test-only change adding mocked RPC requests, network client mocks, and an ApprovalController to TransactionController integration specs, with a matching devDependency bump — no production code or cust"
https://github.com/MetaMask/core/pull/1738,0.030,0,none,"Monorepo migration of eth-json-rpc-provider (file moves, changelog/config rewrites, dep bump, and a type-to-value export change) with no guard, validation, or custody-relevant behavior change."
https://github.com/MetaMask/core/pull/8703,0.080,0,none,Interface-migration refactor wrapping SnapKeyringV2 in a v1 adapter plus dep bumps; no guard added and no attacker-reachable custody defect repaired.
https://github.com/MetaMask/core/pull/6991,0.030,0,none,Feature convenience overload for json-rpc-engine compatibility adapters (accept middleware functions directly) with docs/changelog/tests; adds no guard and repairs no defect.
https://github.com/MetaMask/core/pull/5069,0.050,0,none,"Adds a browser-support check before Firebase push-notification init to silence benign error logs; no custody-relevant path (keys, signing, approvals, transport) is affected."
https://github.com/MetaMask/core/pull/3654,0.030,0,none,"API migration from OpenSea V1 to V2 with test-fixture updates and response-schema remapping; no guard or validation added and no custody-relevant path (keys, signing, approvals, transport) is affected"
https://github.com/MetaMask/core/pull/1693,0.200,0,none,"Adds EIP-1559 network-compatibility validation to transaction params — a correctness/compat guard whose absence only yields failed or malformed-fee transactions, not any loss of funds, keys, or signin"
https://github.com/MetaMask/core/pull/1457,0.120,0,none,"Changes EIP-1559 detection to return undefined instead of false when the latest block is unavailable — a state-accuracy/gas-UX fix with no impact on keys, signing authority, or approvals."
https://github.com/MetaMask/core/pull/1236,0.060,0,none,Relocates the EIP-1559 compatibility check from provider setup to network lookup for consistency — a refactor of network-metadata state handling with no guard added and no custody-relevant defect repa
https://github.com/MetaMask/core/pull/458,0.080,0,none,Restores controller-version compatibility in state composition plumbing by swapping an instanceof check for duck typing — a functional regression fix with no custody-relevant guard added or exploitabl
https://github.com/MetaMask/metamask-mobile/pull/31734,0.030,0,none,"Feature integration and cleanup for perps watchlist sync — removes TODOs, gates analytics events on toggle success, and adds tests, with no custody-relevant guard or defect repaired."
https://github.com/MetaMask/metamask-mobile/pull/32078,0.080,0,none,"Feature PR wiring a new QrSyncController into the add-device UI, replacing mocked scaffolding with real session state and tests; no defect in shipped code is repaired."
https://github.com/MetaMask/metamask-mobile/pull/31662,0.050,0,none,"Feature refactor of hardcoded default swap-destination token config for Arc network integration; no guard added, no custody-relevant defect repaired."
https://github.com/MetaMask/metamask-mobile/pull/28152,0.050,0,none,"Adds a new fiat on-ramp order summary UI component, tests, and theme styling — a display-only feature with no guard, validation, or custody-relevant logic changed."
https://github.com/MetaMask/metamask-mobile/pull/27548,0.030,0,none,"Pure UI refactor migrating Button components to a new design-system library with no change to session, signing, or validation logic."
https://github.com/MetaMask/metamask-mobile/pull/28334,0.060,0,none,"Refactor plus display-correctness fix so block-explorer links and address sorting use the token's chain instead of the globally selected network; no custody-relevant guard, key, signing, or approval p"
https://github.com/MetaMask/metamask-mobile/pull/26465,0.030,0,none,"Feature change restyling a token price chart plus new unit tests; no custody-relevant guard, key, signing, or transport code is touched."
https://github.com/MetaMask/metamask-mobile/pull/27881,0.030,0,none,"Feature PR integrating the Braze marketing/push SDK via build config, manifest, and gradle changes, with no custody-relevant guard added or defect repaired."
https://github.com/MetaMask/metamask-mobile/pull/26236,0.030,0,none,"Adds a placeholder Homepage component and feature-flag wiring in UI code with no guards, key/signing paths, or untrusted-input handling touched — ordinary feature work."
https://github.com/MetaMask/metamask-mobile/pull/26610,0.030,0,none,"Adds CI/E2E fixture-validation tooling and PR-comment reporting; test infrastructure only, no custody-relevant code path is changed."
https://github.com/MetaMask/metamask-mobile/pull/25358,0.050,0,none,"Feature PR adding omni-search to the browser URL bar autocomplete plus new component tests; no guard, validation, or custody-relevant defect is repaired."
https://github.com/MetaMask/metamask-mobile/pull/21294,0.050,0,none,"Feature PR adding Tron to swaps/bridge (new default-token constants, display-only fee refactor, tests, docs); no guard or validation added and no custody-relevant path repaired."
https://github.com/MetaMask/metamask-mobile/pull/21455,0.030,0,none,"Feature PR adding card-onboarding UI (signup button, navigation, cardholder copy) with test updates; no guard added or custody-relevant defect repaired."
https://github.com/MetaMask/metamask-mobile/pull/19971,0.050,0,none,Feature PR adding Bitcoin/Tron BIP44 accounts and network-selector support with test updates; no defect repaired and no guard or validation added on any custody path.
https://github.com/MetaMask/metamask-mobile/pull/18760,0.050,0,none,"Feature work adding Redux actions/state and tests for SDKConnectV2 UI integration, with no guard, validation, or defect repair in any custody-relevant path."
https://github.com/MetaMask/metamask-mobile/pull/19965,0.050,0,none,"Client integration of the ERC-7682 auxiliaryFunds capability (new feature hooks plus minor dependency bumps), adding no guard and repairing no defect in custody-relevant paths."
https://github.com/MetaMask/metamask-mobile/pull/15389,0.120,0,none,"This is a feature PR adding Solana multichain dapp connectivity (SIP-26) to MetaMask Mobile — permission/UI plumbing and chain-selection defaults, with no pre-existing defect being repaired."
https://github.com/MetaMask/metamask-mobile/pull/8759,0.060,0,none,Architectural migration introducing AccountsController and rerouting setSelectedAddress calls — a labeled feature/refactor with no defect repaired and no attacker-reachable pre-fix path.
https://github.com/MetaMask/metamask-mobile/pull/17160,0.050,0,none,"Adds opt-in Sentry error reporting and an ErrorBoundary to the password-creation screen — a telemetry/UX feature, not a repair of any custody-relevant defect."
https://github.com/MetaMask/metamask-mobile/pull/18817,0.050,0,none,"Feature PR adding a data lake API integration (endpoint config, perf metrics, tests) for perps order tracking; no guard added or defect repaired on any custody path."
https://github.com/MetaMask/metamask-mobile/pull/17797,0.030,0,none,Pure refactor replacing i18n error strings with error-code constants to decouple PerpsController from the UI layer; no guard added or exploitable behavior changed.
https://github.com/MetaMask/metamask-mobile/pull/15761,0.030,0,none,Feature PR integrating the Earn lending controller with UI styling/navigation/snapshot changes only; no custody-relevant guard or defect repair.
https://github.com/MetaMask/metamask-mobile/pull/17265,0.050,0,none,"Feature PR adding Hyperliquid perps deposit UI (navigation, styles, tests) with no guard added or defect repaired."
https://github.com/MetaMask/metamask-mobile/pull/15731,0.050,0,none,"Feature PR integrating Contentful-managed promotional banners into the mobile carousel (env example comment plus test snapshot updates), adding no guard or fix on any custody-relevant path."
https://github.com/MetaMask/metamask-mobile/pull/15209,0.050,0,none,Feature addition wiring a new snap_trackEvent analytics RPC method to MetaMetrics; no defect repaired and no custody-relevant guard added.
https://github.com/MetaMask/metamask-mobile/pull/14011,0.030,0,none,Adds a CI changelog-check workflow — pure repository process tooling with no change to custody-relevant wallet code and no defect repaired.
https://github.com/MetaMask/metamask-mobile/pull/13966,0.030,0,none,"Feature PR adding a cosmetic Skeleton component mapping (width/height/border-radius with safe defaults) to the Snap UI renderer; no guard or defect repair and no path to keys, signing, or approvals."
https://github.com/MetaMask/metamask-mobile/pull/10249,0.040,0,none,"Refactor of notification Redux actions and new profile-sync/push-notification wrappers; no guard or validation added and no key, signing, approval, or transport path is touched."
https://github.com/MetaMask/metamask-mobile/pull/10147,0.050,0,none,Adds Redux action-type constants and TypeScript interfaces for a notifications/profile-syncing feature integration; no guard or validation logic and no custody-relevant defect is repaired.
https://github.com/MetaMask/metamask-mobile/pull/8246,0.080,0,none,"Re-enables the previously removed Ledger hardware-wallet feature (UI entry points, signing-flow routing, test mocks); it adds no guard or validation repairing a defect, so it is a feature change despi"
https://github.com/MetaMask/metamask-mobile/pull/8531,0.120,0,none,"Feature PR adding SDK permissions UI (new modals, styling props, connection metadata plumbing) with no guard added or exploitable defect removed, despite touching origin/permission-adjacent code."
https://github.com/MetaMask/metamask-mobile/pull/8700,0.300,0,none,Architectural feature/refactor migrating mobile Snaps to a new embedded execution environment; it wholesale replaces feature-flagged prototype code (which incidentally had wildcard origins and a remot
https://github.com/MetaMask/metamask-mobile/pull/6944,0.100,0,none,"The diff only edits the PR template and CHANGELOG as part of reverting a Flipper dev-tooling integration — a chore with no guard added, no custody-relevant code touched, and no path to funds, keys, or"
https://github.com/MetaMask/metamask-mobile/pull/5433,0.030,0,none,"Test-infrastructure and type-shim refactor (wdio reports, testID constants, 'as any' Text imports) with no behavioral change to any custody-relevant path."
https://github.com/MetaMask/metamask-mobile/pull/8085,0.250,0,none,"Third-party dependency version bump (ppom-validator 0.14→0.15) with no change to the wallet's own code; framed as pulling in upstream integration fixes, not repairing a custody defect."
https://github.com/MetaMask/metamask-mobile/pull/7942,0.050,0,none,"Feature PR adding new snaps-controllers integration and snap-install approval UI to MetaMask Mobile (Flask-only), with no defect being repaired."
https://github.com/MetaMask/metamask-mobile/pull/8160,0.250,0,none,"Cherry-pick release changelog bundling PPOM/blockaid stability, performance, and metrics fixes — reliability maintenance of an advisory scanning feature, with no concrete defect exposing funds, keys, "
https://github.com/MetaMask/metamask-mobile/pull/7004,0.050,0,none,"This is a feature PR adding Ledger hardware-wallet support (Bluetooth permissions, connect-flow screens, account-type UI labels) with no defect repaired and no guard or validation added to an existing"
https://github.com/MetaMask/metamask-mobile/pull/6997,0.050,0,none,"Feature PR integrating the Android native SDK (new AARs, exported service, bind deeplink, session UI) with no guard added or defect repaired — it expands attack surface rather than fixing one."
https://github.com/MetaMask/metamask-mobile/pull/6749,0.150,0,none,"Feature PR integrating the optional PPOM/Blockaid scanning capability behind an env flag; it adds new defensive functionality rather than fixing an existing defect in keys, signing, or transport."
https://github.com/MetaMask/metamask-mobile/pull/6380,0.080,0,none,"Feature/release PR (WalletConnect v2 integration, version bump to 7.0.0, UI styling, env config, changelog) with no guard or defect repair in any custody path."
https://github.com/MetaMask/metamask-mobile/pull/6053,0.050,0,none,"Feature work integrating Snaps into MetaMask Mobile (new UI screens, approval modal, dev tooling bumps) with no defect repaired or guard added."
https://github.com/MetaMask/metamask-mobile/pull/5812,0.030,0,none,"Adds English i18n strings for the Ledger integration UI; no code logic, guards, or custody-relevant paths are modified."
https://github.com/MetaMask/metamask-mobile/pull/4922,0.050,0,none,"Feature/refactor integrating Segment analytics (enum renames, tracking hook, storage constants) with no custody-relevant guard or defect repaired."
https://github.com/MetaMask/metamask-mobile/pull/4619,0.080,0,none,"Ledger hardware-wallet feature integration and UX bug fixes (error messaging, busy state, rejection flow) in MetaMask Mobile — no guard added and no attacker-reachable defect in keys, signing, or appr"
https://github.com/MetaMask/metamask-mobile/pull/3915,0.050,0,none,"Adds new Keystone QR hardware wallet integration (screens, signing modal, analytics, keyring wiring) — a feature, with no pre-existing defect repaired or guard added."
https://github.com/MetaMask/metamask-mobile/pull/4038,0.030,0,none,"Adds Storybook stories, custom style props, and new fiat currency entries for an on-ramp feature integration — pure UI/feature work with no custody-relevant guard or defect repaired."
https://github.com/MetaMask/metamask-mobile/pull/3013,0.050,0,none,"Feature integration for Swaps V2 (multi-network contract addresses, Polygon support, UI/animation tweaks) with no guard added or exploitable condition removed."
https://github.com/MetaMask/metamask-mobile/pull/143,0.030,0,none,"Feature PR integrating Gaba token-balance/exchange-rate controllers into wallet UI with cosmetic and snapshot updates; no guard, validation, or custody-relevant defect is repaired."
https://github.com/MetaMask/metamask-mobile/pull/131,0.030,0,none,"Feature PR adding collectibles support (new AddCustomCollectible UI, component renames, test/snapshot updates) with no guard added or exploitable condition removed."
https://github.com/MetaMask/metamask-mobile/pull/31206,0.080,0,none,"Feature/performance integration of nitro-fetch with startup prefetching of phishing lists plus a build patch and tests; no defect affecting funds, keys, or signing authority is repaired."
https://github.com/MetaMask/metamask-mobile/pull/29899,0.030,0,none,"CI-only change pinning CMAKE_VERSION in a GitHub Actions workflow to fix an Android build toolchain error; no wallet source, keys, signing, or attacker-reachable path involved."
https://github.com/MetaMask/metamask-mobile/pull/8678,0.030,0,none,"Compatibility fix in the analytics/metrics subsystem (optional chaining for legacy trackEvent calls) with no custody-relevant path — no keys, signing, approvals, or untrusted-input guard involved."
https://github.com/MetaMask/metamask-mobile/pull/6170,0.030,0,none,"Jest 26→27 testing-framework upgrade touching only test configs, mocks, and snapshots with no custody-relevant guard or validation change."
https://github.com/MetaMask/metamask-mobile/pull/6201,0.120,0,none,"Backward-compatibility fix for app redirect (Minimizer.goBack) plus an RPC-queue refactor, logging, and a dep bump — no guard or validation is added and no custody-relevant defect is repaired."
https://github.com/MetaMask/metamask-mobile/pull/6327,0.050,0,none,"CI/build toolchain and React Native 0.71.6 upgrade (bundler, Flow, Gradle, Ruby/Node pins) with no wallet-code defect repaired; the removed 'signature-verification-failure' line is a Flow lint categor"
https://github.com/MetaMask/metamask-mobile/pull/255,0.120,0,none,"Compatibility fix for the inpage provider and webview postMessage handling (payload echoing, __mmID content-marker filtering, dep bump) that unbreaks dApps; no origin/auth/signing guard is added and t"
https://github.com/MetaMask/metamask-mobile/pull/527,0.120,0,none,"Compatibility shim restoring web3@1.0.0/EIP-1193 dapp support in the provider bridge plus prettier reformatting; it loosens input acceptance rather than adding any guard, and no key, signing, or appro"
https://github.com/MetaMask/metamask-sdk/pull/1357,0.120,0,none,"Fixes broken RPC plumbing in the SDK's default transport (timeouts, error propagation, callback delivery, redundant request-id wrapping) — a functional integration bugfix with no new trust-boundary or"
https://github.com/MetaMask/metamask-sdk/pull/1198,0.030,0,none,Adds a boilerplate Next.js playground/dev package to the monorepo; no guard added or defect removed in any custody-relevant code path.
https://github.com/MetaMask/metamask-sdk/pull/1080,0.050,0,none,"Feature/DX PR adding typed SDK events, a headless option, and deprecation docs with no guard added or exploitable condition removed."
https://github.com/MetaMask/metamask-sdk/pull/1207,0.030,0,none,"Pure dependency rollback of @metamask/providers (18.3.1→16.1.0) plus lockfile/rollup-config updates for Next.js compatibility, with no code defect repaired and no custody-relevant guard added."
https://github.com/MetaMask/metamask-sdk/pull/757,0.050,0,none,Compatibility update of a demo DApp to new provider getter APIs plus dependency reshuffling; no guard added and no custody-relevant defect repaired.
https://github.com/MetaMask/metamask-sdk/pull/471,0.050,0,none,"Feature change selecting between two hardcoded install-link base URLs by user preference, plus test-config and debug-log tweaks, adding no guard or validation on any custody path."
https://github.com/MetaMask/metamask-sdk/pull/532,0.030,0,none,"Feature change in MetaMask SDK demo/dev apps (config provider wiring and a new settings screen) with no guard, validation, or custody-relevant defect repaired."
https://github.com/MetaMask/metamask-sdk/pull/187,0.050,0,none,"The diff merely widens a TypeScript type union to accept a 'metamask-mobile' platform-type string for compatibility, adding no guard or validation and repairing no custody-relevant defect."
https://github.com/MetaMask/metamask-sdk/pull/75,0.120,0,none,"Backward-compatibility fix that comments out a public-key reset to unbreak old SDK sessions, plus a CSS color tweak and version bump — no guard added and no custody-relevant defect repaired."
https://github.com/MetaMask/metamask-sdk/pull/76,0.080,0,none,"Feature/perf change: removes reconnect delays, improves debug logging, and fixes provider-state bookkeeping in the SDK communication layer with no guard added or exploitable condition removed."
https://github.com/MetaMask/snaps/pull/1022,0.030,0,none,Adds AVA test runner tooling and regenerates example snap manifests/test snapshots; no custody-relevant code defect is fixed.
https://github.com/MetaMask/snaps/pull/2451,0.030,0,none,"Adds re-export shim files and packaging config for React Native export compatibility; no guard, validation, or custody-relevant logic changes, so no path to funds, keys, or signing authority is affect"
https://github.com/MetaMask/snaps/pull/1602,0.030,0,none,Test-only change adding a result display element to a test-snaps fixture component so extension E2E tests can read snap invocation output; no custody-relevant code is touched.
https://github.com/monero-project/monero/pull/4241,0.080,0,none,"This is a new-feature PR proposing initial Trezor hardware wallet integration (submodule, build config, new cold-signing protocol interface), not a fix for any existing defect."
https://github.com/monero-project/monero/pull/4977,0.050,0,none,"Adds compile-flag-gated Trezor emulator debug/test infrastructure and build targets plus minor version-check refactoring, with no production guard added or exploitable defect removed."
https://github.com/monero-project/monero/pull/9839,0.030,0,none,Build-compatibility shim adding an absl::string_view overload for Protobuf 30; semantics unchanged and no runtime defect repaired.
https://github.com/monero-project/monero/pull/9850,0.040,0,none,"CI/build configuration changes (GitHub Actions workflows, job-count tuning, dependency install lists) for protobuf 30 build compatibility; no wallet source, key, signing, or transport code is modified"
https://github.com/monero-project/monero/pull/8544,0.150,0,none,"Release-branch bundle (version bumps, build/docs, LMDB refactor) whose headline change is a client/daemon hard-fork version compatibility warning — a UX/availability fix with no attacker-reachable pat"
https://github.com/monero-project/monero/pull/7735,0.030,0,none,Adds a missing boost header include to fix compilation with Boost 1.76.0 — a build compatibility fix with no behavioral or security-relevant change.
https://github.com/monero-project/monero/pull/2703,0.100,0,none,API reordering with defaults and softening out-of-bounds subaddress label lookups from throw to log-and-return for old-wallet compatibility; the pre-fix behavior was a local GUI crash with no custody 
https://github.com/MyCryptoHQ/MyCrypto/pull/4183,0.050,0,none,"Feature integration for GridPlus: test mock, test update, dep bump, and SVG asset — no production wallet code defect is fixed."
https://github.com/MyCryptoHQ/MyCrypto/pull/2293,0.050,0,none,"Feature PR integrating RSK Name Service by parameterizing ENS TLD selection per chainId and adding RNS contract configs, with no defect repaired or guard added."
https://github.com/MyCryptoHQ/MyCrypto/pull/564,0.030,0,none,"Feature PR adding Shapeshift swap provider Redux action creators/types and renaming Bity actions; no guard, validation, or custody-relevant defect is repaired."
https://github.com/MyCryptoHQ/MyCrypto/pull/1413,0.050,0,none,Large architectural refactor replacing custom RPC node classes with the shepherd provider at explicit feature parity; no guard added or exploitable defect removed.
https://github.com/MyCryptoHQ/MyCrypto/pull/3153,0.150,0,none,"The PR disables the ShapeShift integration and adds a warning banner — a feature removal with UI/analytics refactors, not a repair of any custody-relevant defect."
https://github.com/MyCryptoHQ/MyCrypto/pull/3226,0.050,0,none,"The change is CI migration (Travis to GitHub Actions), README formatting, test mocks, and a trezor-connect dependency bump to restore broken integration — no defect in the wallet's own custody-relevan"
https://github.com/MyCryptoHQ/MyCrypto/pull/3024,0.050,0,none,"Feature PR adding WalletConnect integration UI (logo, styled-component refactors, layout props) with no guard, validation, or defect repair in any custody-relevant path."
https://github.com/MyCryptoHQ/MyCrypto/pull/880,0.120,0,none,Pure field-rename for v3 signed-message format compatibility plus tests and tab relabels; verification logic is semantically unchanged and no custody-relevant defect is repaired.
https://github.com/MyCryptoHQ/MyCrypto/pull/1128,0.050,0,none,"Adds a null-guard to stop a UI rendering crash on unknown web3 providers plus a new provider icon and translation strings — a compatibility/feature change with no impact on keys, signing, or approvals"
https://github.com/MyCryptoHQ/MyCrypto/pull/2750,0.030,0,none,"Pure refactor of a browser feature-detection overlay to Modernizr plus a polyfill dependency swap, with no custody-relevant guard, validation, or key/signing path touched."
https://github.com/MyEtherWallet/MyEtherWallet/pull/4934,0.030,0,none,"Purely additive Rootstock Testnet network integration (node config, chain type, Ledger paths, RNS resolution) with no defect repaired or guard added — a feature PR, not a security fix."
https://github.com/MyEtherWallet/MyEtherWallet/pull/4454,0.050,0,none,"This is a Rootstock network integration feature (new network config, Ledger paths, EIP-1191 checksum support for the new chain), not a repair of any existing custody defect."
https://github.com/MyEtherWallet/MyEtherWallet/pull/1609,0.030,0,none,"Purely additive feature PR integrating the XWallet hardware-wallet option (new icon, UI menu entry, changelog, lockfile metadata) with no guard, validation, or custody-relevant defect repaired."
https://github.com/MyEtherWallet/MyEtherWallet/pull/96,0.050,0,none,"Feature PR adding MetaMask/web3-provider integration (new signing flow, modal UI, build-script null guards, lockfile churn) with no defect repaired in any custody-relevant path."
https://github.com/MyEtherWallet/MyEtherWallet/pull/2152,0.050,0,none,"Purely additive BitBox02 hardware-wallet feature integration (new dependency, UI modals, changelog) with no defect repaired in any existing custody path."
https://github.com/MyEtherWallet/MyEtherWallet/pull/1957,0.050,0,none,"Feature PR adding BitBox02 hardware wallet support (new UI components, new dependency, changelog); no defect is repaired and no guard or validation is added to an existing custody path."
https://github.com/MyEtherWallet/MyEtherWallet/pull/2163,0.100,0,none,Dependency bump of bitbox02-api plus re-adding lost UI modals and API-rename adaptation; no guard added and no custody-relevant defect repaired.
https://github.com/MyEtherWallet/MyEtherWallet/pull/938,0.100,0,none,Refactor replacing setInterval polling with MetaMask accountsChanged/networkChanged event listeners; no guard or validation added and no custody-relevant defect repaired.
https://github.com/MyEtherWallet/MyEtherWallet/pull/766,0.080,0,none,"Chrome 72 compatibility update adding firmware-version detection, toast error messages, and translations for the Secalot hardware wallet — no custody-relevant defect is repaired."
https://github.com/near/near-wallet/pull/3001,0.080,0,none,"Feature PR integrating the wallet-selector package into the migration flow plus dependency version bumps; no guard, validation, or defect repair is present despite touching account/key-export UI."
https://github.com/near/near-wallet/pull/2890,0.030,0,none,Adds Transak as a fiat on-ramp option with styling/formatting cleanup — a pure feature/UI change with no guard added or custody-relevant defect repaired.
https://github.com/near/near-wallet/pull/2737,0.050,0,none,Feature/integration fix that relaxes rel=noreferrer to noopener so UTORG receives the Referer header; no custody-relevant guard added or defect repaired.
https://github.com/near/near-wallet/pull/108,0.200,0,none,"V0 feature work wiring a contractId and permission descriptions into the login screen — no guard, validation, or defect repair, just new-flow UI scaffolding with TODOs remaining."
https://github.com/OneKeyHQ/app-monorepo/pull/11138,0.120,0,none,"Feature work adding multi-derive-path xpub fan-out and badge-result merging to the BTC/LTC Send flow; no defect in keys, signing, approvals, or transport is repaired."
https://github.com/OneKeyHQ/app-monorepo/pull/10119,0.030,0,none,"Feature addition of a Perps tab with watchlist/favorites sync in market UI/service code; no custody-relevant path (keys, signing, approvals, transport) is touched."
https://github.com/OneKeyHQ/app-monorepo/pull/7936,0.030,0,none,"Feature change adding Intercom support and a tone prop to a staking KYC dialog plus a popover demo and icon-size tweak, with no guard, validation, or custody-relevant defect repaired."
https://github.com/OneKeyHQ/app-monorepo/pull/322,0.050,0,none,"Build-script reordering, dependency hoisting, and UI/UX fixes (modal close, click-outside dropdown, rules-of-hooks refactor) for engine-extension integration, with no guard added or custody-relevant d"
https://github.com/OneKeyHQ/app-monorepo/pull/10289,0.030,0,none,"Adds a nightly CI harness workflow, .gitignore entry, and docs; no wallet source guard or custody-relevant defect is repaired."
https://github.com/OneKeyHQ/app-monorepo/pull/11817,0.300,0,none,"Fixes a cross-version compatibility defect where pre-6.4.0 receivers could not decrypt v2-format credential ciphertext even with the correct password; pre-fix data remained encrypted and no funds, key"
https://github.com/OneKeyHQ/app-monorepo/pull/10072,0.030,0,none,"Build-compatibility rename of the Workbox manifest injection token plus formatting-only JSX changes, with no custody-relevant logic touched."
https://github.com/OneKeyHQ/app-monorepo/pull/9616,0.030,0,none,"TypeScript 5.9 upgrade with compile-time-only casts and type annotations; no runtime behavior in crypto/signing paths changes, so no custody defect is repaired."
https://github.com/OneKeyHQ/app-monorepo/pull/9934,0.030,0,none,"CI-only change adding shell: bash to a cache-refresh workflow for cross-platform runner compatibility, with no custody-relevant code touched."
https://github.com/OneKeyHQ/app-monorepo/pull/9182,0.030,0,none,"Pure UI/responsive-layout refactor (import reorganization and foldable/tablet detection for media queries) with no custody-relevant guard, validation, or untrusted-input handling changed."
https://github.com/OneKeyHQ/app-monorepo/pull/9336,0.150,0,none,"SDK-compatibility fix that hardcodes constants for an approveAgent request payload plus i18n/UI display tweaks; the pre-fix defect breaks requests rather than granting any attacker funds, keys, or sig"
https://github.com/OneKeyHQ/app-monorepo/pull/8416,0.100,0,none,"Replaces a fail-closed chain-mismatch error with automatic chain switching and dynamic chain discovery for external-wallet compatibility — a feature/UX change plus dep bumps, with no exploitable pre-f"
https://github.com/OneKeyHQ/app-monorepo/pull/3997,0.040,0,none,"Pure build/tooling chore (yarn plugin, babel preset profile, cache paths, scripts) with no change to custody-relevant wallet code."
https://github.com/OneKeyHQ/app-monorepo/pull/1278,0.250,0,none,"Reworks eth_signTypedData param-order and V1/V4 version detection for dapp/WalletConnect compatibility; no guard is added and a malicious dapp gains no signing authority from the pre-fix behavior, whi"
https://github.com/OneKeyHQ/hardware-js-sdk/pull/724,0.030,0,none,"Purely additive feature work — a new hardware-wallet CLI package, USB transport, plugin manifest, and documentation — with no defect repaired or guard added in any custody-relevant code path."
https://github.com/OneKeyHQ/hardware-js-sdk/pull/674,0.030,0,none,"Adds device-compatibility test tooling and a firmware method-support doc in an example/test package; no shipping wallet code, guard, or custody-relevant defect is touched."
https://github.com/openfort-xyz/openfort-js/pull/99,0.080,0,none,"Feature-labeled SDK API migration and formatting cleanup in a sample app (auth callback moved to constructor, RecoveryMethod enum adoption) with no defect repaired in any custody-relevant path."
https://github.com/Foundation-Devices/passport2/pull/497,0.030,0,none,Adds a new Zeus wallet export option using existing Electrum/QR export code paths — a pure feature integration with no guard added or defect removed.
https://github.com/ACINQ/phoenix/pull/472,0.150,0,none,"Feature integration wiring iOS background keep-alive tasks to lightning-kmp SensitiveTaskEvents for reliability during in-flight payments/splices; no attacker-reachable defect in keys, signing, approv"
https://github.com/ACINQ/phoenix/pull/422,0.050,0,none,"Xcode 15 build compatibility workaround plus refactors and a network-monitor state-capture bugfix; no custody-relevant guard, key, signing, or validation path is changed."
https://github.com/RabbyHub/Rabby/pull/2831,0.050,0,none,"Feature addition registering the NGRAVE ZERO hardware wallet brand in constants and the import-list UI, with no guard added or defect repaired."
https://github.com/RabbyHub/Rabby/pull/887,0.120,0,none,"Compatibility fix — a first-party trezor-keyring version bump plus a rejection-flow flag tweak in the Ledger waiting UI; no guard added and no path to funds, keys, or signing authority."
https://github.com/RabbyHub/Rabby/pull/721,0.070,0,none,"The change only surfaces a proper rejection/error code when Ledger can't sign non-v4 typed data — an interop/error-propagation fix with no new guard and no path to funds, keys, or unauthorized signatu"
https://github.com/rainbow-me/rainbow/pull/6969,0.100,0,none,"Feature/design update to Polymarket sports UI plus removal of tick-size caching in a vendor patch; no guard, validation, key, signing, or approval logic is changed, so no custody-relevant defect is re"
https://github.com/rainbow-me/rainbow/pull/4185,0.030,0,none,"Purely additive UI/navigation scaffolding for a future Ledger pairing feature behind a default-off experimental flag, with no guards added or defects repaired."
https://github.com/rainbow-me/rainbow/pull/1529,0.050,0,none,"Feature PR integrating Imgix CDN image-URL signing and migrating FastImage to ImgixImage; 'signing' refers to image URLs, not transactions or keys, and no custody-relevant defect is repaired."
https://github.com/rainbow-me/rainbow/pull/1093,0.050,0,none,"Podfile.lock-only dependency version bumps (analytics, Firebase, camera pods, OpenSSL patch) with no wallet source defect repaired."
https://github.com/rainbow-me/rainbow/pull/3953,0.030,0,none,"Diff modifies only e2e Detox test specs supporting a hidden-NFTs-with-profiles feature; no wallet source, guard, or custody-relevant logic is changed."
https://github.com/rainbow-me/rainbow/pull/7332,0.030,0,none,"Rounds an internally-computed zIndex to an integer to satisfy the Fabric renderer, a UI crash/compatibility fix with no custody-relevant guard or attacker-reachable path."
https://github.com/rainbow-me/rainbowkit/pull/2385,0.050,0,none,Adds WalletConnect mobile support and QR onboarding copy to the MEW Wallet connector — a feature addition with no defect repaired and no custody-relevant guard added.
https://github.com/reown-com/appkit/pull/4560,0.050,0,none,Removes the Coinbase Pay onramp integration as a product simplification (feature/refactor); no guard or validation is added and no custody-relevant defect is repaired.
https://github.com/reown-com/appkit/pull/4220,0.100,0,none,"Feature change extending CloudAuthSIWX from EVM-only to Solana (adding a data field and CAIP-2 network handling), with no guard added or exploitable defect removed."
https://github.com/reown-com/appkit/pull/2122,0.050,0,none,Feature PR adding WalletConnect Names (ENS-like) lookup/registration controllers and UI components; no defect repaired and no guard or validation added to an existing custody path.
https://github.com/reown-com/appkit/pull/1725,0.030,0,none,"Feature PR adding Solana support (new packages, lab test components, config tweaks) with no defect repaired and no guard/validation added on any custody path."
https://github.com/reown-com/appkit/pull/1487,0.030,0,none,"Feature PR integrating the Coinbase Pay onramp SDK (new controller, UI stories, enableOnramp flags, CI dangerfile tweaks) with no guard added or exploitable defect removed in any custody-relevant path"
https://github.com/reown-com/appkit/pull/726,0.080,0,none,"Connector API-compat update adding pass-through options and callbacks for the Sequence SDK; no guard, validation, or custody-relevant defect is repaired."
https://github.com/reown-com/appkit/pull/508,0.030,0,none,"Adds Web3Auth as a new web3modal provider with docs, example page, and lockfile updates — a purely additive feature integration with no defect repaired."
https://github.com/reown-com/appkit/pull/389,0.030,0,none,"Adds Tally wallet detection metadata and logo to Web3Modal's injected-provider list — a pure feature addition with no guard, validation, or custody-relevant defect repaired."
https://github.com/reown-com/appkit/pull/250,0.030,0,none,"Adds WalletLink (Coinbase) as a new provider option with docs, logo, and example wiring — a pure feature integration, not a fix for any defect."
https://github.com/reown-com/appkit/pull/341,0.030,0,none,"Adds XDEFI to the injected-provider catalog (metadata + logo SVG) as a feature integration, with no guard, validation, or custody-relevant defect repaired."
https://github.com/reown-com/appkit/pull/81,0.030,0,none,Feature PR adding a Torus provider/connector to web3Connect with docs and example lockfile updates; no defect is repaired and no guard or validation is added.
https://github.com/rhinestonewtf/modulekit/pull/103,0.050,0,none,"Feature PR adding the ZeroDev Kernel dependency with lockfile and gas-benchmark updates; no guard, validation, or defect repair in custody-relevant code."
https://github.com/safe-fndn/safe-smart-account/pull/840,0.050,0,none,"Feature/infra backmerge (zksync support, yarn-to-npm, ethers v6, CI rewrite) with no guard added or custody defect repaired; the .env.sample key is a public hardhat test key."
https://github.com/safe-fndn/safe-smart-account/pull/572,0.100,0,none,"Replaces gasleft() with type(uint256).max purely for ERC-4337 bundler opcode compliance and adds an opt-in test module/harness; no guard is added and no pre-fix path exposed funds, keys, or signing au"
https://github.com/safe-fndn/safe-modules/pull/262,0.050,0,none,Replaces a mock test-only EntryPoint with the production one in integration tests and fixes default-value handling in a userOp builder helper; no production custody path is changed.
https://github.com/5afe/safe-react/pull/2308,0.620,1,contract,"Removes DELEGATE_CALL from Safe MultiSend spending-limit transactions, which would have executed AllowanceModule code in the Safe's storage context and could corrupt owner/module state, compromising s"
https://github.com/5afe/safe-react/pull/65,0.050,0,none,"The change is a feature integration (transaction-history service) plus CI/CD rework (Travis config, Docker test services, replacing surge with S3 deploy scripts) — no guard, validation, or custody-rel"
https://github.com/5afe/safe-react/pull/2445,0.200,0,none,"Feature PR adding Safe v1.3.0 compatibility (version-aware ABI/address loading and new chainId signing params required by the new contract version), not a repair of an exploitable defect in existing c"
https://github.com/5afe/safe-react/pull/184,0.040,0,none,"Feature PR adding mainnet build/deploy configurations and refactoring Etherscan link components; no guard added and no custody-relevant path (keys, signing, approvals, transport) is affected."
https://github.com/safe-global/safe-core-sdk/pull/1216,0.100,0,none,"Feature PR introducing mandatory API keys for Safe's hosted Transaction Service (a service-access/monetization change with CI and test updates), not a repair of any custody-relevant defect."
https://github.com/safe-global/safe-core-sdk/pull/740,0.050,0,none,This is a feat PR that consolidates fee estimation into createTransaction and adds init-code helpers for counterfactual Safe deployment — an API refactor/feature with no guard added or exploitable con
https://github.com/safe-global/safe-core-sdk/pull/556,0.050,0,none,"Feature PR adding EIP-1271 off-chain message support and renaming signTransactionHash to signHash; no pre-existing defect in keys, signing, or transport is repaired."
https://github.com/safe-global/safe-core-sdk/pull/372,0.030,0,none,New-feature PR adding a Monerium onramp pack and example client UI; it introduces functionality rather than repairing any custody-relevant defect.
https://github.com/safe-global/safe-core-sdk/pull/1033,0.080,0,none,"Feature PR adding React Native compatibility to Safe passkey signing (injectable credential getter, manual base64/ASN.1 decoding, optional deps) — no guard added or exploitable defect removed."
https://github.com/safe-global/safe-core-sdk/pull/836,0.050,0,none,Feature/refactor adding a SafeOperation-object overload to addSafeOperation and relocating types; no guard added or defect repaired despite touching signing-adjacent code.
https://github.com/safe-global/safe-core-sdk/pull/285,0.050,0,none,"Feature/compatibility work adding Safe v1.0.0 and v1.1.1 support (CI workflows, docs, dep bumps, type extensions) with no guard added or defect repaired."
https://github.com/safe-global/safe-core-sdk/pull/46,0.030,0,none,README-only documentation update for a new Web3/Ethers adapter feature; no executable wallet code or custody-relevant behavior changes.
https://github.com/safe-global/safe-wallet-monorepo/pull/8312,0.030,0,none,Adds manually-dispatched GitHub Actions workflows for Linear release tracking — CI/tooling configuration with no change to wallet code or any custody-relevant path.
https://github.com/safe-global/safe-wallet-monorepo/pull/7493,0.030,0,none,"Feature-flagged Tempo chain UI integration (hiding native token balances and fee text) plus cosmetic badge CSS fixes; no guard, validation, or custody-relevant defect is repaired."
https://github.com/safe-global/safe-wallet-monorepo/pull/7352,0.040,0,none,Feature addition integrating the Tempo chain via UI feature flags that hide native-token balances and fee displays; no defect repaired and no custody-relevant guard added.
https://github.com/safe-global/safe-wallet-monorepo/pull/6598,0.080,0,none,"Feature PR integrating Hypernative Guardian marketing/signup surfaces plus CI hooks, docs, and test cleanup — no defect in custody-relevant code is repaired."
https://github.com/safe-global/safe-wallet-monorepo/pull/6891,0.050,0,none,"Feature PR integrating the Hypernative threat-assessment API (new Redux API slice, hook data-shape refactor, README env docs, SVG tweaks) — it adds a defensive feature rather than repairing any exploi"
https://github.com/safe-global/safe-wallet-monorepo/pull/6788,0.030,0,none,"Adds Datadog RUM monitoring integration (CI env vars, sourcemap upload, docs) — a pure observability feature with no guard added or custody-relevant defect repaired."
https://github.com/safe-global/safe-wallet-monorepo/pull/6614,0.030,0,none,"Pure test/CI infrastructure (Storybook snapshot tests, workflow, docs, jest config) with no change to wallet source, key, signing, or transport code."
https://github.com/safe-global/safe-wallet-monorepo/pull/6624,0.030,0,none,"Adds a Calendly/HubSpot marketing integration plus git hooks, docs, Storybook config, and an SVG asset — a feature/tooling change with no custody-relevant code touched."
https://github.com/safe-global/safe-wallet-monorepo/pull/6008,0.030,0,none,"Pure feature addition of Firebase Analytics tracking (docs, hooks, Redux middleware) with no change to key, signing, approval, or transport logic — the security-sensitive subsystem flags come only fro"
https://github.com/safe-global/safe-wallet-monorepo/pull/4878,0.080,0,none,Feature PR adding Firebase/backend push-notification integration with routine dependency bumps and crypto-shim plumbing moved from layout into shim.js; no guard added or defect repaired.
https://github.com/safe-global/safe-wallet-monorepo/pull/4029,0.120,0,none,"Feature PR swapping the Redefine tx-scanning integration for BlockAid (env vars, imports, UI components, logo) — a vendor/feature change, not repair of a defect in the wallet's own code."
https://github.com/safe-global/safe-wallet-monorepo/pull/3869,0.050,0,none,"The change is a UX/design improvement for the Zodiac Roles integration — a minor dependency version bump plus a new SVG icon asset — with no guard, validation, or custody-relevant defect being repaire"
https://github.com/safe-global/safe-wallet-monorepo/pull/1270,0.100,0,none,"Feature PR integrating EIP-1271 off-chain signing via the safe-apps-sdk communicator (plus CI, asset, and dep changes), not a repair of an exploitable defect."
https://github.com/safe-global/safe-wallet-monorepo/pull/7112,0.030,0,none,"Revert of shadcn UI components, theme variables, and Figma/Claude skill docs — pure design-system and tooling rollback with no custody-relevant code paths touched."
https://github.com/safe-global/safe-wallet-monorepo/pull/1947,0.150,0,none,"Backward-compatibility feature gating off-chain EIP-1271 signing by dapp SDK version plus a user setting; it fixes broken signing interop for old dapps, not an exploitable defect in custody, signing, "
https://github.com/safe-global/safe-wallet-monorepo/pull/1417,0.120,0,none,"Adds a null-check so supportsEip1271 warns instead of erroring when a Safe lacks a compatibility fallback handler — a functionality/robustness fix (plus CI, dep, and image changes) with no custody imp"
https://github.com/safe-global/safe-wallet-monorepo/pull/1282,0.150,0,none,Refactor that sources the Compatibility Fallback Handler from safe-core-sdk instead of a manual deployments lookup; no attacker-triggerable defect is repaired and the resolved address still comes from
https://github.com/0xsequence/sequence.js/pull/568,0.050,0,none,"Backward-compatibility shim that unwraps JSON-RPC-enveloped results from older wallet versions — an interop/correctness fix with no guard added and no path to funds, keys, or signing authority."
https://github.com/anza-xyz/wallet-adapter/pull/275,0.050,0,none,"Revert of Webpack 5/CRA 5 Buffer/stream polyfills and package aliases that broke the example app — build compatibility plumbing with no guard, key, signing, or transport logic touched."
https://github.com/anza-xyz/wallet-adapter/pull/276,0.030,0,none,"Pure build-compatibility change (Node API polyfills, dependency reshuffling, yarn.lock) with no guard added or exploitable condition removed in any custody-relevant path."
https://github.com/cryptoadvance/specter-desktop/pull/1981,0.080,0,none,"Ordinary bugfix for a type/logic error in Specter's Swan auto-withdrawal address reservation that caused an API error; no attacker-triggerable path and no impact on funds, keys, or signing authority."
https://github.com/cryptoadvance/specter-desktop/pull/1517,0.050,0,none,"This PR introduces a new third-party Service integration framework (Swan Bitcoin) with docs and encrypted credential storage as a feature, repairing no pre-existing defect in keys, signing, or transpo"
https://github.com/cryptoadvance/specter-desktop/pull/1247,0.030,0,none,"Adds translator-onboarding documentation for a new Babel i18n feature; no wallet code, guards, or custody-relevant paths are changed."
https://github.com/cypherstack/stack_wallet/pull/1197,0.040,0,none,"Additive MimbleWimbleCoin feature integration (new submodule, Slatepack data models, UI status strings) with no guard added or defect repaired in any custody path."
https://github.com/cypherstack/stack_wallet/pull/1016,0.050,0,none,"Feature integration of MimbleWimbleCoin (new submodule, DB migration for the new coin, transaction display helpers) with no guard added or defect repaired in key, signing, or approval paths."
https://github.com/cypherstack/stack_wallet/pull/1084,0.030,0,none,"This is a feature PR adding initial Xelis coin support (new plugin, enum, restore UI, seed search) with no guard added or defect repaired."
https://github.com/status-im/status-app/pull/21272,0.120,0,none,Build-system migration from status-keycard-go to status-keycard-qt as part of a signing-popup feature PR; no defect repair or new guard on any custody path is shown.
https://github.com/status-im/status-app/pull/21231,0.250,0,none,"The change is a feature-style keycard-library migration (submodule/Makefile swap to status-keycard-qt) integrating a new authentication popup, with no evidence of a concrete pre-existing custody defec"
https://github.com/status-im/status-app/pull/21230,0.050,0,none,"Build-system migration from status-keycard-go to status-keycard-qt (submodule removal, Makefile/link changes) as part of a keycard settings feature, with no guard added or defect repaired."
https://github.com/status-im/status-app/pull/21281,0.080,0,none,"Build-system feature change swapping the keycard library backend (status-keycard-go removed in favor of status-keycard-qt) with no guard, validation, or defect repair in custody-relevant code."
https://github.com/status-im/status-app/pull/20214,0.030,0,none,Feature integration of a new chat input component plus a storybook demo page and removal of a mobile UI scale-factor hack; no custody-relevant guard or defect is touched.
https://github.com/status-im/status-app/pull/19899,0.030,0,none,The change is a cosmetic QML id rename (statusRoundButton→root) plus new empty-state PNG assets and UI copy removal — a refactor/UI cleanup with no guard added or custody-relevant path touched.
https://github.com/status-im/status-app/pull/19636,0.030,0,none,"Feature PR adding Linea chain constants, network icons, and explorer-name UI plumbing with no guard, validation, or custody-relevant defect repaired."
https://github.com/status-im/status-app/pull/17224,0.050,0,none,Onboarding/UX refactor of the Keychain API plus Storybook mock restructuring; no guard added or exploitable defect removed in shipped custody code.
https://github.com/status-im/status-app/pull/17330,0.120,0,none,Feature integration wiring biometric credential saving and keyUid/PIN signal plumbing into onboarding; no defect is repaired and no guard or validation is added.
https://github.com/status-im/status-app/pull/17045,0.050,0,none,"Feature-flagged integration of a new onboarding module (module selection, signal wiring, refactored startup lifecycle) with no defect repaired in key, signing, or transport handling."
https://github.com/status-im/status-app/pull/16219,0.040,0,none,"Feature integration that renames suggestedRoutesV2 RPCs and adds route-calculation cancellation plumbing plus an error-code constant sync, with no guard or custody-relevant defect repaired."
https://github.com/status-im/status-app/pull/16083,0.120,0,none,"Cherry-picked feature integration adding dApp-permission signal plumbing, metrics, keycard capacity helper, and CI restructuring, with no guard/validation added or exploitable defect removed."
https://github.com/status-im/status-app/pull/16064,0.220,0,none,"Integrates keycard signing into wallet-connect flows (fixing a functionality gap for keycard users), not repairing an exploitable defect — no pre-fix path exposed funds, keys, or signing authority."
https://github.com/status-im/status-app/pull/15388,0.120,0,none,Restores broken swap route fetching and sending after a status-go routerV2 API change — an integration/compatibility bug fix with no guard added and no attacker-reachable custody defect.
https://github.com/status-im/status-app/pull/15046,0.050,0,none,"Feature PR adding initial swap/approve transaction integration (new methods, Qt property plumbing, helper refactors) with no guard added or defect repaired."
https://github.com/status-im/status-app/pull/13127,0.050,0,none,"Feature/refactor migrating the activity-history UI to a session-based incremental-update API; no guard added and no custody-relevant path (keys, signing, approvals, transport) is touched."
https://github.com/status-im/status-app/pull/13886,0.030,0,none,"Feature PR adding profile showcase save models and limit getters in Status Desktop UI code, with no guard or validation change touching keys, signing, or any custody-relevant path."
https://github.com/status-im/status-app/pull/13472,0.030,0,none,"Test-only refactor of integration-test event-waiting helpers to match a session-based activity API change; no shipped wallet code, guards, or custody paths are touched."
https://github.com/status-im/status-app/pull/13263,0.030,0,none,"Test-only integration harness setup (README, test go.mod/go.sum dep bumps) plus a TODO comment in wallet source, with no behavioral change to custody-relevant code."
https://github.com/status-im/status-app/pull/12625,0.030,0,none,"Additive feature plumbing for community sharding (new types, model roles, Qt properties, pass-through calls) with no guard added or defect removed, and no custody-relevant path touched."
https://github.com/status-im/status-app/pull/12333,0.050,0,none,"Feature prototype integrating the WalletConnect SDK via a new WebView (build config, storybook page, env-var helper); it adds new surface rather than repairing any custody-relevant defect."
https://github.com/status-im/status-app/pull/11806,0.030,0,none,"Test-automation infrastructure change (Allure/TestRail integration, README and pytest config updates) touching no wallet source or custody-relevant code."
https://github.com/status-im/status-app/pull/8728,0.050,0,none,"Feature PR adding Celer cBridge support (new DTO field, routing branch, vendor bump) with no guard added or defect removed."
https://github.com/status-im/status-app/pull/8138,0.050,0,none,"Feature/refactor wiring a network service into UI modules to compute per-chain token balances for display; no guard, key, signing, or transport logic is touched."
https://github.com/status-im/status-app/pull/8356,0.030,0,none,"Adds a Storybook developer-tool feature (static Figma design links in QML); no custody-relevant code, guard, or untrusted-input path is touched."
https://github.com/status-im/status-app/pull/96,0.050,0,none,Feature PR adding a new onboarding/account-generation flow with refactoring and vendored deps; no defect is repaired and no guard or validation is added.
https://github.com/status-im/status-go/pull/7052,0.030,0,none,"New EFP social-following feature (new manager, API endpoints, tests) with no defect repaired and no custody-relevant path touched."
https://github.com/status-im/status-go/pull/6912,0.080,0,none,Breaking feature migration of token-list fetching to the wallet SDK with signature refactors and address-map restructuring; no defect repaired and no guard or validation added.
https://github.com/status-im/status-go/pull/6640,0.100,0,none,"Cross-cutting refactor that abstracts the go-ethereum keystore behind a new types.KeyStore interface and removes a deprecated bridge package, relocating existing checks without adding or repairing any"
https://github.com/status-im/status-go/pull/5940,0.030,0,none,"Feature/integration work wiring the nwaku submodule and relocating the Shard type, with code commented out for incremental re-enablement — no guard added or defect repaired in any custody-relevant pat"
https://github.com/status-im/status-go/pull/5426,0.150,0,none,"Feature PR integrating async router v2 with serialization refactors and minor functional fixes (JSON tag, tx-args cleanup); no guard added and no attacker-reachable path to funds, keys, or signing aut"
https://github.com/status-im/status-go/pull/5428,0.050,0,none,"Adds Jenkins CI pipeline, docker test harness, and a test-only HTTPVirtualHosts override for RPC integration tests; no guard is added to production paths and no custody-relevant defect is repaired."
https://github.com/status-im/status-go/pull/5334,0.030,0,none,"Test-infrastructure-only change separating anvil containers from integration tests using publicly known throwaway dev keys; no wallet source, custody path, or guard is modified."
https://github.com/status-im/status-go/pull/5302,0.030,0,none,"Adds an MVP pytest integration-test harness (docker-compose, anvil dev keys, test config, README) and a Go toolchain bump — pure test/CI infrastructure with no change to wallet source or custody-relev"
https://github.com/status-im/status-go/pull/4348,0.030,0,none,Adds only a new integration test file for message-sent tracking; no production wallet code or custody-relevant path is changed.
https://github.com/status-im/status-go/pull/3725,0.050,0,none,Adds a new fourbyte-signature lookup feature (GitHub source with fallback) for calldata decoding; no defect is repaired and no custody-relevant guard is added.
https://github.com/status-im/status-go/pull/3281,0.100,0,none,"Adds an optional build-tag-gated nimbus light-client proxy feature (new dep, Makefile targets, prototype RPC handler) rather than repairing any defect in custody-relevant code."
https://github.com/status-im/status-go/pull/2534,0.120,0,none,Adds new community-message encryption as a feature (plus generated bindata churn); no pre-existing custody defect is being repaired.
https://github.com/status-im/status-go/pull/2247,0.050,0,none,"Feature integration adding the go-waku (WakuV2) module with config/fleet scaffolding and identity-injection plumbing; no defect in keys, signing, or transport is being repaired."
https://github.com/status-im/status-go/pull/5325,0.030,0,none,Adds a JSON struct tag to restore the old 'bridgeName' wire field for client backward compatibility after a rename — a serialization compatibility chore with no guard added and no custody-relevant def
https://github.com/status-im/status-go/pull/858,0.200,0,none,Swaps custom HMAC/mnemonic salts for BIP-32/BIP-39 standard constants to achieve cross-wallet derivation compatibility; the old non-standard salts were interoperability-breaking but not exploitable or
https://github.com/status-im/status-legacy/pull/13928,0.030,0,none,"Revert of a test-only integration test and its mocks to stop CI segfaults; no production wallet code, keys, signing, or approval logic is touched."
https://github.com/status-im/status-legacy/pull/19965,0.030,0,none,"Build/CI fix pinning Go 1.19 for macOS integration-test builds plus a comment update; no key, signing, or transport code path is changed."
https://github.com/status-im/status-legacy/pull/5388,0.050,0,none,"Feature PR adding an extension hook system, a new dependency, and feature flags; no defect is repaired and the 'password' hit is just a parameter-type keyword in the hook schema."
https://github.com/status-im/status-legacy/pull/2481,0.030,0,none,"Test-only change that disables a flaky protocol test and adds a Whisper version sanity check; no wallet source, custody, or validation logic is touched."
https://github.com/status-im/status-legacy/pull/3750,0.050,0,none,"PR adds docker-based test infrastructure and a parameter-passing refactor in message preparation; no guard, validation, or custody-relevant defect is changed."
https://github.com/status-im/status-legacy/pull/5580,0.040,0,none,"Adds Google Breakpad crash-reporting integration (CI packaging, reportApp, exception handler wiring) — a diagnostics feature with no guard added or custody-relevant defect repaired."
https://github.com/status-im/status-legacy/pull/2483,0.040,0,none,"Re-frame idiom refactor of the social discover-feed data store (tags removed, schema v20 added) with no custody-relevant guard added or defect repaired."
https://github.com/status-im/status-legacy/pull/5472,0.050,0,none,"Config-only backport that repoints Rinkeby chat mailserver enode addresses to match Mainnet for interop, touching no key, signing, or approval paths."
https://github.com/status-im/status-legacy/pull/8488,0.050,0,none,This is a yarn.lock pin bump of the status-im react-native fork to fix an Android 6.x crash (missing java.util.Supplier in stdlib) — a compatibility/dependency fix with no custody-relevant defect in k
https://github.com/status-im/status-legacy/pull/6089,0.050,0,none,"Backward-compatibility fix for chat message transit serialization between app versions; no guard added and no custody-relevant path (keys, signing, approvals) is touched."
https://github.com/status-im/status-legacy/pull/4262,0.050,0,none,Dependency version bump of status-go plus regenerated test fixture accounts; no wallet-code defect repaired and no custody-relevant guard added.
https://github.com/status-im/status-legacy/pull/4263,0.050,0,none,Docs-only ADR proposing a BIP32/BIP39 compatibility change to standard derivation constants; no code change and no key-leak or signing defect is repaired.
https://github.com/Koniverse/SubWallet-Extension/pull/4749,0.030,0,none,"Pure i18n refactor swapping hardcoded label strings for translation keys in governance UI; no validation, signing, or custody logic changed."
https://github.com/Koniverse/SubWallet-Extension/pull/4436,0.050,0,none,"Pure UI polish (prop plumbing, CSS rename, extracted display component) after Bitcoin integration with no change to keys, signing, approvals, or any untrusted-input handling."
https://github.com/Koniverse/SubWallet-Extension/pull/4384,0.030,0,none,"Purely cosmetic/UI refactor after Bitcoin integration (logos, tooltips, sorting, styles) with no guard added or custody-relevant defect repaired."
https://github.com/Koniverse/SubWallet-Extension/pull/1504,0.100,0,none,"Feature PR adding Ledger EVM hardware-account support (new isEthereum keyring path, migration script, ethers v5→v6 bump) with no guard added or exploitable defect removed."
https://github.com/Koniverse/SubWallet-Extension/pull/565,0.150,0,none,"Feature addition integrating Acala Ledger support with accompanying UX network-filtering guardrails; no attacker-reachable defect in keys, signing, approvals, or transport is repaired."
https://github.com/MystenLabs/sui/pull/25360,0.030,0,none,Test-only PR adding a Display v2 Move fixture package and new JSON-RPC E2E tests; no production wallet/signing code is modified and no defect is repaired.
https://github.com/MystenLabs/sui/pull/25242,0.050,0,none,"Feature work integrating Display v2 into GraphQL (error-classification helpers, re-export, arg reorder, new E2E tests) with no custody-relevant guard added or defect repaired."
https://github.com/MystenLabs/sui/pull/25359,0.050,0,none,Test-only change updating an E2E depth-limit test fixture and snapshot for a JSONRPC-alt display feature integration; no wallet source defect is repaired and no custody path is touched.
https://github.com/MystenLabs/sui/pull/25240,0.050,0,none,"Adds a new Display Registry feature (module, genesis hook, migration caps, docs/snapshots) with no defect repaired and no custody-relevant path affected."
https://github.com/MystenLabs/sui/pull/24090,0.030,0,none,Adds test-only gRPC streaming integration/unit tests and test dependencies for an indexer framework; no production custody code path is modified.
https://github.com/MystenLabs/sui/pull/22874,0.050,0,none,"Feature integration PR: bumps sui-rust-sdk dependency rev and adds Move test fixtures for GetCoinInfo gRPC, with no guard, validation, or custody-relevant code change."
https://github.com/MystenLabs/sui/pull/22561,0.030,0,none,"Adds integration tests and a test-enabling refactor (constant moved to trait, DashMap in mock store) to an indexer pipeline with no custody-relevant behavior change."
https://github.com/MystenLabs/sui/pull/19422,0.030,0,none,"Feature PR adding Notion incident-tracking integration to an internal ops CLI (suiop-cli); no custody-relevant code (keys, signing, approvals, transport) is touched and no defect is repaired."
